,Unnamed: 0.2,Unnamed: 0.1,Unnamed: 0,Date,Symbol,OpenPrice,HighPrice,LowPrice,ClosePrice,High%,Low%,Close%,target_wrt_h&l%,stoploss_wrt_h&l%,profit_decider,Day,Month,Year,stploss,trgt,profit,cumsum,cumprod
0,0,0,0,2022-08-16,ITC,308.55,311.5,308.55,310.55,0.956,0.0,0.648,0.956,0.0,0.0,16,8,2022,0.02,2.0,0.628,0.628,1.00628
1,1,1,1,2022-08-17,ITC,311.7,313.25,311.0,312.55,0.497,-0.225,0.273,0.497,0.225,0.225,17,8,2022,0.02,2.0,-0.04,0.588,1.005877488
2,2,2,2,2022-08-18,ITC,313.0,316.0,312.6,315.65,0.958,-0.128,0.847,0.958,0.128,0.128,18,8,2022,0.02,2.0,-0.04,0.5479999999999999,1.0054751370048
3,3,3,3,2022-08-19,ITC,316.15,316.15,311.2,312.0,0.0,-1.566,-1.313,1.566,0.0,0.0,19,8,2022,0.02,2.0,1.293,1.8409999999999997,1.0184759305262723
4,4,4,4,2022-08-22,ITC,311.2,317.0,311.0,314.4,1.864,-0.064,1.028,1.864,0.064,0.064,22,8,2022,0.02,2.0,-0.04,1.8009999999999997,1.018068540154062
5,5,5,5,2022-08-23,ITC,312.95,316.0,312.1,315.9,0.975,-0.272,0.943,0.975,0.272,0.272,23,8,2022,0.02,2.0,-0.04,1.7609999999999997,1.0176613127380003
6,6,6,6,2022-08-24,ITC,315.75,319.45,313.05,314.1,1.172,-0.855,-0.523,1.172,0.855,0.855,24,8,2022,0.02,2.0,-0.04,1.7209999999999996,1.0172542482129052
7,7,7,7,2022-08-25,ITC,315.45,316.4,311.6,312.35,0.301,-1.22,-0.983,1.22,0.301,0.301,25,8,2022,0.02,2.0,-0.04,1.6809999999999996,1.01684734651362
8,8,8,8,2022-08-26,ITC,314.75,315.4,312.0,312.9,0.207,-0.874,-0.588,0.874,0.207,0.207,26,8,2022,0.02,2.0,-0.04,1.6409999999999996,1.0164406075750148
9,9,9,9,2022-08-29,ITC,310.0,314.95,308.85,313.55,1.597,-0.371,1.145,1.597,0.371,0.371,29,8,2022,0.02,2.0,-0.04,1.6009999999999995,1.0160340313319849
10,10,10,10,2022-08-30,ITC,314.25,321.4,314.25,320.5,2.275,0.0,1.989,2.275,0.0,0.0,30,8,2022,0.02,2.0,1.98,3.5809999999999995,1.0361515051523582
11,11,11,11,2022-09-01,ITC,319.5,321.9,316.0,317.6,0.751,-1.095,-0.595,1.095,0.751,0.751,1,9,2022,0.02,2.0,-0.04,3.5409999999999995,1.0357370445502974
12,12,12,12,2022-09-02,ITC,318.7,324.25,318.05,323.15,1.741,-0.204,1.396,1.741,0.204,0.204,2,9,2022,0.02,2.0,-0.04,3.5009999999999994,1.0353227497324773
13,13,13,13,2022-09-05,ITC,325.0,329.6,323.75,328.85,1.415,-0.385,1.185,1.415,0.385,0.385,5,9,2022,0.02,2.0,-0.04,3.4609999999999994,1.0349086206325844
14,14,14,14,2022-09-06,ITC,330.0,330.0,326.4,327.15,0.0,-1.091,-0.864,1.091,0.0,0.0,6,9,2022,0.02,2.0,0.844,4.305,1.0436432493907233
15,15,15,15,2022-09-07,ITC,326.0,328.3,325.25,326.1,0.706,-0.23,0.031,0.706,0.23,0.23,7,9,2022,0.02,2.0,-0.04,4.265,1.043225792090967
16,16,16,16,2022-09-08,ITC,329.0,330.6,327.5,329.9,0.486,-0.456,0.274,0.486,0.456,0.456,8,9,2022,0.02,2.0,-0.04,4.225,1.0428085017741309
17,17,17,17,2022-09-09,ITC,330.6,333.3,330.0,330.5,0.817,-0.181,-0.03,0.817,0.181,0.181,9,9,2022,0.02,2.0,-0.04,4.185,1.0423913783734213
18,18,18,18,2022-09-12,ITC,332.0,332.4,330.0,330.9,0.12,-0.602,-0.331,0.602,0.12,0.12,12,9,2022,0.02,2.0,-0.04,4.145,1.0419744218220721
19,19,19,19,2022-09-13,ITC,331.7,335.0,330.6,334.4,0.995,-0.332,0.814,0.995,0.332,0.332,13,9,2022,0.02,2.0,-0.04,4.1049999999999995,1.0415576320533433
20,20,20,20,2022-09-14,ITC,331.0,339.0,330.95,335.35,2.417,-0.015,1.314,2.417,0.015,0.015,14,9,2022,0.02,2.0,1.98,6.084999999999999,1.0621804731679996
21,21,21,21,2022-09-15,ITC,336.4,337.05,332.9,334.1,0.193,-1.04,-0.684,1.04,0.193,0.193,15,9,2022,0.02,2.0,-0.04,6.044999999999999,1.0617556009787323
22,22,22,22,2022-09-16,ITC,332.35,334.6,329.7,331.3,0.677,-0.797,-0.316,0.797,0.677,0.677,16,9,2022,0.02,2.0,-0.04,6.004999999999999,1.061330898738341
23,23,23,23,2022-09-19,ITC,329.1,336.9,329.1,335.6,2.37,0.0,1.975,2.37,0.0,0.0,19,9,2022,0.02,2.0,1.98,7.984999999999999,1.0823452505333602
24,24,24,24,2022-09-20,ITC,338.75,339.6,335.0,336.0,0.251,-1.107,-0.812,1.107,0.251,0.251,20,9,2022,0.02,2.0,-0.04,7.944999999999999,1.081912312433147
25,25,25,25,2022-09-21,ITC,336.0,345.2,335.5,340.95,2.738,-0.149,1.473,2.738,0.149,0.149,21,9,2022,0.02,2.0,-0.04,7.904999999999999,1.0814795475081738
26,26,26,26,2022-09-22,ITC,341.0,348.75,340.9,345.05,2.273,-0.029,1.188,2.273,0.029,0.029,22,9,2022,0.02,2.0,-0.04,7.864999999999999,1.0810469556891706
27,27,27,27,2022-09-23,ITC,347.5,349.55,343.3,346.4,0.59,-1.209,-0.317,1.209,0.59,0.59,23,9,2022,0.02,2.0,-0.04,7.824999999999999,1.0806145369068951
28,28,28,28,2022-09-26,ITC,344.85,345.95,331.75,332.6,0.319,-3.799,-3.552,3.799,0.319,0.319,26,9,2022,0.02,2.0,-0.04,7.784999999999999,1.0801822910921324
29,29,29,29,2022-09-27,ITC,335.0,339.55,334.0,334.85,1.358,-0.299,-0.045,1.358,0.299,0.299,27,9,2022,0.02,2.0,-0.04,7.744999999999999,1.0797502181756955
30,30,30,30,2022-09-28,ITC,331.95,333.3,324.3,324.95,0.407,-2.305,-2.109,2.305,0.407,0.407,28,9,2022,0.02,2.0,-0.04,7.704999999999999,1.0793183180884254
31,31,31,31,2022-09-29,ITC,329.0,334.9,327.75,333.05,1.793,-0.38,1.231,1.793,0.38,0.38,29,9,2022,0.02,2.0,-0.04,7.664999999999999,1.07888659076119
32,32,32,32,2022-09-30,ITC,333.05,335.75,330.15,332.2,0.811,-0.871,-0.255,0.871,0.811,0.811,30,9,2022,0.02,2.0,-0.04,7.624999999999999,1.0784550361248855
33,33,33,33,2022-10-03,ITC,332.2,332.2,332.2,332.2,0.0,0.0,0.0,0.0,0.0,0.0,3,10,2022,0.02,2.0,-0.02,7.6049999999999995,1.0782393451176606
34,34,34,34,2022-10-03,ITC,332.9,333.0,323.25,324.4,0.03,-2.899,-2.553,2.899,0.03,0.03,3,10,2022,0.02,2.0,-0.04,7.5649999999999995,1.0778080493796136
35,35,35,35,2022-10-04,ITC,328.7,334.0,328.0,332.85,1.612,-0.213,1.263,1.612,0.213,0.213,4,10,2022,0.02,2.0,-0.04,7.5249999999999995,1.0773769261598618
36,36,36,36,2022-10-06,ITC,335.0,339.3,332.55,336.65,1.284,-0.731,0.493,1.284,0.731,0.731,6,10,2022,0.02,2.0,-0.04,7.484999999999999,1.076945975389398
37,37,37,37,2022-10-07,ITC,336.8,336.85,331.3,334.1,0.015,-1.633,-0.802,1.633,0.015,0.015,7,10,2022,0.02,2.0,0.782,8.267,1.085367692916943
38,38,38,38,2022-10-10,ITC,330.0,331.45,326.05,327.85,0.439,-1.197,-0.652,1.197,0.439,0.439,10,10,2022,0.02,2.0,-0.04,8.227,1.0849335458397762
39,39,39,39,2022-10-11,ITC,327.85,327.85,327.85,327.85,0.0,0.0,0.0,0.0,0.0,0.0,11,10,2022,0.02,2.0,-0.02,8.207,1.0847165591306083
40,40,40,40,2022-10-11,ITC,329.0,330.45,325.1,326.3,0.441,-1.185,-0.821,1.185,0.441,0.441,11,10,2022,0.02,2.0,-0.04,8.167000000000002,1.084282672506956
41,41,41,41,2022-10-12,ITC,327.95,331.45,324.75,330.1,1.067,-0.976,0.656,1.067,0.976,0.976,12,10,2022,0.02,2.0,-0.04,8.127000000000002,1.0838489594379535
42,42,42,42,2022-10-13,ITC,329.95,331.3,328.0,328.65,0.409,-0.591,-0.394,0.591,0.409,0.409,13,10,2022,0.02,2.0,-0.04,8.087000000000003,1.0834154198541783
43,43,43,43,2022-10-14,ITC,332.3,333.9,330.85,332.1,0.481,-0.436,-0.06,0.481,0.436,0.436,14,10,2022,0.02,2.0,-0.04,8.047000000000004,1.0829820536862367
44,44,44,44,2022-10-17,ITC,331.1,334.75,329.6,332.25,1.102,-0.453,0.347,1.102,0.453,0.453,17,10,2022,0.02,2.0,-0.04,8.007000000000005,1.0825488608647622
45,45,45,45,2022-10-18,ITC,333.95,341.0,333.55,340.3,2.111,-0.12,1.901,2.111,0.12,0.12,18,10,2022,0.02,2.0,-0.04,7.967000000000005,1.0821158413204164
46,46,46,46,2022-10-19,ITC,343.1,347.45,339.8,346.35,1.268,-0.962,0.947,1.268,0.962,0.962,19,10,2022,0.02,2.0,-0.04,7.927000000000005,1.0816829949838882
47,47,47,47,2022-10-20,ITC,347.0,350.95,344.8,349.7,1.138,-0.634,0.778,1.138,0.634,0.634,20,10,2022,0.02,2.0,-0.04,7.887000000000005,1.0812503217858946
48,48,48,48,2022-10-21,ITC,353.2,353.2,344.5,345.6,0.0,-2.463,-2.152,2.463,0.0,0.0,21,10,2022,0.02,2.0,1.98,9.867000000000004,1.1026590781572554
49,49,49,49,2022-10-24,ITC,348.95,349.7,347.0,347.7,0.215,-0.559,-0.358,0.559,0.215,0.215,24,10,2022,0.02,2.0,-0.04,9.827000000000005,1.1022180145259926
50,50,50,50,2022-10-25,ITC,347.7,347.7,347.7,347.7,0.0,0.0,0.0,0.0,0.0,0.0,25,10,2022,0.02,2.0,-0.02,9.807000000000006,1.1019975709230874
51,51,51,51,2022-10-25,ITC,349.45,349.5,343.65,346.3,0.014,-1.66,-0.901,1.66,0.014,0.014,25,10,2022,0.02,2.0,0.881,10.688000000000006,1.1117061695229198
52,52,52,52,2022-10-27,ITC,346.65,348.35,343.85,345.8,0.49,-0.808,-0.245,0.808,0.49,0.49,27,10,2022,0.02,2.0,-0.04,10.648000000000007,1.1112614870551107
53,53,53,53,2022-10-28,ITC,347.55,348.6,345.1,345.8,0.302,-0.705,-0.504,0.705,0.302,0.302,28,10,2022,0.02,2.0,-0.04,10.608000000000008,1.1108169824602887
54,54,54,54,2022-10-31,ITC,348.0,350.5,344.75,348.7,0.718,-0.934,0.201,0.934,0.718,0.718,31,10,2022,0.02,2.0,-0.04,10.568000000000008,1.1103726556673046
55,55,55,55,2022-11-01,ITC,349.25,350.5,347.2,349.5,0.358,-0.587,0.072,0.587,0.358,0.358,1,11,2022,0.02,2.0,-0.04,10.52800000000001,1.1099285066050377
56,56,56,56,2022-11-02,ITC,348.5,356.25,348.5,354.65,2.224,0.0,1.765,2.224,0.0,0.0,2,11,2022,0.02,2.0,1.98,12.50800000000001,1.1319050910358175
57,57,57,57,2022-11-03,ITC,354.65,354.65,354.65,354.65,0.0,0.0,0.0,0.0,0.0,0.0,3,11,2022,0.02,2.0,-0.02,12.48800000000001,1.1316787100176104
58,58,58,58,2022-11-03,ITC,354.0,358.5,353.0,353.7,1.271,-0.282,-0.085,1.271,0.282,0.282,3,11,2022,0.02,2.0,-0.04,12.448000000000011,1.1312260385336035
59,59,59,59,2022-11-04,ITC,354.0,356.0,352.5,353.6,0.565,-0.424,-0.113,0.565,0.424,0.424,4,11,2022,0.02,2.0,-0.04,12.408000000000012,1.1307735481181902
60,60,60,60,2022-11-07,ITC,355.0,356.35,350.0,353.5,0.38,-1.408,-0.423,1.408,0.38,0.38,7,11,2022,0.02,2.0,-0.04,12.368000000000013,1.130321238698943
61,61,61,61,2022-11-09,ITC,353.5,361.45,353.2,360.7,2.249,-0.085,2.037,2.249,0.085,0.085,9,11,2022,0.02,2.0,-0.04,12.328000000000014,1.1298691102034635
62,62,62,62,2022-11-10,ITC,359.0,359.9,354.1,356.0,0.251,-1.365,-0.836,1.365,0.251,0.251,10,11,2022,0.02,2.0,-0.04,12.288000000000014,1.129417162559382
63,63,63,63,2022-11-11,ITC,360.0,360.95,354.65,356.35,0.264,-1.486,-1.014,1.486,0.264,0.264,11,11,2022,0.02,2.0,-0.04,12.248000000000015,1.1289653956943584
64,64,64,64,2022-11-14,ITC,356.35,356.35,356.35,356.35,0.0,0.0,0.0,0.0,0.0,0.0,14,11,2022,0.02,2.0,-0.02,12.228000000000016,1.1287396026152194
65,65,65,65,2022-11-14,ITC,356.35,356.95,346.6,347.2,0.168,-2.736,-2.568,2.736,0.168,0.168,14,11,2022,0.02,2.0,-0.04,12.188000000000017,1.1282881067741735
66,66,66,66,2022-11-15,ITC,348.95,348.95,339.15,345.25,0.0,-2.808,-1.06,2.808,0.0,0.0,15,11,2022,0.02,2.0,1.98,14.168000000000017,1.1506282112883022
67,67,67,67,2022-11-16,ITC,345.7,346.85,341.65,344.1,0.333,-1.172,-0.463,1.172,0.333,0.333,16,11,2022,0.02,2.0,-0.04,14.128000000000018,1.1501679600037868
68,68,68,68,2022-11-17,ITC,344.1,347.45,342.6,343.7,0.974,-0.436,-0.116,0.974,0.436,0.436,17,11,2022,0.02,2.0,-0.04,14.088000000000019,1.1497078928197855
69,69,69,69,2022-11-18,ITC,343.7,344.75,339.8,341.05,0.305,-1.135,-0.771,1.135,0.305,0.305,18,11,2022,0.02,2.0,-0.04,14.04800000000002,1.1492480096626576
70,70,70,70,2022-11-21,ITC,339.1,340.0,334.4,337.2,0.265,-1.386,-0.56,1.386,0.265,0.265,21,11,2022,0.02,2.0,-0.04,14.00800000000002,1.1487883104587926
71,71,71,71,2022-11-22,ITC,337.0,341.0,335.7,340.25,1.187,-0.386,0.964,1.187,0.386,0.386,22,11,2022,0.02,2.0,-0.04,13.968000000000021,1.148328795134609
72,72,72,72,2022-11-23,ITC,342.0,342.0,337.5,339.8,0.0,-1.316,-0.643,1.316,0.0,0.0,23,11,2022,0.02,2.0,0.623,14.59100000000002,1.1554828835282975
73,73,73,73,2022-11-24,ITC,339.8,342.5,337.55,340.75,0.795,-0.662,0.28,0.795,0.662,0.662,24,11,2022,0.02,2.0,-0.04,14.551000000000021,1.1550206903748863
74,74,74,74,2022-11-25,ITC,341.0,341.9,337.8,340.3,0.264,-0.938,-0.205,0.938,0.264,0.264,25,11,2022,0.02,2.0,-0.04,14.511000000000022,1.1545586820987364
75,75,75,75,2022-11-28,ITC,340.0,341.75,338.75,340.05,0.515,-0.368,0.015,0.515,0.368,0.368,28,11,2022,0.02,2.0,-0.04,14.471000000000023,1.1540968586258968
76,76,76,76,2022-11-29,ITC,340.0,345.0,340.0,342.3,1.471,0.0,0.676,1.471,0.0,0.0,29,11,2022,0.02,2.0,0.656,15.127000000000024,1.1616677340184827
77,77,77,77,2022-11-30,ITC,341.25,344.15,339.0,340.0,0.85,-0.659,-0.366,0.85,0.659,0.659,30,11,2022,0.02,2.0,-0.04,15.087000000000025,1.1612030669248754
78,78,78,78,2022-12-01,ITC,341.7,341.7,336.8,339.55,0.0,-1.434,-0.629,1.434,0.0,0.0,1,12,2022,0.02,2.0,0.609,15.696000000000025,1.1682747936024478
79,79,79,79,2022-12-02,ITC,339.35,340.8,336.75,337.15,0.427,-0.766,-0.648,0.766,0.427,0.427,2,12,2022,0.02,2.0,-0.04,15.656000000000025,1.167807483685007
80,80,80,80,2022-12-05,ITC,337.65,338.85,334.15,336.75,0.355,-1.037,-0.267,1.037,0.355,0.355,5,12,2022,0.02,2.0,-0.04,15.616000000000026,1.1673403606915331
81,81,81,81,2022-12-06,ITC,334.1,338.2,334.1,337.3,1.227,0.0,0.958,1.227,0.0,0.0,6,12,2022,0.02,2.0,0.938,16.554000000000027,1.1782900132748197
82,82,82,82,2022-12-07,ITC,338.5,341.5,336.65,340.1,0.886,-0.547,0.473,0.886,0.547,0.547,7,12,2022,0.02,2.0,-0.04,16.514000000000028,1.17781869726951
83,83,83,83,2022-12-08,ITC,340.2,342.15,337.5,338.4,0.573,-0.794,-0.529,0.794,0.573,0.573,8,12,2022,0.02,2.0,-0.04,16.47400000000003,1.1773475697906022
84,84,84,84,2022-12-09,ITC,339.75,342.5,338.0,341.4,0.809,-0.515,0.486,0.809,0.515,0.515,9,12,2022,0.02,2.0,-0.04,16.43400000000003,1.176876630762686
85,85,85,85,2022-12-12,ITC,341.0,344.0,340.1,343.2,0.88,-0.264,0.645,0.88,0.264,0.264,12,12,2022,0.02,2.0,-0.04,16.39400000000003,1.176405880110381
86,86,86,86,2022-12-13,ITC,344.5,346.0,342.4,345.6,0.435,-0.61,0.319,0.61,0.435,0.435,13,12,2022,0.02,2.0,-0.04,16.35400000000003,1.175935317758337
87,87,87,87,2022-12-14,ITC,346.0,347.35,343.75,345.4,0.39,-0.65,-0.173,0.65,0.39,0.39,14,12,2022,0.02,2.0,-0.04,16.314000000000032,1.1754649436312337
88,88,88,88,2022-12-15,ITC,344.75,346.1,338.0,338.85,0.392,-1.958,-1.711,1.958,0.392,0.392,15,12,2022,0.02,2.0,-0.04,16.274000000000033,1.1749947576537811
89,89,89,89,2022-12-16,ITC,337.5,338.9,331.3,335.1,0.415,-1.837,-0.711,1.837,0.415,0.415,16,12,2022,0.02,2.0,-0.04,16.234000000000034,1.1745247597507196
90,90,90,90,2022-12-19,ITC,336.8,342.35,335.35,340.5,1.648,-0.431,1.099,1.648,0.431,0.431,19,12,2022,0.02,2.0,-0.04,16.194000000000035,1.1740549498468194
91,91,91,91,2022-12-20,ITC,340.05,340.95,336.75,340.15,0.265,-0.97,0.029,0.97,0.265,0.265,20,12,2022,0.02,2.0,-0.04,16.154000000000035,1.1735853278668806
92,92,92,92,2022-12-21,ITC,341.0,341.25,334.5,335.15,0.073,-1.906,-1.716,1.906,0.073,0.073,21,12,2022,0.02,2.0,-0.04,16.114000000000036,1.173115893735734
93,93,93,93,2022-12-22,ITC,335.65,337.4,329.9,332.45,0.521,-1.713,-0.953,1.713,0.521,0.521,22,12,2022,0.02,2.0,-0.04,16.074000000000037,1.1726466473782398
94,94,94,94,2022-12-23,ITC,330.9,331.9,325.35,326.7,0.302,-1.677,-1.269,1.677,0.302,0.302,23,12,2022,0.02,2.0,-0.04,16.034000000000038,1.1721775887192885
95,95,95,95,2022-12-26,ITC,326.5,335.1,325.5,334.6,2.634,-0.306,2.481,2.634,0.306,0.306,26,12,2022,0.02,2.0,-0.04,15.994000000000039,1.1717087176838008
96,96,96,96,2022-12-27,ITC,335.6,336.4,330.15,333.15,0.238,-1.624,-0.73,1.624,0.238,0.238,27,12,2022,0.02,2.0,-0.04,15.95400000000004,1.1712400341967273
97,97,97,97,2022-12-28,ITC,332.85,335.0,331.5,334.4,0.646,-0.406,0.466,0.646,0.406,0.406,28,12,2022,0.02,2.0,-0.04,15.91400000000004,1.1707715381830486
98,98,98,98,2022-12-29,ITC,334.35,335.75,331.55,335.35,0.419,-0.837,0.299,0.837,0.419,0.419,29,12,2022,0.02,2.0,-0.04,15.874000000000041,1.1703032295677753
99,99,99,99,2022-12-30,ITC,335.4,336.75,330.5,331.55,0.403,-1.461,-1.148,1.461,0.403,0.403,30,12,2022,0.02,2.0,-0.04,15.834000000000042,1.1698351082759482
100,100,100,100,2023-01-02,ITC,330.9,334.0,329.65,332.85,0.937,-0.378,0.589,0.937,0.378,0.378,2,1,2023,0.02,2.0,-0.04,15.794000000000043,1.169367174232638
101,101,101,101,2023-01-03,ITC,331.5,333.35,330.25,331.1,0.558,-0.377,-0.121,0.558,0.377,0.377,3,1,2023,0.02,2.0,-0.04,15.754000000000044,1.168899427362945
102,102,102,102,2023-01-04,ITC,331.85,332.5,326.0,327.0,0.196,-1.763,-1.462,1.763,0.196,0.196,4,1,2023,0.02,2.0,-0.04,15.714000000000045,1.1684318675919998
103,103,103,103,2023-01-05,ITC,328.65,333.9,328.2,333.45,1.597,-0.137,1.461,1.597,0.137,0.137,5,1,2023,0.02,2.0,-0.04,15.674000000000046,1.167964494844963
104,104,104,104,2023-01-06,ITC,334.7,337.55,333.1,335.05,0.852,-0.478,0.105,0.852,0.478,0.478,6,1,2023,0.02,2.0,-0.04,15.634000000000047,1.167497309047025
105,105,105,105,2023-01-09,ITC,336.95,341.3,336.15,338.05,1.291,-0.237,0.326,1.291,0.237,0.237,9,1,2023,0.02,2.0,-0.04,15.594000000000047,1.1670303101234063
106,106,106,106,2023-01-10,ITC,337.9,338.4,332.55,333.4,0.148,-1.583,-1.332,1.583,0.148,0.148,10,1,2023,0.02,2.0,-0.04,15.554000000000048,1.1665634979993569
107,107,107,107,2023-01-11,ITC,335.1,335.1,331.3,331.8,0.0,-1.134,-0.985,1.134,0.0,0.0,11,1,2023,0.02,2.0,0.965,16.519000000000048,1.1778208357550506
108,108,108,108,2023-01-12,ITC,333.4,333.6,328.1,329.85,0.06,-1.59,-1.065,1.59,0.06,0.06,12,1,2023,0.02,2.0,-0.04,16.47900000000005,1.1773497074207486
109,109,109,109,2023-01-13,ITC,329.85,332.25,326.4,328.75,0.728,-1.046,-0.333,1.046,0.728,0.728,13,1,2023,0.02,2.0,-0.04,16.43900000000005,1.1768787675377803
110,110,110,110,2023-01-16,ITC,330.35,332.2,327.55,330.2,0.56,-0.848,-0.045,0.848,0.56,0.56,16,1,2023,0.02,2.0,-0.04,16.39900000000005,1.1764080160307653
111,111,111,111,2023-01-17,ITC,330.2,333.5,329.1,332.25,0.999,-0.333,0.621,0.999,0.333,0.333,17,1,2023,0.02,2.0,-0.04,16.35900000000005,1.1759374528243531
112,112,112,112,2023-01-18,ITC,334.0,336.55,332.4,334.65,0.763,-0.479,0.195,0.763,0.479,0.479,18,1,2023,0.02,2.0,-0.04,16.319000000000052,1.1754670778432235
113,113,113,113,2023-01-19,ITC,334.0,335.65,331.65,332.15,0.494,-0.704,-0.554,0.704,0.494,0.494,19,1,2023,0.02,2.0,-0.04,16.279000000000053,1.1749968910120863
114,114,114,114,2023-01-20,ITC,332.0,335.2,329.25,334.6,0.964,-0.828,0.783,0.964,0.828,0.828,20,1,2023,0.02,2.0,-0.04,16.239000000000054,1.1745268922556815
115,115,115,115,2023-01-23,ITC,336.0,338.15,333.05,337.75,0.64,-0.878,0.521,0.878,0.64,0.64,23,1,2023,0.02,2.0,-0.04,16.199000000000055,1.1740570814987794
116,116,116,116,2023-01-24,ITC,337.8,340.75,337.6,338.95,0.873,-0.059,0.34,0.873,0.059,0.059,24,1,2023,0.02,2.0,-0.04,16.159000000000056,1.1735874586661799
117,117,117,117,2023-01-25,ITC,338.9,341.0,335.25,339.25,0.62,-1.077,0.103,1.077,0.62,0.62,25,1,2023,0.02,2.0,-0.04,16.119000000000057,1.1731180236827135
118,118,118,118,2023-01-27,ITC,341.8,348.85,341.5,346.0,2.063,-0.088,1.229,2.063,0.088,0.088,27,1,2023,0.02,2.0,-0.04,16.079000000000057,1.1726487764732405
119,119,119,119,2023-01-30,ITC,346.9,351.75,341.85,344.8,1.398,-1.456,-0.605,1.456,1.398,1.398,30,1,2023,0.02,2.0,-0.04,16.03900000000006,1.1721797169626513
120,120,120,120,2023-01-31,ITC,346.0,355.0,341.05,352.35,2.601,-1.431,1.835,2.601,1.431,1.431,31,1,2023,0.02,2.0,-0.04,15.99900000000006,1.1717108450758664
121,121,121,121,2023-02-01,ITC,353.0,365.7,329.1,361.4,3.598,-6.771,2.38,6.771,3.598,3.598,1,2,2023,0.02,2.0,-0.04,15.95900000000006,1.171242160737836
122,122,122,122,2023-02-02,ITC,361.6,384.7,360.4,378.6,6.388,-0.332,4.701,6.388,0.332,0.332,2,2,2023,0.02,2.0,-0.04,15.91900000000006,1.1707736638735409
123,123,123,123,2023-02-03,ITC,381.9,382.25,372.0,380.65,0.092,-2.592,-0.327,2.592,0.092,0.092,3,2,2023,0.02,2.0,-0.04,15.879000000000062,1.1703053544079915
124,124,124,124,2023-02-06,ITC,382.5,388.2,379.6,383.4,1.49,-0.758,0.235,1.49,0.758,0.758,6,2,2023,0.02,2.0,-0.04,15.839000000000063,1.1698372322662285
125,125,125,125,2023-02-07,ITC,383.9,383.9,368.45,373.25,0.0,-4.024,-2.774,4.024,0.0,0.0,7,2,2023,0.02,2.0,1.98,17.819000000000063,1.1930000094650999
126,126,126,126,2023-02-08,ITC,374.75,377.3,371.55,375.55,0.68,-0.854,0.213,0.854,0.68,0.68,8,2,2023,0.02,2.0,-0.04,17.779000000000064,1.1925228094613138
127,127,127,127,2023-02-09,ITC,374.0,380.0,372.15,374.25,1.604,-0.495,0.067,1.604,0.495,0.495,9,2,2023,0.02,2.0,-0.04,17.739000000000065,1.1920458003375294
128,128,128,128,2023-02-10,ITC,372.2,376.95,370.3,371.35,1.276,-0.51,-0.228,1.276,0.51,0.51,10,2,2023,0.02,2.0,-0.04,17.699000000000066,1.1915689820173945
129,129,129,129,2023-02-13,ITC,373.0,375.15,370.0,374.2,0.576,-0.804,0.322,0.804,0.576,0.576,13,2,2023,0.02,2.0,-0.04,17.659000000000066,1.1910923544245875
130,130,130,130,2023-02-14,ITC,375.0,387.65,373.75,386.45,3.373,-0.333,3.053,3.373,0.333,0.333,14,2,2023,0.02,2.0,-0.04,17.619000000000067,1.1906159174828177
131,131,131,131,2023-02-15,ITC,381.75,382.85,378.55,382.2,0.288,-0.838,0.118,0.838,0.288,0.288,15,2,2023,0.02,2.0,-0.04,17.579000000000068,1.1901396711158245
132,132,132,132,2023-02-16,ITC,382.0,385.25,381.0,382.55,0.851,-0.262,0.144,0.851,0.262,0.262,16,2,2023,0.02,2.0,-0.04,17.53900000000007,1.1896636152473783
133,133,133,133,2023-02-17,ITC,381.05,384.55,379.25,383.4,0.919,-0.472,0.617,0.919,0.472,0.472,17,2,2023,0.02,2.0,-0.04,17.49900000000007,1.1891877498012795
134,134,134,134,2023-02-20,ITC,384.7,387.5,381.3,384.05,0.728,-0.884,-0.169,0.884,0.728,0.728,20,2,2023,0.02,2.0,-0.04,17.45900000000007,1.188712074701359
135,135,135,135,2023-02-21,ITC,385.0,385.9,381.7,382.25,0.234,-0.857,-0.714,0.857,0.234,0.234,21,2,2023,0.02,2.0,-0.04,17.41900000000007,1.1882365898714786
136,136,136,136,2023-02-22,ITC,382.0,384.9,380.0,383.85,0.759,-0.524,0.484,0.759,0.524,0.524,22,2,2023,0.02,2.0,-0.04,17.379000000000072,1.18776129523553
137,137,137,137,2023-02-23,ITC,384.45,394.0,383.1,387.6,2.484,-0.351,0.819,2.484,0.351,0.351,23,2,2023,0.02,2.0,-0.04,17.339000000000073,1.187286190717436
138,138,138,138,2023-02-24,ITC,389.0,389.0,381.0,385.1,0.0,-2.057,-1.003,2.057,0.0,0.0,24,2,2023,0.02,2.0,1.98,19.319000000000074,1.210794457293641
139,139,139,139,2023-02-27,ITC,385.1,386.8,378.1,382.2,0.441,-1.818,-0.753,1.818,0.441,0.441,27,2,2023,0.02,2.0,-0.04,19.279000000000075,1.2103101395107236
140,140,140,140,2023-02-28,ITC,382.5,384.25,375.0,376.7,0.458,-1.961,-1.516,1.961,0.458,0.458,28,2,2023,0.02,2.0,-0.04,19.239000000000075,1.2098260154549194
141,141,141,141,2023-03-01,ITC,374.25,380.4,373.6,378.7,1.643,-0.174,1.189,1.643,0.174,0.174,1,3,2023,0.02,2.0,-0.04,19.199000000000076,1.2093420850487375
142,142,142,142,2023-03-02,ITC,379.5,379.75,374.7,375.55,0.066,-1.265,-1.041,1.265,0.066,0.066,2,3,2023,0.02,2.0,-0.04,19.159000000000077,1.2088583482147182
143,143,143,143,2023-03-03,ITC,377.0,385.4,376.1,384.95,2.228,-0.239,2.109,2.228,0.239,0.239,3,3,2023,0.02,2.0,-0.04,19.119000000000078,1.2083748048754324
144,144,144,144,2023-03-06,ITC,385.9,392.5,385.25,388.15,1.71,-0.168,0.583,1.71,0.168,0.168,6,3,2023,0.02,2.0,-0.04,19.07900000000008,1.2078914549534823
145,145,145,145,2023-03-08,ITC,388.0,393.15,385.1,392.4,1.327,-0.747,1.134,1.327,0.747,0.747,8,3,2023,0.02,2.0,-0.04,19.03900000000008,1.2074082983715009
146,146,146,146,2023-03-09,ITC,392.1,393.6,385.65,387.5,0.383,-1.645,-1.173,1.645,0.383,0.383,9,3,2023,0.02,2.0,-0.04,18.99900000000008,1.2069253350521523
147,147,147,147,2023-03-10,ITC,386.95,390.2,383.5,388.0,0.84,-0.892,0.271,0.892,0.84,0.84,10,3,2023,0.02,2.0,-0.04,18.95900000000008,1.2064425649181314
148,148,148,148,2023-03-13,ITC,389.2,390.9,382.5,383.65,0.437,-1.721,-1.426,1.721,0.437,0.437,13,3,2023,0.02,2.0,-0.04,18.919000000000082,1.2059599878921643
149,149,149,149,2023-03-14,ITC,385.7,386.45,377.2,379.7,0.194,-2.204,-1.556,2.204,0.194,0.194,14,3,2023,0.02,2.0,-0.04,18.879000000000083,1.2054776038970074
150,150,150,150,2023-03-15,ITC,381.0,384.3,378.0,379.4,0.866,-0.787,-0.42,0.866,0.787,0.787,15,3,2023,0.02,2.0,-0.04,18.839000000000084,1.2049954128554488
151,151,151,151,2023-03-16,ITC,380.6,382.35,376.85,381.45,0.46,-0.985,0.223,0.985,0.46,0.46,16,3,2023,0.02,2.0,-0.04,18.799000000000085,1.2045134146903067
152,152,152,152,2023-03-17,ITC,385.0,385.0,369.65,375.55,0.0,-3.987,-2.455,3.987,0.0,0.0,17,3,2023,0.02,2.0,1.98,20.779000000000085,1.2283627803011747
153,153,153,153,2023-03-20,ITC,373.3,379.35,372.0,378.8,1.621,-0.348,1.473,1.621,0.348,0.348,20,3,2023,0.02,2.0,-0.04,20.739000000000086,1.2278714351890543
154,154,154,154,2023-03-21,ITC,378.8,378.8,374.05,376.95,0.0,-1.254,-0.488,1.254,0.0,0.0,21,3,2023,0.02,2.0,0.4679999999999999,21.207000000000086,1.233617873505739
155,155,155,155,2023-03-22,ITC,376.95,378.85,374.2,377.75,0.504,-0.73,0.212,0.73,0.504,0.504,22,3,2023,0.02,2.0,-0.04,21.167000000000087,1.2331244263563368
156,156,156,156,2023-03-23,ITC,377.0,382.75,374.4,380.65,1.525,-0.69,0.968,1.525,0.69,0.69,23,3,2023,0.02,2.0,-0.04,21.127000000000088,1.2326311765857942
157,157,157,157,2023-03-24,ITC,381.5,383.0,378.0,378.7,0.393,-0.917,-0.734,0.917,0.393,0.393,24,3,2023,0.02,2.0,-0.04,21.08700000000009,1.2321381241151599
158,158,158,158,2023-03-27,ITC,377.95,384.4,376.35,380.2,1.707,-0.423,0.595,1.707,0.423,0.423,27,3,2023,0.02,2.0,-0.04,21.04700000000009,1.231645268865514
159,159,159,159,2023-03-28,ITC,380.2,382.35,378.15,379.75,0.565,-0.539,-0.118,0.565,0.539,0.539,28,3,2023,0.02,2.0,-0.04,21.00700000000009,1.2311526107579678
160,160,160,160,2023-03-29,ITC,380.2,384.0,377.15,382.75,0.999,-0.802,0.671,0.999,0.802,0.802,29,3,2023,0.02,2.0,-0.04,20.96700000000009,1.2306601497136647
161,161,161,161,2023-03-31,ITC,382.0,384.5,380.0,383.5,0.654,-0.524,0.393,0.654,0.524,0.524,31,3,2023,0.02,2.0,-0.04,20.927000000000092,1.2301678856537792
162,162,162,162,2023-04-03,ITC,384.0,384.0,378.5,378.9,0.0,-1.432,-1.328,1.432,0.0,0.0,3,4,2023,0.02,2.0,1.308,22.235000000000092,1.2462584815981306
163,163,163,163,2023-04-05,ITC,378.9,387.05,378.9,386.4,2.151,0.0,1.979,2.151,0.0,0.0,5,4,2023,0.02,2.0,1.98,24.215000000000092,1.2709343995337736
164,164,164,164,2023-04-06,ITC,386.65,390.3,384.2,387.35,0.944,-0.634,0.181,0.944,0.634,0.634,6,4,2023,0.02,2.0,-0.04,24.175000000000093,1.2704260257739601
165,165,165,165,2023-04-10,ITC,387.35,390.0,384.75,388.55,0.684,-0.671,0.31,0.684,0.671,0.671,10,4,2023,0.02,2.0,-0.04,24.135000000000094,1.2699178553636505
166,166,166,166,2023-04-11,ITC,388.55,398.1,388.0,396.0,2.458,-0.142,1.917,2.458,0.142,0.142,11,4,2023,0.02,2.0,-0.04,24.095000000000095,1.2694098882215052
167,167,167,167,2023-04-12,ITC,397.75,397.8,392.1,393.55,0.013,-1.42,-1.056,1.42,0.013,0.013,12,4,2023,0.02,2.0,1.036,25.131000000000096,1.2825609746634798
168,168,168,168,2023-04-13,ITC,395.5,396.6,393.7,395.6,0.278,-0.455,0.025,0.455,0.278,0.278,13,4,2023,0.02,2.0,-0.04,25.091000000000097,1.2820479502736144
169,169,169,169,2023-04-17,ITC,392.9,402.0,392.9,400.15,2.316,0.0,1.845,2.316,0.0,0.0,17,4,2023,0.02,2.0,1.98,27.071000000000097,1.307432499689032
170,170,170,170,2023-04-18,ITC,400.0,402.0,397.0,398.5,0.5,-0.75,-0.375,0.75,0.5,0.5,18,4,2023,0.02,2.0,-0.04,27.0310000000001,1.3069095266891566
171,171,171,171,2023-04-19,ITC,396.05,401.35,396.0,398.75,1.338,-0.013,0.682,1.338,0.013,0.013,19,4,2023,0.02,2.0,0.662,27.693000000000097,1.3155612677558388
172,172,172,172,2023-04-20,ITC,400.0,402.65,397.7,400.3,0.662,-0.575,0.075,0.662,0.575,0.575,20,4,2023,0.02,2.0,-0.04,27.653000000000098,1.3150350432487365
173,173,173,173,2023-04-21,ITC,400.3,409.0,399.05,408.25,2.173,-0.312,1.986,2.173,0.312,0.312,21,4,2023,0.02,2.0,-0.04,27.6130000000001,1.3145090292314372
174,174,174,174,2023-04-24,ITC,410.0,410.0,404.2,408.7,0.0,-1.415,-0.317,1.415,0.0,0.0,24,4,2023,0.02,2.0,0.297,27.9100000000001,1.3184131210482544
175,175,175,175,2023-04-25,ITC,408.7,413.55,407.4,411.55,1.187,-0.318,0.697,1.187,0.318,0.318,25,4,2023,0.02,2.0,-0.04,27.8700000000001,1.3178857557998351
176,176,176,176,2023-04-26,ITC,412.0,413.0,409.05,412.25,0.243,-0.716,0.061,0.716,0.243,0.243,26,4,2023,0.02,2.0,-0.04,27.8300000000001,1.3173586014975152
177,177,177,177,2023-04-27,ITC,412.2,417.4,411.0,416.0,1.262,-0.291,0.922,1.262,0.291,0.291,27,4,2023,0.02,2.0,-0.04,27.790000000000102,1.3168316580569162
178,178,178,178,2023-04-28,ITC,418.0,428.25,413.7,425.55,2.452,-1.029,1.806,2.452,1.029,1.029,28,4,2023,0.02,2.0,-0.04,27.750000000000103,1.3163049253936934
179,179,179,179,2023-05-02,ITC,426.0,427.0,421.2,424.45,0.235,-1.127,-0.364,1.127,0.235,0.235,2,5,2023,0.02,2.0,-0.04,27.710000000000104,1.315778403423536
180,180,180,180,2023-05-03,ITC,424.0,428.5,422.05,427.15,1.061,-0.46,0.743,1.061,0.46,0.46,3,5,2023,0.02,2.0,-0.04,27.670000000000105,1.3152520920621666
181,181,181,181,2023-05-04,ITC,425.3,427.0,424.0,424.6,0.4,-0.306,-0.165,0.4,0.306,0.306,4,5,2023,0.02,2.0,-0.04,27.630000000000106,1.3147259912253417
182,182,182,182,2023-05-05,ITC,425.95,431.9,424.35,428.75,1.397,-0.376,0.657,1.397,0.376,0.376,5,5,2023,0.02,2.0,-0.04,27.590000000000106,1.3142001008288517
183,183,183,183,2023-05-08,ITC,431.0,433.45,429.35,431.45,0.568,-0.383,0.104,0.568,0.383,0.383,8,5,2023,0.02,2.0,-0.04,27.550000000000107,1.3136744207885203
184,184,184,184,2023-05-09,ITC,432.8,433.15,421.5,423.8,0.081,-2.611,-2.079,2.611,0.081,0.081,9,5,2023,0.02,2.0,-0.04,27.510000000000108,1.313148951020205
185,185,185,185,2023-05-10,ITC,423.95,426.35,422.2,425.35,0.566,-0.413,0.33,0.566,0.413,0.413,10,5,2023,0.02,2.0,-0.04,27.47000000000011,1.312623691439797
186,186,186,186,2023-05-11,ITC,427.25,427.4,418.9,420.4,0.035,-1.954,-1.603,1.954,0.035,0.035,11,5,2023,0.02,2.0,-0.04,27.43000000000011,1.3120986419632212
187,187,187,187,2023-05-12,ITC,420.4,422.7,416.05,420.45,0.547,-1.035,0.012,1.035,0.547,0.547,12,5,2023,0.02,2.0,-0.04,27.39000000000011,1.311573802506436
188,188,188,188,2023-05-15,ITC,420.0,428.7,419.05,427.8,2.071,-0.226,1.857,2.071,0.226,0.226,15,5,2023,0.02,2.0,-0.04,27.35000000000011,1.3110491729854337
189,189,189,189,2023-05-16,ITC,430.0,430.0,423.5,423.95,0.0,-1.512,-1.407,1.512,0.0,0.0,16,5,2023,0.02,2.0,1.387,28.737000000000112,1.3292334250147417
190,190,190,190,2023-05-17,ITC,424.15,428.95,422.6,427.6,1.132,-0.365,0.813,1.132,0.365,0.365,17,5,2023,0.02,2.0,-0.04,28.697000000000113,1.3287017316447358
191,191,191,191,2023-05-18,ITC,430.0,432.45,418.1,419.7,0.57,-2.767,-2.395,2.767,0.57,0.57,18,5,2023,0.02,2.0,-0.04,28.657000000000114,1.328170250952078
192,192,192,192,2023-05-19,ITC,420.95,423.1,411.35,419.85,0.511,-2.281,-0.261,2.281,0.511,0.511,19,5,2023,0.02,2.0,-0.04,28.617000000000115,1.3276389828516972
193,193,193,193,2023-05-22,ITC,421.95,425.75,419.1,424.75,0.901,-0.675,0.664,0.901,0.675,0.675,22,5,2023,0.02,2.0,-0.04,28.577000000000115,1.3271079272585566
194,194,194,194,2023-05-23,ITC,426.0,431.2,424.2,429.15,1.221,-0.423,0.739,1.221,0.423,0.423,23,5,2023,0.02,2.0,-0.04,28.537000000000116,1.3265770840876532
195,195,195,195,2023-05-24,ITC,428.3,434.75,427.0,433.5,1.506,-0.304,1.214,1.506,0.304,0.304,24,5,2023,0.02,2.0,-0.04,28.497000000000117,1.3260464532540182
196,196,196,196,2023-05-25,ITC,436.95,442.45,434.8,441.15,1.259,-0.492,0.961,1.259,0.492,0.492,25,5,2023,0.02,2.0,-0.04,28.457000000000118,1.3255160346727166
197,197,197,197,2023-05-26,ITC,443.4,444.75,439.5,443.6,0.304,-0.88,0.045,0.88,0.304,0.304,26,5,2023,0.02,2.0,-0.04,28.41700000000012,1.3249858282588476
198,198,198,198,2023-05-29,ITC,445.0,451.8,444.1,449.1,1.528,-0.202,0.921,1.528,0.202,0.202,29,5,2023,0.02,2.0,-0.04,28.37700000000012,1.324455833927544
199,199,199,199,2023-05-30,ITC,441.0,451.45,441.0,449.9,2.37,0.0,2.018,2.37,0.0,0.0,30,5,2023,0.02,2.0,1.98,30.35700000000012,1.3506800594393096
200,200,200,200,2023-05-31,ITC,449.3,452.0,442.45,445.5,0.601,-1.525,-0.846,1.525,0.601,0.601,31,5,2023,0.02,2.0,-0.04,30.31700000000012,1.3501397874155339
201,201,201,201,2023-06-01,ITC,447.0,447.0,439.0,439.7,0.0,-1.79,-1.633,1.79,0.0,0.0,1,6,2023,0.02,2.0,1.613,31.93000000000012,1.3719175421865464
202,202,202,202,2023-06-02,ITC,440.0,444.9,439.8,443.4,1.114,-0.045,0.773,1.114,0.045,0.045,2,6,2023,0.02,2.0,-0.04,31.89000000000012,1.371368775169672
203,203,203,203,2023-06-05,ITC,445.0,446.85,440.1,440.65,0.416,-1.101,-0.978,1.101,0.416,0.416,5,6,2023,0.02,2.0,-0.04,31.850000000000122,1.3708202276596042
204,204,204,204,2023-06-06,ITC,440.8,443.6,440.4,442.8,0.635,-0.091,0.454,0.635,0.091,0.091,6,6,2023,0.02,2.0,-0.04,31.810000000000123,1.3702718995685403
205,205,205,205,2023-06-07,ITC,444.0,445.65,442.75,443.95,0.372,-0.282,-0.011,0.372,0.282,0.282,7,6,2023,0.02,2.0,-0.04,31.770000000000124,1.369723790808713
206,206,206,206,2023-06-08,ITC,445.7,445.75,441.9,442.9,0.011,-0.853,-0.628,0.853,0.011,0.011,8,6,2023,0.02,2.0,0.608,32.37800000000012,1.37805171145683
207,207,207,207,2023-06-09,ITC,435.15,444.7,435.15,438.45,2.195,0.0,0.758,2.195,0.0,0.0,9,6,2023,0.02,2.0,1.98,34.35800000000012,1.4053371353436752
208,208,208,208,2023-06-12,ITC,440.0,440.95,433.85,436.95,0.216,-1.398,-0.693,1.398,0.216,0.216,12,6,2023,0.02,2.0,-0.04,34.31800000000012,1.4047750004895379
209,209,209,209,2023-06-13,ITC,441.0,446.4,438.3,445.4,1.224,-0.612,0.998,1.224,0.612,0.612,13,6,2023,0.02,2.0,-0.04,34.27800000000012,1.4042130904893422
210,210,210,210,2023-06-14,ITC,446.25,447.75,443.75,444.5,0.336,-0.56,-0.392,0.56,0.336,0.336,14,6,2023,0.02,2.0,-0.04,34.23800000000012,1.4036514052531466
211,211,211,211,2023-06-15,ITC,445.0,448.75,444.75,448.1,0.843,-0.056,0.697,0.843,0.056,0.056,15,6,2023,0.02,2.0,-0.04,34.19800000000012,1.4030899446910454
212,212,212,212,2023-06-16,ITC,449.0,455.6,447.9,453.1,1.47,-0.245,0.913,1.47,0.245,0.245,16,6,2023,0.02,2.0,-0.04,34.15800000000012,1.402528708713169
213,213,213,213,2023-06-19,ITC,454.75,455.9,452.25,453.6,0.253,-0.55,-0.253,0.55,0.253,0.253,19,6,2023,0.02,2.0,-0.04,34.11800000000012,1.4019676972296837
214,214,214,214,2023-06-20,ITC,454.8,454.8,450.15,452.85,0.0,-1.022,-0.429,1.022,0.0,0.0,20,6,2023,0.02,2.0,0.409,34.52700000000012,1.407701745111353
215,215,215,215,2023-06-21,ITC,452.0,454.2,445.05,447.05,0.487,-1.538,-1.095,1.538,0.487,0.487,21,6,2023,0.02,2.0,-0.04,34.48700000000012,1.4071386644133084
216,216,216,216,2023-06-22,ITC,448.0,449.65,445.85,447.65,0.368,-0.48,-0.078,0.48,0.368,0.368,22,6,2023,0.02,2.0,-0.04,34.44700000000012,1.406575808947543
217,217,217,217,2023-06-23,ITC,447.5,447.65,442.7,444.75,0.034,-1.073,-0.615,1.073,0.034,0.034,23,6,2023,0.02,2.0,-0.04,34.407000000000124,1.406013178623964
218,218,218,218,2023-06-26,ITC,446.9,451.4,444.0,445.7,1.007,-0.649,-0.269,1.007,0.649,0.649,26,6,2023,0.02,2.0,-0.04,34.367000000000125,1.4054507733525146
219,219,219,219,2023-06-27,ITC,446.1,447.2,443.15,445.1,0.247,-0.661,-0.224,0.661,0.247,0.247,27,6,2023,0.02,2.0,-0.04,34.327000000000126,1.4048885930431736
220,220,220,220,2023-06-28,ITC,445.0,450.6,444.5,449.35,1.258,-0.112,0.978,1.258,0.112,0.112,28,6,2023,0.02,2.0,-0.04,34.28700000000013,1.4043266376059564
221,221,221,221,2023-06-30,ITC,450.0,451.95,446.6,451.6,0.433,-0.756,0.356,0.756,0.433,0.433,30,6,2023,0.02,2.0,-0.04,34.24700000000013,1.4037649069509142
222,222,222,222,2023-07-03,ITC,451.6,465.95,450.05,463.25,3.178,-0.343,2.58,3.178,0.343,0.343,3,7,2023,0.02,2.0,-0.04,34.20700000000013,1.4032034009881338
223,223,223,223,2023-07-04,ITC,465.0,468.0,459.8,466.35,0.645,-1.118,0.29,1.118,0.645,0.645,4,7,2023,0.02,2.0,-0.04,34.16700000000013,1.4026421196277385
224,224,224,224,2023-07-05,ITC,466.35,480.65,464.3,475.1,3.066,-0.44,1.876,3.066,0.44,0.44,5,7,2023,0.02,2.0,-0.04,34.12700000000013,1.4020810627798874
225,225,225,225,2023-07-06,ITC,477.35,477.4,470.5,473.9,0.01,-1.435,-0.723,1.435,0.01,0.01,6,7,2023,0.02,2.0,0.703,34.83000000000013,1.4119376926512301
226,226,226,226,2023-07-07,ITC,473.0,475.5,467.6,468.4,0.529,-1.142,-0.973,1.142,0.529,0.529,7,7,2023,0.02,2.0,-0.04,34.790000000000134,1.4113729175741698
227,227,227,227,2023-07-10,ITC,470.0,470.9,463.7,465.85,0.191,-1.34,-0.883,1.34,0.191,0.191,10,7,2023,0.02,2.0,-0.04,34.750000000000135,1.4108083684071402
228,228,228,228,2023-07-11,ITC,466.0,474.55,466.0,473.15,1.835,0.0,1.534,1.835,0.0,0.0,11,7,2023,0.02,2.0,1.514,36.26400000000014,1.4321680071048242
229,229,229,229,2023-07-12,ITC,477.75,477.75,470.45,472.3,0.0,-1.528,-1.141,1.528,0.0,0.0,12,7,2023,0.02,2.0,1.121,37.38500000000014,1.448222610464469
230,230,230,230,2023-07-13,ITC,473.9,476.75,471.0,472.0,0.601,-0.612,-0.401,0.612,0.601,0.601,13,7,2023,0.02,2.0,-0.04,37.34500000000014,1.4476433214202833
231,231,231,231,2023-07-14,ITC,473.0,475.0,471.35,472.9,0.423,-0.349,-0.021,0.423,0.349,0.349,14,7,2023,0.02,2.0,-0.04,37.30500000000014,1.4470642640917153
232,232,232,232,2023-07-17,ITC,474.5,475.8,470.6,472.35,0.274,-0.822,-0.453,0.822,0.274,0.274,17,7,2023,0.02,2.0,-0.04,37.26500000000014,1.4464854383860786
233,233,233,233,2023-07-18,ITC,472.55,474.2,471.0,472.5,0.349,-0.328,-0.011,0.349,0.328,0.328,18,7,2023,0.02,2.0,-0.04,37.22500000000014,1.4459068442107241
234,234,234,234,2023-07-19,ITC,472.75,480.45,468.1,478.85,1.629,-0.984,1.29,1.629,0.984,0.984,19,7,2023,0.02,2.0,-0.04,37.185000000000144,1.4453284814730398
235,235,235,235,2023-07-20,ITC,479.9,493.7,476.3,492.15,2.876,-0.75,2.553,2.876,0.75,0.75,20,7,2023,0.02,2.0,-0.04,37.145000000000145,1.4447503500804506
236,236,236,236,2023-07-21,ITC,491.8,497.7,487.0,490.45,1.2,-0.976,-0.275,1.2,0.976,0.976,21,7,2023,0.02,2.0,-0.04,37.105000000000146,1.4441724499404185
237,237,237,237,2023-07-24,ITC,493.45,499.7,468.15,471.35,1.267,-5.127,-4.479,5.127,1.267,1.267,24,7,2023,0.02,2.0,-0.04,37.06500000000015,1.4435947809604424
238,238,238,238,2023-07-25,ITC,467.9,468.5,455.4,462.3,0.128,-2.672,-1.197,2.672,0.128,0.128,25,7,2023,0.02,2.0,-0.04,37.02500000000015,1.4430173430480582
239,239,239,239,2023-07-26,ITC,464.9,473.0,462.05,472.25,1.742,-0.613,1.581,1.742,0.613,0.613,26,7,2023,0.02,2.0,-0.04,36.98500000000015,1.442440136110839
240,240,240,240,2023-07-27,ITC,474.4,475.15,461.1,465.05,0.158,-2.804,-1.971,2.804,0.158,0.158,27,7,2023,0.02,2.0,-0.04,36.94500000000015,1.4418631600563947
241,241,241,241,2023-07-28,ITC,467.7,469.45,463.4,468.45,0.374,-0.919,0.16,0.919,0.374,0.374,28,7,2023,0.02,2.0,-0.04,36.90500000000015,1.4412864147923723
242,242,242,242,2023-07-31,ITC,469.0,469.7,463.5,465.7,0.149,-1.173,-0.704,1.173,0.149,0.149,31,7,2023,0.02,2.0,-0.04,36.86500000000015,1.4407099002264554
243,243,243,243,2023-08-01,ITC,466.0,468.85,463.8,464.8,0.612,-0.472,-0.258,0.612,0.472,0.472,1,8,2023,0.02,2.0,-0.04,36.82500000000015,1.440133616266365
244,244,244,244,2023-08-02,ITC,464.6,464.8,458.0,460.1,0.043,-1.421,-0.969,1.421,0.043,0.043,2,8,2023,0.02,2.0,-0.04,36.78500000000015,1.4395575628198585
245,245,245,245,2023-08-03,ITC,460.1,463.75,454.3,456.05,0.793,-1.261,-0.88,1.261,0.793,0.793,3,8,2023,0.02,2.0,-0.04,36.745000000000154,1.4389817397947307
246,246,246,246,2023-08-04,ITC,456.3,461.4,454.25,454.95,1.118,-0.449,-0.296,1.118,0.449,0.449,4,8,2023,0.02,2.0,-0.04,36.705000000000155,1.4384061470988128
247,247,247,247,2023-08-07,ITC,454.1,456.55,450.95,454.9,0.54,-0.694,0.176,0.694,0.54,0.54,7,8,2023,0.02,2.0,-0.04,36.665000000000155,1.4378307846399734
248,248,248,248,2023-08-08,ITC,457.0,457.0,451.05,452.35,0.0,-1.302,-1.018,1.302,0.0,0.0,8,8,2023,0.02,2.0,0.998,37.66300000000015,1.4521803358706804
249,249,249,249,2023-08-09,ITC,452.35,459.9,446.9,458.65,1.669,-1.205,1.393,1.669,1.205,1.205,9,8,2023,0.02,2.0,-0.04,37.623000000000154,1.4515994637363323
250,250,250,250,2023-08-10,ITC,458.9,459.3,449.0,451.75,0.087,-2.157,-1.558,2.157,0.087,0.087,10,8,2023,0.02,2.0,-0.04,37.583000000000155,1.451018823950838
251,251,251,251,2023-08-11,ITC,453.9,453.9,444.75,448.75,0.0,-2.016,-1.135,2.016,0.0,0.0,11,8,2023,0.02,2.0,1.98,39.56300000000015,1.4797489966650645
252,252,252,252,2023-08-14,ITC,448.75,451.25,445.05,449.2,0.557,-0.825,0.1,0.825,0.557,0.557,14,8,2023,0.02,2.0,-0.04,39.52300000000015,1.4791570970663985
253,253,253,253,2023-08-16,ITC,451.0,457.4,448.2,450.25,1.419,-0.621,-0.166,1.419,0.621,0.621,16,8,2023,0.02,2.0,-0.04,39.48300000000015,1.478565434227572
254,254,254,254,2023-08-17,ITC,450.0,450.0,440.0,441.0,0.0,-2.222,-2.0,2.222,0.0,0.0,17,8,2023,0.02,2.0,1.98,41.46300000000015,1.507841029825278
255,255,255,255,2023-08-18,ITC,441.0,443.35,438.5,441.65,0.533,-0.567,0.147,0.567,0.533,0.533,18,8,2023,0.02,2.0,-0.04,41.42300000000015,1.507237893413348
256,256,256,256,2023-08-21,ITC,442.0,448.5,441.35,447.8,1.471,-0.147,1.312,1.471,0.147,0.147,21,8,2023,0.02,2.0,-0.04,41.38300000000015,1.5066349982559826
257,257,257,257,2023-08-22,ITC,449.0,455.15,447.0,454.25,1.37,-0.445,1.169,1.37,0.445,0.445,22,8,2023,0.02,2.0,-0.04,41.34300000000015,1.5060323442566803
258,258,258,258,2023-08-23,ITC,455.6,455.65,448.6,450.45,0.011,-1.536,-1.13,1.536,0.011,0.011,23,8,2023,0.02,2.0,1.11,42.45300000000015,1.5227493032779296
259,259,259,259,2023-08-24,ITC,450.6,453.5,449.3,450.9,0.644,-0.289,0.067,0.644,0.289,0.289,24,8,2023,0.02,2.0,-0.04,42.41300000000015,1.5221402035566185
260,260,260,260,2023-08-25,ITC,450.9,451.0,442.05,443.35,0.022,-1.963,-1.674,1.963,0.022,0.022,25,8,2023,0.02,2.0,-0.04,42.373000000000154,1.521531347475196
261,261,261,261,2023-08-28,ITC,445.0,446.85,441.0,441.4,0.416,-0.899,-0.809,0.899,0.416,0.416,28,8,2023,0.02,2.0,-0.04,42.333000000000155,1.520922734936206
262,262,262,262,2023-08-29,ITC,442.95,444.0,439.2,440.1,0.237,-0.847,-0.643,0.847,0.237,0.237,29,8,2023,0.02,2.0,-0.04,42.293000000000156,1.5203143658422316
263,263,263,263,2023-08-30,ITC,441.0,444.0,440.5,442.8,0.68,-0.113,0.408,0.68,0.113,0.113,30,8,2023,0.02,2.0,-0.04,42.253000000000156,1.5197062400958947
264,264,264,264,2023-08-31,ITC,443.0,444.9,436.1,439.7,0.429,-1.558,-0.745,1.558,0.429,0.429,31,8,2023,0.02,2.0,-0.04,42.21300000000016,1.5190983575998565
265,265,265,265,2023-09-01,ITC,440.0,445.0,438.3,441.05,1.136,-0.386,0.239,1.136,0.386,0.386,1,9,2023,0.02,2.0,-0.04,42.17300000000016,1.5184907182568166
266,266,266,266,2023-09-04,ITC,443.35,443.35,436.65,437.5,0.0,-1.511,-1.319,1.511,0.0,0.0,4,9,2023,0.02,2.0,1.299,43.47200000000016,1.5382159126869728
267,267,267,267,2023-09-05,ITC,438.9,444.5,438.5,443.1,1.276,-0.091,0.957,1.276,0.091,0.091,5,9,2023,0.02,2.0,-0.04,43.43200000000016,1.537600626321898
268,268,268,268,2023-09-06,ITC,443.95,448.5,442.0,447.45,1.025,-0.439,0.788,1.025,0.439,0.439,6,9,2023,0.02,2.0,-0.04,43.39200000000016,1.5369855860713693
269,269,269,269,2023-09-07,ITC,448.8,449.0,444.6,445.9,0.045,-0.936,-0.646,0.936,0.045,0.045,7,9,2023,0.02,2.0,-0.04,43.35200000000016,1.5363707918369407
270,270,270,270,2023-09-08,ITC,447.9,447.9,441.85,442.65,0.0,-1.351,-1.172,1.351,0.0,0.0,8,9,2023,0.02,2.0,1.152,44.50400000000016,1.5540697833589021
271,271,271,271,2023-09-11,ITC,446.0,448.1,442.65,447.2,0.471,-0.751,0.269,0.751,0.471,0.471,11,9,2023,0.02,2.0,-0.04,44.46400000000016,1.5534481554455586
272,272,272,272,2023-09-12,ITC,448.9,454.3,445.6,451.15,1.203,-0.735,0.501,1.203,0.735,0.735,12,9,2023,0.02,2.0,-0.04,44.42400000000016,1.5528267761833805
273,273,273,273,2023-09-13,ITC,452.2,457.0,451.1,453.5,1.061,-0.243,0.287,1.061,0.243,0.243,13,9,2023,0.02,2.0,-0.04,44.384000000000164,1.5522056454729072
274,274,274,274,2023-09-14,ITC,455.9,455.9,447.15,449.95,0.0,-1.919,-1.305,1.919,0.0,0.0,14,9,2023,0.02,2.0,1.285,45.66900000000016,1.572151488017234
275,275,275,275,2023-09-15,ITC,448.05,452.1,447.0,448.35,0.904,-0.234,0.067,0.904,0.234,0.234,15,9,2023,0.02,2.0,-0.04,45.62900000000016,1.5715226274220273
276,276,276,276,2023-09-18,ITC,448.35,454.0,446.2,452.05,1.26,-0.48,0.825,1.26,0.48,0.48,18,9,2023,0.02,2.0,-0.04,45.58900000000016,1.5708940183710585
277,277,277,277,2023-09-20,ITC,451.7,455.1,449.55,452.95,0.753,-0.476,0.277,0.753,0.476,0.476,20,9,2023,0.02,2.0,-0.04,45.54900000000016,1.5702656607637102
278,278,278,278,2023-09-21,ITC,452.8,453.55,444.5,447.5,0.166,-1.833,-1.17,1.833,0.166,0.166,21,9,2023,0.02,2.0,-0.04,45.509000000000164,1.5696375544994048
279,279,279,279,2023-09-22,ITC,447.5,448.4,442.25,443.1,0.201,-1.173,-0.983,1.173,0.201,0.201,22,9,2023,0.02,2.0,-0.04,45.469000000000165,1.569009699477605
280,280,280,280,2023-09-25,ITC,443.1,444.8,438.35,442.6,0.384,-1.072,-0.113,1.072,0.384,0.384,25,9,2023,0.02,2.0,-0.04,45.429000000000165,1.568382095597814
281,281,281,281,2023-09-26,ITC,443.6,444.5,439.7,442.45,0.203,-0.879,-0.259,0.879,0.203,0.203,26,9,2023,0.02,2.0,-0.04,45.389000000000166,1.567754742759575
282,282,282,282,2023-09-27,ITC,442.45,449.8,438.8,449.15,1.661,-0.825,1.514,1.661,0.825,0.825,27,9,2023,0.02,2.0,-0.04,45.34900000000017,1.5671276408624712
283,283,283,283,2023-09-28,ITC,449.95,449.95,439.6,440.75,0.0,-2.3,-2.045,2.3,0.0,0.0,28,9,2023,0.02,2.0,1.98,47.329000000000164,1.5981567681515483
284,284,284,284,2023-09-29,ITC,442.0,445.6,439.2,444.4,0.814,-0.633,0.543,0.814,0.633,0.633,29,9,2023,0.02,2.0,-0.04,47.289000000000165,1.5975175054442878
285,285,285,285,2023-10-03,ITC,441.0,442.9,439.25,439.75,0.431,-0.397,-0.283,0.431,0.397,0.397,3,10,2023,0.02,2.0,-0.04,47.249000000000166,1.5968784984421103
286,286,286,286,2023-10-04,ITC,439.75,441.7,433.3,436.1,0.443,-1.467,-0.83,1.467,0.443,0.443,4,10,2023,0.02,2.0,-0.04,47.20900000000017,1.5962397470427334
287,287,287,287,2023-10-05,ITC,440.0,440.5,435.05,436.05,0.114,-1.125,-0.898,1.125,0.114,0.114,5,10,2023,0.02,2.0,-0.04,47.16900000000017,1.5956012511439164
288,288,288,288,2023-10-06,ITC,437.85,443.6,436.65,442.15,1.313,-0.274,0.982,1.313,0.274,0.274,6,10,2023,0.02,2.0,-0.04,47.12900000000017,1.594963010643459
289,289,289,289,2023-10-09,ITC,440.95,443.2,437.25,440.45,0.51,-0.839,-0.113,0.839,0.51,0.51,9,10,2023,0.02,2.0,-0.04,47.08900000000017,1.5943250254392016
290,290,290,290,2023-10-10,ITC,440.45,444.85,440.45,444.4,0.999,0.0,0.897,0.999,0.0,0.0,10,10,2023,0.02,2.0,0.877,47.96600000000017,1.6083072559123033
291,291,291,291,2023-10-11,ITC,447.2,449.45,444.8,448.25,0.503,-0.537,0.235,0.537,0.503,0.503,11,10,2023,0.02,2.0,-0.04,47.92600000000017,1.6076639330099385
292,292,292,292,2023-10-12,ITC,449.65,452.5,446.15,450.7,0.634,-0.778,0.234,0.778,0.634,0.634,12,10,2023,0.02,2.0,-0.04,47.88600000000017,1.6070208674367346
293,293,293,293,2023-10-13,ITC,449.85,451.8,447.0,448.35,0.433,-0.634,-0.333,0.634,0.433,0.433,13,10,2023,0.02,2.0,-0.04,47.846000000000174,1.6063780590897598
294,294,294,294,2023-10-16,ITC,448.0,451.0,446.2,448.95,0.67,-0.402,0.212,0.67,0.402,0.402,16,10,2023,0.02,2.0,-0.04,47.806000000000175,1.605735507866124
295,295,295,295,2023-10-17,ITC,449.8,454.5,449.0,453.45,1.045,-0.178,0.811,1.045,0.178,0.178,17,10,2023,0.02,2.0,-0.04,47.766000000000176,1.6050932136629776
296,296,296,296,2023-10-18,ITC,454.25,458.2,451.0,451.65,0.87,-0.715,-0.572,0.87,0.715,0.715,18,10,2023,0.02,2.0,-0.04,47.72600000000018,1.6044511763775124
297,297,297,297,2023-10-19,ITC,449.75,454.9,446.85,450.4,1.145,-0.645,0.145,1.145,0.645,0.645,19,10,2023,0.02,2.0,-0.04,47.68600000000018,1.6038093959069615
298,298,298,298,2023-10-20,ITC,445.0,449.0,437.35,438.3,0.899,-1.719,-1.506,1.719,0.899,0.899,20,10,2023,0.02,2.0,-0.04,47.64600000000018,1.6031678721485987
299,299,299,299,2023-10-23,ITC,438.0,439.95,433.1,435.9,0.445,-1.119,-0.479,1.119,0.445,0.445,23,10,2023,0.02,2.0,-0.04,47.60600000000018,1.6025266049997393
300,300,300,300,2023-10-25,ITC,436.9,438.0,427.05,432.7,0.252,-2.255,-0.961,2.255,0.252,0.252,25,10,2023,0.02,2.0,-0.04,47.56600000000018,1.6018855943577395
301,301,301,301,2023-10-26,ITC,429.55,436.6,429.55,434.35,1.641,0.0,1.117,1.641,0.0,0.0,26,10,2023,0.02,2.0,1.097,48.66300000000018,1.6194582793278438
302,302,302,302,2023-10-27,ITC,434.35,436.8,432.2,433.75,0.564,-0.495,-0.138,0.564,0.495,0.495,27,10,2023,0.02,2.0,-0.04,48.62300000000018,1.6188104960161127
303,303,303,303,2023-10-30,ITC,434.55,437.15,428.35,430.45,0.598,-1.427,-0.944,1.427,0.598,0.598,30,10,2023,0.02,2.0,-0.04,48.58300000000018,1.6181629718177064
304,304,304,304,2023-10-31,ITC,430.0,433.35,427.9,428.4,0.779,-0.488,-0.372,0.779,0.488,0.488,31,10,2023,0.02,2.0,-0.04,48.543000000000184,1.6175157066289794
305,305,305,305,2023-11-01,ITC,430.0,431.1,425.5,428.1,0.256,-1.047,-0.442,1.047,0.256,0.256,1,11,2023,0.02,2.0,-0.04,48.503000000000185,1.6168687003463278
306,306,306,306,2023-11-02,ITC,430.05,432.7,428.65,431.15,0.616,-0.326,0.256,0.616,0.326,0.326,2,11,2023,0.02,2.0,-0.04,48.463000000000186,1.6162219528661894
307,307,307,307,2023-11-03,ITC,432.8,434.4,431.1,433.25,0.37,-0.393,0.104,0.393,0.37,0.37,3,11,2023,0.02,2.0,-0.04,48.42300000000019,1.615575464085043
308,308,308,308,2023-11-06,ITC,433.5,436.8,432.55,435.35,0.761,-0.219,0.427,0.761,0.219,0.219,6,11,2023,0.02,2.0,-0.04,48.38300000000019,1.614929233899409
309,309,309,309,2023-11-07,ITC,434.9,434.9,432.15,432.7,0.0,-0.632,-0.506,0.632,0.0,0.0,7,11,2023,0.02,2.0,0.486,48.869000000000185,1.6227777899761602
310,310,310,310,2023-11-08,ITC,433.15,437.5,432.3,436.95,1.004,-0.196,0.877,1.004,0.196,0.196,8,11,2023,0.02,2.0,-0.04,48.829000000000185,1.6221286788601699
311,311,311,311,2023-11-09,ITC,437.8,438.0,433.9,434.4,0.046,-0.891,-0.777,0.891,0.046,0.046,9,11,2023,0.02,2.0,-0.04,48.789000000000186,1.621479827388626
312,312,312,312,2023-11-10,ITC,434.4,438.0,432.5,436.55,0.829,-0.437,0.495,0.829,0.437,0.437,10,11,2023,0.02,2.0,-0.04,48.74900000000019,1.6208312354576706
313,313,313,313,2023-11-12,ITC,438.85,439.2,438.0,438.45,0.08,-0.194,-0.091,0.194,0.08,0.08,12,11,2023,0.02,2.0,-0.04,48.70900000000019,1.6201829029634875
314,314,314,314,2023-11-13,ITC,438.4,438.4,435.0,436.0,0.0,-0.776,-0.547,0.776,0.0,0.0,13,11,2023,0.02,2.0,0.527,49.23600000000019,1.6287212668621054
315,315,315,315,2023-11-15,ITC,438.1,442.5,437.5,441.95,1.004,-0.137,0.879,1.004,0.137,0.137,15,11,2023,0.02,2.0,-0.04,49.19600000000019,1.6280697783553606
316,316,316,316,2023-11-16,ITC,441.95,444.5,437.6,438.65,0.577,-0.984,-0.747,0.984,0.577,0.577,16,11,2023,0.02,2.0,-0.04,49.15600000000019,1.6274185504440186
317,317,317,317,2023-11-17,ITC,439.25,441.5,438.3,439.25,0.512,-0.216,0.0,0.512,0.216,0.216,17,11,2023,0.02,2.0,-0.04,49.11600000000019,1.626767583023841
318,318,318,318,2023-11-20,ITC,439.85,440.3,434.5,436.8,0.102,-1.216,-0.693,1.216,0.102,0.102,20,11,2023,0.02,2.0,-0.04,49.07600000000019,1.6261168759906315
319,319,319,319,2023-11-21,ITC,437.15,439.3,435.5,436.25,0.492,-0.377,-0.206,0.492,0.377,0.377,21,11,2023,0.02,2.0,-0.04,49.03600000000019,1.6254664292402352
320,320,320,320,2023-11-22,ITC,437.0,440.4,434.8,439.7,0.778,-0.503,0.618,0.778,0.503,0.503,22,11,2023,0.02,2.0,-0.04,48.996000000000194,1.624816242668539
321,321,321,321,2023-11-23,ITC,440.95,442.25,438.25,440.35,0.295,-0.612,-0.136,0.612,0.295,0.295,23,11,2023,0.02,2.0,-0.04,48.956000000000195,1.6241663161714717
322,322,322,322,2023-11-24,ITC,441.0,442.25,436.85,437.8,0.283,-0.941,-0.726,0.941,0.283,0.283,24,11,2023,0.02,2.0,-0.04,48.916000000000196,1.623516649645003
323,323,323,323,2023-11-28,ITC,438.0,439.0,434.9,435.25,0.228,-0.708,-0.628,0.708,0.228,0.228,28,11,2023,0.02,2.0,-0.04,48.8760000000002,1.6228672429851452
324,324,324,324,2023-11-29,ITC,436.0,438.5,434.15,437.2,0.573,-0.424,0.275,0.573,0.424,0.424,29,11,2023,0.02,2.0,-0.04,48.8360000000002,1.622218096087951
325,325,325,325,2023-11-30,ITC,436.7,438.45,434.5,435.8,0.401,-0.504,-0.206,0.504,0.401,0.401,30,11,2023,0.02,2.0,-0.04,48.7960000000002,1.621569208849516
326,326,326,326,2023-12-01,ITC,437.9,450.95,437.4,449.8,2.98,-0.114,2.718,2.98,0.114,0.114,1,12,2023,0.02,2.0,-0.04,48.7560000000002,1.6209205811659761
327,327,327,327,2023-12-04,ITC,455.0,456.4,451.0,454.05,0.308,-0.879,-0.209,0.879,0.308,0.308,4,12,2023,0.02,2.0,-0.04,48.7160000000002,1.6202722129335099
328,328,328,328,2023-12-05,ITC,455.0,457.8,450.1,451.75,0.615,-1.077,-0.714,1.077,0.615,0.615,5,12,2023,0.02,2.0,-0.04,48.6760000000002,1.6196241040483366
329,329,329,329,2023-12-06,ITC,453.9,464.5,452.1,463.25,2.335,-0.397,2.06,2.335,0.397,0.397,6,12,2023,0.02,2.0,-0.04,48.6360000000002,1.6189762544067172
330,330,330,330,2023-12-07,ITC,464.75,464.8,457.4,458.1,0.011,-1.581,-1.431,1.581,0.011,0.011,7,12,2023,0.02,2.0,1.411,50.0470000000002,1.6418200093563962
331,331,331,331,2023-12-08,ITC,459.95,461.6,448.5,449.15,0.359,-2.489,-2.348,2.489,0.359,0.359,8,12,2023,0.02,2.0,-0.04,50.007000000000204,1.6411632813526538
332,332,332,332,2023-12-11,ITC,451.5,453.6,449.3,452.45,0.465,-0.487,0.21,0.487,0.465,0.465,11,12,2023,0.02,2.0,-0.04,49.967000000000205,1.6405068160401128
333,333,333,333,2023-12-12,ITC,454.2,460.0,452.35,453.1,1.277,-0.407,-0.242,1.277,0.407,0.407,12,12,2023,0.02,2.0,-0.04,49.927000000000206,1.639850613313697
334,334,334,334,2023-12-13,ITC,456.3,458.85,453.1,455.65,0.559,-0.701,-0.142,0.701,0.559,0.559,13,12,2023,0.02,2.0,-0.04,49.88700000000021,1.6391946730683715
335,335,335,335,2023-12-14,ITC,460.0,461.0,449.45,460.1,0.217,-2.293,0.022,2.293,0.217,0.217,14,12,2023,0.02,2.0,-0.04,49.84700000000021,1.6385389951991443
336,336,336,336,2023-12-15,ITC,461.9,462.95,455.0,458.2,0.227,-1.494,-0.801,1.494,0.227,0.227,15,12,2023,0.02,2.0,-0.04,49.80700000000021,1.6378835796010647
337,337,337,337,2023-12-18,ITC,455.0,456.0,450.35,451.65,0.22,-1.022,-0.736,1.022,0.22,0.22,18,12,2023,0.02,2.0,-0.04,49.76700000000021,1.6372284261692243
338,338,338,338,2023-12-19,ITC,453.35,458.0,452.05,456.1,1.026,-0.287,0.607,1.026,0.287,0.287,19,12,2023,0.02,2.0,-0.04,49.72700000000021,1.6365735347987567
339,339,339,339,2023-12-20,ITC,459.0,459.25,449.3,451.0,0.054,-2.113,-1.743,2.113,0.054,0.054,20,12,2023,0.02,2.0,-0.04,49.68700000000021,1.6359189053848373
340,340,340,340,2023-12-21,ITC,449.0,453.75,444.45,451.45,1.058,-1.013,0.546,1.058,1.013,1.013,21,12,2023,0.02,2.0,-0.04,49.64700000000021,1.6352645378226836
341,341,341,341,2023-12-22,ITC,453.0,455.9,450.55,455.2,0.64,-0.541,0.486,0.64,0.541,0.541,22,12,2023,0.02,2.0,-0.04,49.60700000000021,1.6346104320075545
342,342,342,342,2023-12-26,ITC,456.05,458.9,454.7,456.45,0.625,-0.296,0.088,0.625,0.296,0.296,26,12,2023,0.02,2.0,-0.04,49.56700000000021,1.6339565878347515
343,343,343,343,2023-12-27,ITC,457.0,458.5,453.75,457.1,0.328,-0.711,0.022,0.711,0.328,0.328,27,12,2023,0.02,2.0,-0.04,49.527000000000214,1.6333030051996176
344,344,344,344,2023-12-28,ITC,457.2,464.7,456.1,464.1,1.64,-0.241,1.509,1.64,0.241,0.241,28,12,2023,0.02,2.0,-0.04,49.487000000000215,1.6326496839975377
345,345,345,345,2023-12-29,ITC,464.1,467.9,461.35,462.1,0.819,-0.593,-0.431,0.819,0.593,0.593,29,12,2023,0.02,2.0,-0.04,49.447000000000216,1.6319966241239388
346,346,346,346,2024-01-01,ITC,463.5,469.95,462.65,468.05,1.392,-0.183,0.982,1.392,0.183,0.183,1,1,2024,0.02,2.0,-0.04,49.40700000000022,1.6313438254742894
347,347,347,347,2024-01-02,ITC,470.0,471.35,463.6,470.35,0.287,-1.362,0.074,1.362,0.287,0.287,2,1,2024,0.02,2.0,-0.04,49.36700000000022,1.6306912879440998
348,348,348,348,2024-01-03,ITC,470.25,480.7,469.35,477.25,2.222,-0.191,1.489,2.222,0.191,0.191,3,1,2024,0.02,2.0,-0.04,49.32700000000022,1.6300390114289223
349,349,349,349,2024-01-04,ITC,480.0,481.45,474.2,476.4,0.302,-1.208,-0.75,1.208,0.302,0.302,4,1,2024,0.02,2.0,-0.04,49.28700000000022,1.6293869958243508
350,350,350,350,2024-01-05,ITC,479.4,479.4,472.0,473.95,0.0,-1.544,-1.137,1.544,0.0,0.0,5,1,2024,0.02,2.0,1.117,50.40400000000022,1.6475872485677086
351,351,351,351,2024-01-08,ITC,475.0,475.5,464.55,465.5,0.105,-2.2,-2.0,2.2,0.105,0.105,8,1,2024,0.02,2.0,-0.04,50.36400000000022,1.6469282136682815
352,352,352,352,2024-01-09,ITC,467.5,469.95,463.65,464.55,0.524,-0.824,-0.631,0.824,0.524,0.524,9,1,2024,0.02,2.0,-0.04,50.32400000000022,1.6462694423828141
353,353,353,353,2024-01-10,ITC,464.55,466.75,460.05,463.3,0.474,-0.969,-0.269,0.969,0.474,0.474,10,1,2024,0.02,2.0,-0.04,50.28400000000022,1.6456109346058612
354,354,354,354,2024-01-11,ITC,464.1,466.55,461.1,462.65,0.528,-0.646,-0.312,0.646,0.528,0.528,11,1,2024,0.02,2.0,-0.04,50.24400000000022,1.6449526902320188
355,355,355,355,2024-01-12,ITC,463.25,467.7,460.35,466.7,0.961,-0.626,0.745,0.961,0.626,0.626,12,1,2024,0.02,2.0,-0.04,50.20400000000022,1.6442947091559261
356,356,356,356,2024-01-15,ITC,470.0,470.5,466.1,467.6,0.106,-0.83,-0.511,0.83,0.106,0.106,15,1,2024,0.02,2.0,-0.04,50.16400000000022,1.643636991272264
357,357,357,357,2024-01-16,ITC,467.8,475.0,464.25,472.3,1.539,-0.759,0.962,1.539,0.759,0.759,16,1,2024,0.02,2.0,-0.04,50.12400000000022,1.6429795364757551
358,358,358,358,2024-01-17,ITC,471.4,477.0,465.2,466.6,1.188,-1.315,-1.018,1.315,1.188,1.188,17,1,2024,0.02,2.0,-0.04,50.08400000000022,1.642322344661165
359,359,359,359,2024-01-18,ITC,465.25,467.85,454.55,465.5,0.559,-2.3,0.054,2.3,0.559,0.559,18,1,2024,0.02,2.0,-0.04,50.044000000000224,1.6416654157233006
360,360,360,360,2024-01-19,ITC,468.55,473.0,466.4,471.5,0.95,-0.459,0.63,0.95,0.459,0.459,19,1,2024,0.02,2.0,-0.04,50.004000000000225,1.6410087495570114
361,361,361,361,2024-01-20,ITC,473.4,475.0,468.0,468.4,0.338,-1.141,-1.056,1.141,0.338,0.338,20,1,2024,0.02,2.0,-0.04,49.964000000000226,1.6403523460571887
362,362,362,362,2024-01-23,ITC,473.75,473.75,456.4,459.3,0.0,-3.662,-3.05,3.662,0.0,0.0,23,1,2024,0.02,2.0,1.98,51.94400000000022,1.6728313225091211
363,363,363,363,2024-01-24,ITC,460.1,467.4,458.1,463.6,1.587,-0.435,0.761,1.587,0.435,0.435,24,1,2024,0.02,2.0,-0.04,51.904000000000224,1.6721621899801176
364,364,364,364,2024-01-25,ITC,463.55,464.95,452.1,455.65,0.302,-2.47,-1.704,2.47,0.302,0.302,25,1,2024,0.02,2.0,-0.04,51.864000000000225,1.6714933251041255
365,365,365,365,2024-01-29,ITC,455.9,457.25,447.5,449.8,0.296,-1.843,-1.338,1.843,0.296,0.296,29,1,2024,0.02,2.0,-0.04,51.824000000000225,1.670824727774084
366,366,366,366,2024-01-30,ITC,447.0,453.7,437.4,438.05,1.499,-2.148,-2.002,2.148,1.499,1.499,30,1,2024,0.02,2.0,-0.04,51.784000000000226,1.6701563978829743
367,367,367,367,2024-01-31,ITC,440.0,442.5,438.7,441.55,0.568,-0.295,0.352,0.568,0.295,0.295,31,1,2024,0.02,2.0,-0.04,51.74400000000023,1.6694883353238212
368,368,368,368,2024-02-01,ITC,442.0,447.75,439.3,442.9,1.301,-0.611,0.204,1.301,0.611,0.611,1,2,2024,0.02,2.0,-0.04,51.70400000000023,1.6688205399896918
369,369,369,369,2024-02-02,ITC,445.0,447.2,439.5,440.1,0.494,-1.236,-1.101,1.236,0.494,0.494,2,2,2024,0.02,2.0,-0.04,51.66400000000023,1.668153011773696
370,370,370,370,2024-02-05,ITC,442.0,443.65,436.55,438.05,0.373,-1.233,-0.894,1.233,0.373,0.373,5,2,2024,0.02,2.0,-0.04,51.62400000000023,1.6674857505689866
371,371,371,371,2024-02-06,ITC,440.0,440.9,429.5,431.4,0.205,-2.386,-1.955,2.386,0.205,0.205,6,2,2024,0.02,2.0,-0.04,51.58400000000023,1.666818756268759
372,372,372,372,2024-02-07,ITC,435.0,435.0,430.8,431.8,0.0,-0.966,-0.736,0.966,0.0,0.0,7,2,2024,0.02,2.0,0.716,52.30000000000023,1.6787531785636436
373,373,373,373,2024-02-08,ITC,429.0,429.1,408.6,414.55,0.023,-4.755,-3.368,4.755,0.023,0.023,8,2,2024,0.02,2.0,-0.04,52.26000000000023,1.6780816772922182
374,374,374,374,2024-02-09,ITC,410.1,424.2,408.6,415.5,3.438,-0.366,1.317,3.438,0.366,0.366,9,2,2024,0.02,2.0,-0.04,52.22000000000023,1.6774104446213014
375,375,375,375,2024-02-12,ITC,417.55,418.0,406.05,406.85,0.108,-2.754,-2.563,2.754,0.108,0.108,12,2,2024,0.02,2.0,-0.04,52.180000000000234,1.676739480443453
376,376,376,376,2024-02-13,ITC,406.9,410.8,403.3,406.75,0.958,-0.885,-0.037,0.958,0.885,0.885,13,2,2024,0.02,2.0,-0.04,52.140000000000235,1.6760687846512756
377,377,377,377,2024-02-14,ITC,406.0,412.25,404.4,411.55,1.539,-0.394,1.367,1.539,0.394,0.394,14,2,2024,0.02,2.0,-0.04,52.100000000000236,1.6753983571374151
378,378,378,378,2024-02-15,ITC,413.0,414.55,403.15,403.9,0.375,-2.385,-2.203,2.385,0.375,0.375,15,2,2024,0.02,2.0,-0.04,52.06000000000024,1.6747281977945603
379,379,379,379,2024-02-16,ITC,405.0,409.55,399.4,404.6,1.123,-1.383,-0.099,1.383,1.123,1.123,16,2,2024,0.02,2.0,-0.04,52.02000000000024,1.6740583065154426
380,380,380,380,2024-02-19,ITC,405.0,412.75,404.6,409.25,1.914,-0.099,1.049,1.914,0.099,0.099,19,2,2024,0.02,2.0,-0.04,51.98000000000024,1.6733886831928366
381,381,381,381,2024-02-20,ITC,410.45,410.45,404.3,406.1,0.0,-1.498,-1.06,1.498,0.0,0.0,20,2,2024,0.02,2.0,1.04,53.02000000000024,1.6907919254980421
382,382,382,382,2024-02-21,ITC,407.0,410.1,401.3,403.35,0.762,-1.4,-0.897,1.4,0.762,0.762,21,2,2024,0.02,2.0,-0.04,52.98000000000024,1.690115608727843
383,383,383,383,2024-02-22,ITC,406.9,415.15,403.45,414.45,2.028,-0.848,1.855,2.028,0.848,0.848,22,2,2024,0.02,2.0,-0.04,52.94000000000024,1.689439562484352
384,384,384,384,2024-02-23,ITC,415.9,415.9,410.5,411.4,0.0,-1.298,-1.082,1.298,0.0,0.0,23,2,2024,0.02,2.0,1.062,54.00200000000024,1.707381410637936
385,385,385,385,2024-02-26,ITC,411.1,413.05,407.3,409.2,0.474,-0.924,-0.462,0.924,0.474,0.474,26,2,2024,0.02,2.0,-0.04,53.96200000000024,1.7066984580736808
386,386,386,386,2024-02-27,ITC,410.0,412.75,408.55,411.15,0.671,-0.354,0.28,0.671,0.354,0.354,27,2,2024,0.02,2.0,-0.04,53.92200000000024,1.7060157786904515
387,387,387,387,2024-02-28,ITC,411.15,412.35,406.8,408.3,0.292,-1.058,-0.693,1.058,0.292,0.292,28,2,2024,0.02,2.0,-0.04,53.88200000000024,1.7053333723789754
388,388,388,388,2024-02-29,ITC,409.0,411.05,404.5,406.3,0.501,-1.1,-0.66,1.1,0.501,0.501,29,2,2024,0.02,2.0,-0.04,53.84200000000024,1.704651239030024
389,389,389,389,2024-03-01,ITC,408.9,413.15,407.5,409.5,1.039,-0.342,0.147,1.039,0.342,0.342,1,3,2024,0.02,2.0,-0.04,53.80200000000024,1.7039693785344119
390,390,390,390,2024-03-02,ITC,411.0,412.8,410.1,412.05,0.438,-0.219,0.255,0.438,0.219,0.219,2,3,2024,0.02,2.0,-0.04,53.76200000000024,1.7032877907829982
391,391,391,391,2024-03-04,ITC,412.25,412.95,408.45,409.1,0.17,-0.922,-0.764,0.922,0.17,0.17,4,3,2024,0.02,2.0,-0.04,53.72200000000024,1.702606475666685
392,392,392,392,2024-03-05,ITC,409.65,411.4,403.95,406.15,0.427,-1.391,-0.854,1.391,0.427,0.427,5,3,2024,0.02,2.0,-0.04,53.682000000000244,1.7019254330764184
393,393,393,393,2024-03-06,ITC,406.5,409.95,400.7,407.85,0.849,-1.427,0.332,1.427,0.849,0.849,6,3,2024,0.02,2.0,-0.04,53.642000000000245,1.7012446629031879
394,394,394,394,2024-03-07,ITC,407.85,414.95,403.65,413.55,1.741,-1.03,1.398,1.741,1.03,1.03,7,3,2024,0.02,2.0,-0.04,53.602000000000245,1.7005641650380268
395,395,395,395,2024-03-11,ITC,416.8,418.3,408.0,409.4,0.36,-2.111,-1.775,2.111,0.36,0.36,11,3,2024,0.02,2.0,-0.04,53.562000000000246,1.6998839393720115
396,396,396,396,2024-03-12,ITC,406.5,406.5,399.35,404.45,0.0,-1.759,-0.504,1.759,0.0,0.0,12,3,2024,0.02,2.0,0.484,54.04600000000025,1.708111377638572
397,397,397,397,2024-03-13,ITC,435.0,438.0,421.15,422.45,0.69,-3.184,-2.885,3.184,0.69,0.69,13,3,2024,0.02,2.0,-0.04,54.00600000000025,1.7074281330875165
398,398,398,398,2024-03-14,ITC,421.95,425.5,418.0,419.65,0.841,-0.936,-0.545,0.936,0.841,0.841,14,3,2024,0.02,2.0,-0.04,53.96600000000025,1.7067451618342815
399,399,399,399,2024-03-15,ITC,417.2,428.55,415.25,419.1,2.721,-0.467,0.455,2.721,0.467,0.467,15,3,2024,0.02,2.0,-0.04,53.92600000000025,1.7060624637695478
400,400,400,400,2024-03-18,ITC,419.0,420.7,416.9,417.45,0.406,-0.501,-0.37,0.501,0.406,0.406,18,3,2024,0.02,2.0,-0.04,53.88600000000025,1.70538003878404
401,401,401,401,2024-03-19,ITC,418.0,419.55,408.7,409.55,0.371,-2.225,-2.022,2.225,0.371,0.371,19,3,2024,0.02,2.0,-0.04,53.84600000000025,1.7046978867685265
402,402,402,402,2024-03-20,ITC,410.0,416.65,409.55,415.7,1.622,-0.11,1.39,1.622,0.11,0.11,20,3,2024,0.02,2.0,-0.04,53.80600000000025,1.704016007613819
403,403,403,403,2024-03-21,ITC,419.0,422.0,416.2,421.25,0.716,-0.668,0.537,0.716,0.668,0.668,21,3,2024,0.02,2.0,-0.04,53.766000000000254,1.7033344012107736
404,404,404,404,2024-03-22,ITC,421.25,429.65,421.25,428.6,1.994,0.0,1.745,1.994,0.0,0.0,22,3,2024,0.02,2.0,1.725,55.491000000000255,1.7327169196316594
405,405,405,405,2024-03-26,ITC,425.55,429.2,425.55,427.65,0.858,0.0,0.493,0.858,0.0,0.0,26,3,2024,0.02,2.0,0.473,55.964000000000254,1.740912670661517
406,406,406,406,2024-03-27,ITC,427.0,428.9,426.45,428.0,0.445,-0.129,0.234,0.445,0.129,0.129,27,3,2024,0.02,2.0,-0.04,55.924000000000255,1.7402163055932525
407,407,407,407,2024-03-28,ITC,428.0,433.25,427.0,428.35,1.227,-0.234,0.082,1.227,0.234,0.234,28,3,2024,0.02,2.0,-0.04,55.884000000000256,1.7395202190710153
408,408,408,408,2024-04-01,ITC,429.1,431.35,425.75,426.7,0.524,-0.781,-0.559,0.781,0.524,0.524,1,4,2024,0.02,2.0,-0.04,55.84400000000026,1.738824410983387
409,409,409,409,2024-04-02,ITC,428.7,428.7,424.6,425.85,0.0,-0.956,-0.665,0.956,0.0,0.0,2,4,2024,0.02,2.0,0.645,56.48900000000026,1.75003982843423
410,410,410,410,2024-04-03,ITC,426.0,428.8,421.0,425.2,0.657,-1.174,-0.188,1.174,0.657,0.657,3,4,2024,0.02,2.0,-0.04,56.44900000000026,1.7493398125028563
411,411,411,411,2024-04-04,ITC,425.55,427.35,419.9,422.75,0.423,-1.328,-0.658,1.328,0.423,0.423,4,4,2024,0.02,2.0,-0.04,56.40900000000026,1.7486400765778551
412,412,412,412,2024-04-05,ITC,422.5,431.7,419.95,427.55,2.178,-0.604,1.195,2.178,0.604,0.604,5,4,2024,0.02,2.0,-0.04,56.36900000000026,1.747940620547224
413,413,413,413,2024-04-08,ITC,428.3,431.4,427.75,429.1,0.724,-0.128,0.187,0.724,0.128,0.128,8,4,2024,0.02,2.0,-0.04,56.32900000000026,1.7472414442990052
414,414,414,414,2024-04-09,ITC,430.45,431.5,425.55,426.35,0.244,-1.138,-0.952,1.138,0.244,0.244,9,4,2024,0.02,2.0,-0.04,56.289000000000264,1.7465425477212857
415,415,415,415,2024-04-10,ITC,428.3,437.8,425.75,436.95,2.218,-0.595,2.02,2.218,0.595,0.595,10,4,2024,0.02,2.0,-0.04,56.249000000000265,1.7458439307021973
416,416,416,416,2024-04-12,ITC,435.0,435.75,428.3,430.1,0.172,-1.54,-1.126,1.54,0.172,0.172,12,4,2024,0.02,2.0,-0.04,56.209000000000266,1.7451455931299165
417,417,417,417,2024-04-15,ITC,428.0,429.15,422.9,425.9,0.269,-1.192,-0.491,1.192,0.269,0.269,15,4,2024,0.02,2.0,-0.04,56.16900000000027,1.7444475348926645
418,418,418,418,2024-04-16,ITC,423.25,427.0,423.2,425.9,0.886,-0.012,0.626,0.886,0.012,0.012,16,4,2024,0.02,2.0,0.606,56.77500000000027,1.755018886954114
419,419,419,419,2024-04-18,ITC,426.0,426.9,417.65,418.85,0.211,-1.96,-1.678,1.96,0.211,0.211,18,4,2024,0.02,2.0,-0.04,56.73500000000027,1.7543168793993322
420,420,420,420,2024-04-19,ITC,418.0,426.25,416.0,424.75,1.974,-0.478,1.615,1.974,0.478,0.478,19,4,2024,0.02,2.0,-0.04,56.69500000000027,1.7536151526475725
421,421,421,421,2024-04-22,ITC,427.0,427.6,423.35,425.3,0.141,-0.855,-0.398,0.855,0.141,0.141,22,4,2024,0.02,2.0,-0.04,56.65500000000027,1.7529137065865135
422,422,422,422,2024-04-23,ITC,425.3,430.5,425.1,429.2,1.223,-0.047,0.917,1.223,0.047,0.047,23,4,2024,0.02,2.0,-0.04,56.61500000000027,1.752212541103879
423,423,423,423,2024-04-24,ITC,429.25,430.8,428.3,428.9,0.361,-0.221,-0.082,0.361,0.221,0.221,24,4,2024,0.02,2.0,-0.04,56.57500000000027,1.7515116560874375
424,424,424,424,2024-04-25,ITC,431.0,438.3,429.0,437.55,1.694,-0.464,1.52,1.694,0.464,0.464,25,4,2024,0.02,2.0,-0.04,56.535000000000274,1.7508110514250026
425,425,425,425,2024-04-26,ITC,439.25,443.3,436.4,440.0,0.922,-0.649,0.171,0.922,0.649,0.649,26,4,2024,0.02,2.0,-0.04,56.495000000000275,1.7501107270044327
426,426,426,426,2024-04-29,ITC,442.0,442.45,434.6,438.2,0.102,-1.674,-0.86,1.674,0.102,0.102,29,4,2024,0.02,2.0,-0.04,56.455000000000275,1.749410682713631
427,427,427,427,2024-04-30,ITC,439.95,440.5,435.1,435.65,0.125,-1.102,-0.977,1.102,0.125,0.125,30,4,2024,0.02,2.0,-0.04,56.415000000000276,1.7487109184405458
428,428,428,428,2024-05-02,ITC,436.0,442.6,434.85,439.0,1.514,-0.264,0.688,1.514,0.264,0.264,2,5,2024,0.02,2.0,-0.04,56.37500000000028,1.7480114340731696
429,429,429,429,2024-05-03,ITC,440.05,440.05,431.35,436.45,0.0,-1.977,-0.818,1.977,0.0,0.0,3,5,2024,0.02,2.0,0.7979999999999999,57.17300000000028,1.7619605653170736
430,430,430,430,2024-05-06,ITC,438.0,440.45,433.35,434.75,0.559,-1.062,-0.742,1.062,0.559,0.559,6,5,2024,0.02,2.0,-0.04,57.13300000000028,1.7612557810909468
431,431,431,431,2024-05-07,ITC,436.9,446.0,435.2,440.35,2.083,-0.389,0.79,2.083,0.389,0.389,7,5,2024,0.02,2.0,-0.04,57.09300000000028,1.7605512787785105
432,432,432,432,2024-05-08,ITC,441.25,444.7,438.2,441.0,0.782,-0.691,-0.057,0.782,0.691,0.691,8,5,2024,0.02,2.0,-0.04,57.05300000000028,1.7598470582669992
433,433,433,433,2024-05-09,ITC,440.05,441.5,423.35,425.1,0.33,-3.795,-3.397,3.795,0.33,0.33,9,5,2024,0.02,2.0,-0.04,57.01300000000028,1.7591431194436924
434,434,434,434,2024-05-10,ITC,426.5,436.35,426.5,433.35,2.309,0.0,1.606,2.309,0.0,0.0,10,5,2024,0.02,2.0,1.98,58.99300000000028,1.7939741532086775
435,435,435,435,2024-05-13,ITC,433.25,435.45,429.5,431.85,0.508,-0.866,-0.323,0.866,0.508,0.508,13,5,2024,0.02,2.0,-0.04,58.95300000000028,1.793256563547394
436,436,436,436,2024-05-14,ITC,430.5,433.3,428.55,429.7,0.65,-0.453,-0.186,0.65,0.453,0.453,14,5,2024,0.02,2.0,-0.04,58.91300000000028,1.7925392609219752
437,437,437,437,2024-05-15,ITC,430.75,433.25,426.75,427.8,0.58,-0.929,-0.685,0.929,0.58,0.58,15,5,2024,0.02,2.0,-0.04,58.87300000000028,1.7918222452176065
438,438,438,438,2024-05-16,ITC,430.0,432.6,422.9,431.45,0.605,-1.651,0.337,1.651,0.605,0.605,16,5,2024,0.02,2.0,-0.04,58.83300000000028,1.7911055163195195
439,439,439,439,2024-05-17,ITC,432.4,437.5,428.9,436.3,1.179,-0.809,0.902,1.179,0.809,0.809,17,5,2024,0.02,2.0,-0.04,58.79300000000028,1.7903890741129918
440,440,440,440,2024-05-18,ITC,437.0,437.65,435.2,436.65,0.149,-0.412,-0.08,0.412,0.149,0.149,18,5,2024,0.02,2.0,-0.04,58.753000000000284,1.7896729184833466
441,441,441,441,2024-05-21,ITC,436.0,437.1,433.2,434.8,0.252,-0.642,-0.275,0.642,0.252,0.252,21,5,2024,0.02,2.0,-0.04,58.713000000000285,1.7889570493159535
442,442,442,442,2024-05-22,ITC,437.35,441.95,435.4,439.9,1.052,-0.446,0.583,1.052,0.446,0.446,22,5,2024,0.02,2.0,-0.04,58.673000000000286,1.7882414664962272
443,443,443,443,2024-05-23,ITC,441.4,444.9,436.55,441.35,0.793,-1.099,-0.011,1.099,0.793,0.793,23,5,2024,0.02,2.0,-0.04,58.63300000000029,1.7875261699096288
444,444,444,444,2024-05-24,ITC,441.0,442.45,435.3,436.2,0.329,-1.293,-1.088,1.293,0.329,0.329,24,5,2024,0.02,2.0,-0.04,58.59300000000029,1.786811159441665
445,445,445,445,2024-05-27,ITC,438.8,438.9,430.7,431.5,0.023,-1.846,-1.664,1.846,0.023,0.023,27,5,2024,0.02,2.0,-0.04,58.55300000000029,1.7860964349778883
446,446,446,446,2024-05-28,ITC,432.1,432.5,428.25,429.0,0.093,-0.891,-0.717,0.891,0.093,0.093,28,5,2024,0.02,2.0,-0.04,58.51300000000029,1.7853819964038973
447,447,447,447,2024-05-29,ITC,425.5,432.4,425.5,430.95,1.622,0.0,1.281,1.622,0.0,0.0,29,5,2024,0.02,2.0,1.261,59.77400000000029,1.8078956633785503
448,448,448,448,2024-05-30,ITC,428.5,430.95,422.35,423.85,0.572,-1.435,-1.085,1.435,0.572,0.572,30,5,2024,0.02,2.0,-0.04,59.73400000000029,1.807172505113199
449,449,449,449,2024-05-31,ITC,426.75,429.55,424.25,426.45,0.656,-0.586,-0.07,0.656,0.586,0.586,31,5,2024,0.02,2.0,-0.04,59.694000000000294,1.806449636111154
450,450,450,450,2024-06-03,ITC,434.0,434.9,428.65,430.35,0.207,-1.233,-0.841,1.233,0.207,0.207,3,6,2024,0.02,2.0,-0.04,59.654000000000295,1.8057270562567096
451,451,451,451,2024-06-04,ITC,426.0,426.3,402.85,415.2,0.07,-5.434,-2.535,5.434,0.07,0.07,4,6,2024,0.02,2.0,-0.04,59.614000000000296,1.805004765434207
452,452,452,452,2024-06-05,ITC,422.0,436.0,418.05,430.3,3.318,-0.936,1.967,3.318,0.936,0.936,5,6,2024,0.02,2.0,-0.04,59.5740000000003,1.8042827635280334
453,453,453,453,2024-06-06,ITC,436.0,437.7,431.1,435.4,0.39,-1.124,-0.138,1.124,0.39,0.39,6,6,2024,0.02,2.0,-0.04,59.5340000000003,1.8035610504226223
454,454,454,454,2024-06-07,ITC,431.4,441.65,431.1,439.15,2.376,-0.07,1.796,2.376,0.07,0.07,7,6,2024,0.02,2.0,-0.04,59.4940000000003,1.8028396260024533
455,455,455,455,2024-06-10,ITC,440.0,441.0,435.85,436.9,0.227,-0.943,-0.705,0.943,0.227,0.227,10,6,2024,0.02,2.0,-0.04,59.4540000000003,1.8021184901520524
456,456,456,456,2024-06-11,ITC,437.0,437.8,432.25,433.0,0.183,-1.087,-0.915,1.087,0.183,0.183,11,6,2024,0.02,2.0,-0.04,59.4140000000003,1.8013976427559917
457,457,457,457,2024-06-12,ITC,430.55,434.4,430.2,432.3,0.894,-0.081,0.406,0.894,0.081,0.081,12,6,2024,0.02,2.0,-0.04,59.3740000000003,1.8006770836988895
458,458,458,458,2024-06-13,ITC,436.9,436.9,429.75,430.3,0.0,-1.637,-1.511,1.637,0.0,0.0,13,6,2024,0.02,2.0,1.491,60.8650000000003,1.8275251790168399
459,459,459,459,2024-06-14,ITC,431.0,431.9,429.05,431.15,0.209,-0.452,0.035,0.452,0.209,0.209,14,6,2024,0.02,2.0,-0.04,60.8250000000003,1.8267941689452332
460,460,460,460,2024-06-18,ITC,433.0,434.2,428.2,428.75,0.277,-1.109,-0.982,1.109,0.277,0.277,18,6,2024,0.02,2.0,-0.04,60.7850000000003,1.8260634512776552
461,461,461,461,2024-06-19,ITC,430.0,430.75,423.05,423.65,0.174,-1.616,-1.477,1.616,0.174,0.174,19,6,2024,0.02,2.0,-0.04,60.7450000000003,1.8253330258971443
462,462,462,462,2024-06-20,ITC,424.05,426.5,421.5,423.3,0.578,-0.601,-0.177,0.601,0.578,0.578,20,6,2024,0.02,2.0,-0.04,60.705000000000304,1.8246028926867854
463,463,463,463,2024-06-21,ITC,425.0,425.3,418.55,419.6,0.071,-1.518,-1.271,1.518,0.071,0.071,21,6,2024,0.02,2.0,-0.04,60.665000000000305,1.8238730515297108
464,464,464,464,2024-06-24,ITC,420.0,423.95,420.0,423.3,0.94,0.0,0.786,0.94,0.0,0.0,24,6,2024,0.02,2.0,0.766,61.4310000000003,1.8378439191044285
465,465,465,465,2024-06-25,ITC,423.0,424.0,419.75,423.3,0.236,-0.768,0.071,0.768,0.236,0.236,25,6,2024,0.02,2.0,-0.04,61.391000000000304,1.8371087815367868
466,466,466,466,2024-06-26,ITC,423.0,426.4,422.05,423.95,0.804,-0.225,0.225,0.804,0.225,0.225,26,6,2024,0.02,2.0,-0.04,61.351000000000305,1.8363739380241721
467,467,467,467,2024-06-27,ITC,423.95,427.25,421.1,425.6,0.778,-0.672,0.389,0.778,0.672,0.672,27,6,2024,0.02,2.0,-0.04,61.311000000000305,1.8356393884489626
468,468,468,468,2024-06-28,ITC,425.5,428.0,423.5,424.9,0.588,-0.47,-0.141,0.588,0.47,0.47,28,6,2024,0.02,2.0,-0.04,61.271000000000306,1.834905132693583
469,469,469,469,2024-07-01,ITC,426.3,430.25,424.65,429.05,0.927,-0.387,0.645,0.927,0.387,0.387,1,7,2024,0.02,2.0,-0.04,61.23100000000031,1.8341711706405057
470,470,470,470,2024-07-02,ITC,430.0,430.65,422.55,425.5,0.151,-1.733,-1.047,1.733,0.151,0.151,2,7,2024,0.02,2.0,-0.04,61.19100000000031,1.8334375021722495
471,471,471,471,2024-07-03,ITC,426.1,429.65,425.5,428.3,0.833,-0.141,0.516,0.833,0.141,0.141,3,7,2024,0.02,2.0,-0.04,61.15100000000031,1.8327041271713806
472,472,472,472,2024-07-04,ITC,430.0,431.5,427.05,429.05,0.349,-0.686,-0.221,0.686,0.349,0.349,4,7,2024,0.02,2.0,-0.04,61.11100000000031,1.8319710455205123
473,473,473,473,2024-07-05,ITC,429.0,434.0,427.6,433.65,1.166,-0.326,1.084,1.166,0.326,0.326,5,7,2024,0.02,2.0,-0.04,61.07100000000031,1.831238257102304
474,474,474,474,2024-07-08,ITC,435.15,444.55,433.65,443.6,2.16,-0.345,1.942,2.16,0.345,0.345,8,7,2024,0.02,2.0,-0.04,61.03100000000031,1.8305057617994631
475,475,475,475,2024-07-09,ITC,447.6,455.0,444.0,452.6,1.653,-0.804,1.117,1.653,0.804,0.804,9,7,2024,0.02,2.0,-0.04,60.99100000000031,1.8297735594947435
476,476,476,476,2024-07-10,ITC,453.7,455.35,446.5,451.45,0.364,-1.587,-0.496,1.587,0.364,0.364,10,7,2024,0.02,2.0,-0.04,60.95100000000031,1.8290416500709457
477,477,477,477,2024-07-11,ITC,450.0,459.5,448.7,458.65,2.111,-0.289,1.922,2.111,0.289,0.289,11,7,2024,0.02,2.0,-0.04,60.911000000000314,1.8283100334109175
478,478,478,478,2024-07-12,ITC,458.65,463.25,455.85,459.05,1.003,-0.61,0.087,1.003,0.61,0.61,12,7,2024,0.02,2.0,-0.04,60.871000000000315,1.8275787093975533
479,479,479,479,2024-07-15,ITC,459.05,466.45,457.2,463.4,1.612,-0.403,0.948,1.612,0.403,0.403,15,7,2024,0.02,2.0,-0.04,60.831000000000316,1.8268476779137943
480,480,480,480,2024-07-16,ITC,463.45,466.75,461.4,465.55,0.712,-0.442,0.453,0.712,0.442,0.442,16,7,2024,0.02,2.0,-0.04,60.79100000000032,1.8261169388426288
481,481,481,481,2024-07-18,ITC,463.0,470.9,462.65,470.25,1.706,-0.076,1.566,1.706,0.076,0.076,18,7,2024,0.02,2.0,-0.04,60.75100000000032,1.825386492067092
482,482,482,482,2024-07-19,ITC,471.0,479.4,469.4,474.55,1.783,-0.34,0.754,1.783,0.34,0.34,19,7,2024,0.02,2.0,-0.04,60.71100000000032,1.8246563374702651
483,483,483,483,2024-07-22,ITC,474.6,479.45,465.85,466.55,1.022,-1.844,-1.696,1.844,1.022,1.022,22,7,2024,0.02,2.0,-0.04,60.67100000000032,1.823926474935277
484,484,484,484,2024-07-23,ITC,466.55,497.4,466.4,492.2,6.612,-0.032,5.498,6.612,0.032,0.032,23,7,2024,0.02,2.0,-0.04,60.63100000000032,1.823196904345303
485,485,485,485,2024-07-24,ITC,496.0,510.65,490.65,494.05,2.954,-1.079,-0.393,2.954,1.079,1.079,24,7,2024,0.02,2.0,-0.04,60.59100000000032,1.8224676255835648
486,486,486,486,2024-07-25,ITC,490.0,496.0,484.65,489.95,1.224,-1.092,-0.01,1.224,1.092,1.092,25,7,2024,0.02,2.0,-0.04,60.55100000000032,1.8217386385333314
487,487,487,487,2024-07-26,ITC,494.05,506.4,487.4,502.2,2.5,-1.346,1.65,2.5,1.346,1.346,26,7,2024,0.02,2.0,-0.04,60.51100000000032,1.821009943077918
488,488,488,488,2024-07-29,ITC,505.5,506.2,494.05,496.05,0.138,-2.265,-1.869,2.265,0.138,0.138,29,7,2024,0.02,2.0,-0.04,60.47100000000032,1.820281539100687
489,489,489,489,2024-07-30,ITC,496.3,497.8,488.65,489.9,0.302,-1.541,-1.29,1.541,0.302,0.302,30,7,2024,0.02,2.0,-0.04,60.431000000000324,1.8195534264850468
490,490,490,490,2024-07-31,ITC,492.45,497.95,490.5,495.35,1.117,-0.396,0.589,1.117,0.396,0.396,31,7,2024,0.02,2.0,-0.04,60.391000000000325,1.818825605114453
491,491,491,491,2024-08-01,ITC,495.95,496.75,490.95,493.7,0.161,-1.008,-0.454,1.008,0.161,0.161,1,8,2024,0.02,2.0,-0.04,60.351000000000326,1.8180980748724072
492,492,492,492,2024-08-02,ITC,484.8,499.45,484.8,489.1,3.022,0.0,0.887,3.022,0.0,0.0,2,8,2024,0.02,2.0,1.98,62.33100000000032,1.8540964167548808
493,493,493,493,2024-08-05,ITC,480.05,491.9,479.55,486.0,2.468,-0.104,1.239,2.468,0.104,0.104,5,8,2024,0.02,2.0,-0.04,62.291000000000324,1.853354778188179
494,494,494,494,2024-08-06,ITC,486.25,491.7,484.05,486.3,1.121,-0.452,0.01,1.121,0.452,0.452,6,8,2024,0.02,2.0,-0.04,62.251000000000325,1.8526134362769038
495,495,495,495,2024-08-07,ITC,490.0,495.6,488.1,492.65,1.143,-0.388,0.541,1.143,0.388,0.388,7,8,2024,0.02,2.0,-0.04,62.211000000000325,1.851872390902393
496,496,496,496,2024-08-08,ITC,494.0,498.0,492.5,494.75,0.81,-0.304,0.152,0.81,0.304,0.304,8,8,2024,0.02,2.0,-0.04,62.171000000000326,1.8511316419460322
497,497,497,497,2024-08-09,ITC,498.0,498.0,493.1,495.9,0.0,-0.984,-0.422,0.984,0.0,0.0,9,8,2024,0.02,2.0,0.4019999999999999,62.57300000000033,1.858573191146655
498,498,498,498,2024-08-12,ITC,492.0,500.0,492.0,494.6,1.626,0.0,0.528,1.626,0.0,0.0,12,8,2024,0.02,2.0,0.508,63.08100000000033,1.8680147429576799
499,499,499,499,2024-08-13,ITC,495.95,497.85,488.25,490.0,0.383,-1.553,-1.2,1.553,0.383,0.383,13,8,2024,0.02,2.0,-0.04,63.04100000000033,1.867267537060497
500,500,500,500,2024-08-14,ITC,491.95,499.0,489.9,492.2,1.433,-0.417,0.051,1.433,0.417,0.417,14,8,2024,0.02,2.0,-0.04,63.00100000000033,1.866520630045673
