,Unnamed: 0.11,Unnamed: 0.10,Unnamed: 0.9,Unnamed: 0.8,Unnamed: 0.7,Unnamed: 0.6,Unnamed: 0.5,Unnamed: 0.4,Unnamed: 0.3,Unnamed: 0.2,Unnamed: 0.1,Unnamed: 0,Date,Symbol,OpenPrice,HighPrice,LowPrice,ClosePrice,High%,Low%,Close%,target_wrt_h&l%,stoploss_wrt_h&l%,profit_decider,Day,Month,Year,stploss,trgt,profit,cumsum,cumprod
0,0,0,0,0,0,0,0,0,0,0,0,0,2022-08-16,SUZLON,7.65,7.7,7.55,7.7,0.654,-1.307,0.654,1.307,0.654,0.654,16,8,2022,0.01,15.8,-0.02,-0.02,0.9998
1,1,1,1,1,1,1,1,1,1,1,1,1,2022-08-17,SUZLON,7.75,7.8,7.55,7.6,0.645,-2.581,-1.935,2.581,0.645,0.645,17,8,2022,0.01,15.8,-0.02,-0.04,0.99960004
2,2,2,2,2,2,2,2,2,2,2,2,2,2022-08-18,SUZLON,7.6,7.75,7.45,7.7,1.974,-1.974,1.316,1.974,1.974,1.974,18,8,2022,0.01,15.8,-0.02,-0.06,0.9994001199920001
3,3,3,3,3,3,3,3,3,3,3,3,3,2022-08-19,SUZLON,7.7,7.8,7.6,7.7,1.299,-1.299,0.0,1.299,1.299,1.299,19,8,2022,0.01,15.8,-0.02,-0.08,0.9992002399680017
4,4,4,4,4,4,4,4,4,4,4,4,4,2022-08-22,SUZLON,7.75,8.7,7.6,8.6,12.258,-1.935,10.968,12.258,1.935,1.935,22,8,2022,0.01,15.8,-0.02,-0.1,0.9990003999200081
5,5,5,5,5,5,5,5,5,5,5,5,5,2022-08-23,SUZLON,8.7,9.3,8.6,8.95,6.897,-1.149,2.874,6.897,1.149,1.149,23,8,2022,0.01,15.8,-0.02,-0.12000000000000001,0.9988005998400241
6,6,6,6,6,6,6,6,6,6,6,6,6,2022-08-24,SUZLON,9.0,9.2,8.65,8.75,2.222,-3.889,-2.778,3.889,2.222,2.222,24,8,2022,0.01,15.8,-0.02,-0.14,0.9986008397200561
7,7,7,7,7,7,7,7,7,7,7,7,7,2022-08-25,SUZLON,8.75,8.9,8.4,8.45,1.714,-4.0,-3.429,4.0,1.714,1.714,25,8,2022,0.01,15.8,-0.02,-0.16,0.9984011195521121
8,8,8,8,8,8,8,8,8,8,8,8,8,2022-08-26,SUZLON,8.55,8.65,8.1,8.2,1.17,-5.263,-4.094,5.263,1.17,1.17,26,8,2022,0.01,15.8,-0.02,-0.18,0.9982014393282017
9,9,9,9,9,9,9,9,9,9,9,9,9,2022-08-29,SUZLON,7.9,8.4,7.7,8.05,6.329,-2.532,1.899,6.329,2.532,2.532,29,8,2022,0.01,15.8,-0.02,-0.19999999999999998,0.9980017990403361
10,10,10,10,10,10,10,10,10,10,10,10,10,2022-08-30,SUZLON,8.15,8.35,8.1,8.2,2.454,-0.613,0.613,2.454,0.613,0.613,30,8,2022,0.01,15.8,-0.02,-0.21999999999999997,0.9978021986805281
11,11,11,11,11,11,11,11,11,11,11,11,11,2022-09-01,SUZLON,8.15,8.95,8.1,8.8,9.816,-0.613,7.975,9.816,0.613,0.613,1,9,2022,0.01,15.8,-0.02,-0.23999999999999996,0.997602638240792
12,12,12,12,12,12,12,12,12,12,12,12,12,2022-09-02,SUZLON,8.95,9.2,8.75,8.8,2.793,-2.235,-1.676,2.793,2.235,2.235,2,9,2022,0.01,15.8,-0.02,-0.25999999999999995,0.9974031177131438
13,13,13,13,13,13,13,13,13,13,13,13,13,2022-09-05,SUZLON,9.15,10.55,9.05,10.55,15.301,-1.093,15.301,15.301,1.093,1.093,5,9,2022,0.01,15.8,-0.02,-0.27999999999999997,0.9972036370896012
14,14,14,14,14,14,14,14,14,14,14,14,14,2022-09-06,SUZLON,11.4,11.7,9.75,10.7,2.632,-14.474,-6.14,14.474,2.632,2.632,6,9,2022,0.01,15.8,-0.02,-0.3,0.9970041963621834
15,15,15,15,15,15,15,15,15,15,15,15,15,2022-09-07,SUZLON,10.6,11.15,10.4,10.45,5.189,-1.887,-1.415,5.189,1.887,1.887,7,9,2022,0.01,15.8,-0.02,-0.32,0.996804795522911
16,16,16,16,16,16,16,16,16,16,16,16,16,2022-09-08,SUZLON,10.65,10.8,10.0,10.15,1.408,-6.103,-4.695,6.103,1.408,1.408,8,9,2022,0.01,15.8,-0.02,-0.34,0.9966054345638065
17,17,17,17,17,17,17,17,17,17,17,17,17,2022-09-09,SUZLON,10.25,10.3,9.55,9.6,0.488,-6.829,-6.341,6.829,0.488,0.488,9,9,2022,0.01,15.8,-0.02,-0.36000000000000004,0.9964061134768937
18,18,18,18,18,18,18,18,18,18,18,18,18,2022-09-12,SUZLON,9.7,10.0,9.6,9.85,3.093,-1.031,1.546,3.093,1.031,1.031,12,9,2022,0.01,15.8,-0.02,-0.38000000000000006,0.9962068322541984
19,19,19,19,19,19,19,19,19,19,19,19,19,2022-09-13,SUZLON,9.9,9.95,9.5,9.55,0.505,-4.04,-3.535,4.04,0.505,0.505,13,9,2022,0.01,15.8,-0.02,-0.4000000000000001,0.9960075908877476
20,20,20,20,20,20,20,20,20,20,20,20,20,2022-09-14,SUZLON,9.25,9.45,9.1,9.15,2.162,-1.622,-1.081,2.162,1.622,1.622,14,9,2022,0.01,15.8,-0.02,-0.4200000000000001,0.9958083893695701
21,21,21,21,21,21,21,21,21,21,21,21,21,2022-09-15,SUZLON,9.25,9.4,9.0,9.15,1.622,-2.703,-1.081,2.703,1.622,1.622,15,9,2022,0.01,15.8,-0.02,-0.4400000000000001,0.9956092276916961
22,22,22,22,22,22,22,22,22,22,22,22,22,2022-09-16,SUZLON,9.2,9.25,8.85,9.05,0.543,-3.804,-1.63,3.804,0.543,0.543,16,9,2022,0.01,15.8,-0.02,-0.46000000000000013,0.9954101058461579
23,23,23,23,23,23,23,23,23,23,23,23,23,2022-09-19,SUZLON,9.15,9.2,8.7,8.85,0.546,-4.918,-3.279,4.918,0.546,0.546,19,9,2022,0.01,15.8,-0.02,-0.48000000000000015,0.9952110238249886
24,24,24,24,24,24,24,24,24,24,24,24,24,2022-09-20,SUZLON,8.8,8.9,8.6,8.65,1.136,-2.273,-1.705,2.273,1.136,1.136,20,9,2022,0.01,15.8,-0.02,-0.5000000000000001,0.9950119816202236
25,25,25,25,25,25,25,25,25,25,25,25,25,2022-09-21,SUZLON,8.3,8.8,8.25,8.55,6.024,-0.602,3.012,6.024,0.602,0.602,21,9,2022,0.01,15.8,-0.02,-0.5200000000000001,0.9948129792238997
26,26,26,26,26,26,26,26,26,26,26,26,26,2022-09-22,SUZLON,8.5,9.85,8.5,9.6,15.882,0.0,12.941,15.882,0.0,0.0,22,9,2022,0.01,15.8,15.79,15.27,1.1518939486433533
27,27,27,27,27,27,27,27,27,27,27,27,27,2022-09-23,SUZLON,9.75,9.9,9.0,9.1,1.538,-7.692,-6.667,7.692,1.538,1.538,23,9,2022,0.01,15.8,-0.02,15.25,1.1516635698536246
28,28,28,28,28,28,28,28,28,28,28,28,28,2022-09-26,SUZLON,8.95,8.95,8.15,8.55,0.0,-8.939,-4.469,8.939,0.0,0.0,26,9,2022,0.01,15.8,4.4590000000000005,19.709,1.2030162484333977
29,29,29,29,29,29,29,29,29,29,29,29,29,2022-09-27,SUZLON,8.7,9.05,8.25,8.35,4.023,-5.172,-4.023,5.172,4.023,4.023,27,9,2022,0.01,15.8,-0.02,19.689,1.202775645183711
30,30,30,30,30,30,30,30,30,30,30,30,30,2022-09-28,SUZLON,8.2,8.35,7.95,8.1,1.829,-3.049,-1.22,3.049,1.829,1.829,28,9,2022,0.01,15.8,-0.02,19.669,1.2025350900546743
31,31,31,31,31,31,31,31,31,31,31,31,31,2022-09-29,SUZLON,8.35,8.6,8.25,8.45,2.994,-1.198,1.198,2.994,1.198,1.198,29,9,2022,0.01,15.8,-0.02,19.649,1.2022945830366634
32,32,32,32,32,32,32,32,32,32,32,32,32,2022-09-30,SUZLON,8.5,8.85,8.45,8.7,4.118,-0.588,2.353,4.118,0.588,0.588,30,9,2022,0.01,15.8,-0.02,19.629,1.202054124120056
33,33,33,33,33,33,33,33,33,33,33,33,33,2022-10-03,SUZLON,7.6,8.25,7.5,7.9,8.553,-1.316,3.947,8.553,1.316,1.316,3,10,2022,0.01,15.8,-0.02,19.609,1.201813713295232
34,34,34,34,34,34,34,34,34,34,34,34,34,2022-10-04,SUZLON,7.9,7.9,7.9,7.9,0.0,0.0,0.0,0.0,0.0,0.0,4,10,2022,0.01,15.8,-0.01,19.599,1.2016935319239026
35,35,35,35,35,35,35,35,35,35,35,35,35,2022-10-04,SUZLON,8.2,8.25,7.8,7.9,0.61,-4.878,-3.659,4.878,0.61,0.61,4,10,2022,0.01,15.8,-0.02,19.579,1.2014531932175179
36,36,36,36,36,36,36,36,36,36,36,36,36,2022-10-06,SUZLON,8.0,8.0,7.55,7.65,0.0,-5.625,-4.375,5.625,0.0,0.0,6,10,2022,0.01,15.8,4.365,23.944000000000003,1.2538966251014625
37,37,37,37,37,37,37,37,37,37,37,37,37,2022-10-07,SUZLON,7.75,7.85,7.6,7.65,1.29,-1.935,-1.29,1.935,1.29,1.29,7,10,2022,0.01,15.8,-0.02,23.924000000000003,1.2536458457764423
38,38,38,38,38,38,38,38,38,38,38,38,38,2022-10-10,SUZLON,7.6,7.95,7.5,7.65,4.605,-1.316,0.658,4.605,1.316,1.316,10,10,2022,0.01,15.8,-0.02,23.904000000000003,1.253395116607287
39,39,39,39,39,39,39,39,39,39,39,39,39,2022-10-11,SUZLON,7.6,7.65,7.05,7.1,0.658,-7.237,-6.579,7.237,0.658,0.658,11,10,2022,0.01,15.8,-0.02,23.884000000000004,1.2531444375839655
40,40,40,40,40,40,40,40,40,40,40,40,40,2022-10-12,SUZLON,7.25,7.4,6.9,6.95,2.069,-4.828,-4.138,4.828,2.069,2.069,12,10,2022,0.01,15.8,-0.02,23.864000000000004,1.2528938086964487
41,41,41,41,41,41,41,41,41,41,41,41,41,2022-10-13,SUZLON,6.95,6.95,6.6,6.8,0.0,-5.036,-2.158,5.036,0.0,0.0,13,10,2022,0.01,15.8,2.148,26.012000000000004,1.2798059677072484
42,42,42,42,42,42,42,42,42,42,42,42,42,2022-10-14,SUZLON,7.0,7.0,6.65,6.7,0.0,-5.0,-4.286,5.0,0.0,0.0,14,10,2022,0.01,15.8,4.276,30.288000000000004,1.3345304708864103
43,43,43,43,43,43,43,43,43,43,43,43,43,2022-10-17,SUZLON,6.8,7.6,6.75,7.45,11.765,-0.735,9.559,11.765,0.735,0.735,17,10,2022,0.01,15.8,-0.02,30.268000000000004,1.334263564792233
44,44,44,44,44,44,44,44,44,44,44,44,44,2022-10-18,SUZLON,7.65,7.9,7.55,7.75,3.268,-1.307,1.307,3.268,1.307,1.307,18,10,2022,0.01,15.8,-0.02,30.248000000000005,1.3339967120792746
45,45,45,45,45,45,45,45,45,45,45,45,45,2022-10-19,SUZLON,7.85,9.3,7.8,9.25,18.471,-0.637,17.834,18.471,0.637,0.637,19,10,2022,0.01,15.8,-0.02,30.228000000000005,1.3337299127368587
46,46,46,46,46,46,46,46,46,46,46,46,46,2022-10-20,SUZLON,9.3,9.6,8.1,8.9,3.226,-12.903,-4.301,12.903,3.226,3.226,20,10,2022,0.01,15.8,-0.02,30.208000000000006,1.3334631667543113
47,47,47,47,47,47,47,47,47,47,47,47,47,2022-10-21,SUZLON,8.95,9.15,8.55,8.65,2.235,-4.469,-3.352,4.469,2.235,2.235,21,10,2022,0.01,15.8,-0.02,30.188000000000006,1.3331964741209605
48,48,48,48,48,48,48,48,48,48,48,48,48,2022-10-24,SUZLON,8.85,9.0,8.55,8.8,1.695,-3.39,-0.565,3.39,1.695,1.695,24,10,2022,0.01,15.8,-0.02,30.168000000000006,1.3329298348261365
49,49,49,49,49,49,49,49,49,49,49,49,49,2022-10-25,SUZLON,8.8,8.8,8.35,8.4,0.0,-5.114,-4.545,5.114,0.0,0.0,25,10,2022,0.01,15.8,4.535,34.703,1.3933782028355017
50,50,50,50,50,50,50,50,50,50,50,50,50,2022-10-27,SUZLON,8.5,8.6,8.0,8.15,1.176,-5.882,-4.118,5.882,1.176,1.176,27,10,2022,0.01,15.8,-0.02,34.683,1.3930995271949347
51,51,51,51,51,51,51,51,51,51,51,51,51,2022-10-28,SUZLON,8.2,8.25,8.0,8.1,0.61,-2.439,-1.22,2.439,0.61,0.61,28,10,2022,0.01,15.8,-0.02,34.663,1.3928209072894957
52,52,52,52,52,52,52,52,52,52,52,52,52,2022-10-31,SUZLON,8.05,8.05,7.7,7.95,0.0,-4.348,-1.242,4.348,0.0,0.0,31,10,2022,0.01,15.8,1.232,35.894999999999996,1.4099804608673023
53,53,53,53,53,53,53,53,53,53,53,53,53,2022-11-01,SUZLON,8.05,8.6,7.95,8.2,6.832,-1.242,1.863,6.832,1.242,1.242,1,11,2022,0.01,15.8,-0.02,35.87499999999999,1.409698464775129
54,54,54,54,54,54,54,54,54,54,54,54,54,2022-11-02,SUZLON,8.2,8.25,7.95,8.0,0.61,-3.049,-2.439,3.049,0.61,0.61,2,11,2022,0.01,15.8,-0.02,35.85499999999999,1.409416525082174
55,55,55,55,55,55,55,55,55,55,55,55,55,2022-11-03,SUZLON,8.0,8.2,7.95,8.05,2.5,-0.625,0.625,2.5,0.625,0.625,3,11,2022,0.01,15.8,-0.02,35.83499999999999,1.4091346417771575
56,56,56,56,56,56,56,56,56,56,56,56,56,2022-11-04,SUZLON,8.1,8.25,8.05,8.15,1.852,-0.617,0.617,1.852,0.617,0.617,4,11,2022,0.01,15.8,-0.02,35.81499999999998,1.4088528148488022
57,57,57,57,57,57,57,57,57,57,57,57,57,2022-11-07,SUZLON,8.2,8.45,8.05,8.15,3.049,-1.829,-0.61,3.049,1.829,1.829,7,11,2022,0.01,15.8,-0.02,35.79499999999998,1.4085710442858326
58,58,58,58,58,58,58,58,58,58,58,58,58,2022-11-09,SUZLON,8.3,8.35,8.15,8.25,0.602,-1.807,-0.602,1.807,0.602,0.602,9,11,2022,0.01,15.8,-0.02,35.77499999999998,1.4082893300769754
59,59,59,59,59,59,59,59,59,59,59,59,59,2022-11-10,SUZLON,8.25,8.4,8.15,8.3,1.818,-1.212,0.606,1.818,1.212,1.212,10,11,2022,0.01,15.8,-0.02,35.754999999999974,1.40800767221096
60,60,60,60,60,60,60,60,60,60,60,60,60,2022-11-11,SUZLON,8.5,8.55,8.2,8.2,0.588,-3.529,-3.529,3.529,0.588,0.588,11,11,2022,0.01,15.8,-0.02,35.73499999999997,1.4077260706765178
61,61,61,61,61,61,61,61,61,61,61,61,61,2022-11-14,SUZLON,8.3,8.35,8.2,8.25,0.602,-1.205,-0.602,1.205,0.602,0.602,14,11,2022,0.01,15.8,-0.02,35.71499999999997,1.4074445254623824
62,62,62,62,62,62,62,62,62,62,62,62,62,2022-11-15,SUZLON,8.25,8.3,8.1,8.2,0.606,-1.818,-0.606,1.818,0.606,0.606,15,11,2022,0.01,15.8,-0.02,35.694999999999965,1.40716303655729
63,63,63,63,63,63,63,63,63,63,63,63,63,2022-11-16,SUZLON,8.2,8.25,8.0,8.1,0.61,-2.439,-1.22,2.439,0.61,0.61,16,11,2022,0.01,15.8,-0.02,35.67499999999996,1.4068816039499785
64,64,64,64,64,64,64,64,64,64,64,64,64,2022-11-17,SUZLON,8.15,8.15,7.9,8.0,0.0,-3.067,-1.84,3.067,0.0,0.0,17,11,2022,0.01,15.8,1.83,37.50499999999996,1.432627537302263
65,65,65,65,65,65,65,65,65,65,65,65,65,2022-11-18,SUZLON,8.05,8.15,8.0,8.1,1.242,-0.621,0.621,1.242,0.621,0.621,18,11,2022,0.01,15.8,-0.02,37.48499999999996,1.4323410117948026
66,66,66,66,66,66,66,66,66,66,66,66,66,2022-11-21,SUZLON,8.1,8.15,8.0,8.05,0.617,-1.235,-0.617,1.235,0.617,0.617,21,11,2022,0.01,15.8,-0.02,37.464999999999954,1.4320545435924437
67,67,67,67,67,67,67,67,67,67,67,67,67,2022-11-22,SUZLON,8.1,8.1,7.95,8.0,0.0,-1.852,-1.235,1.852,0.0,0.0,22,11,2022,0.01,15.8,1.225,38.689999999999955,1.4495972117514513
68,68,68,68,68,68,68,68,68,68,68,68,68,2022-11-23,SUZLON,8.05,8.1,7.8,7.9,0.621,-3.106,-1.863,3.106,0.621,0.621,23,11,2022,0.01,15.8,-0.02,38.66999999999995,1.449307292309101
69,69,69,69,69,69,69,69,69,69,69,69,69,2022-11-24,SUZLON,7.95,8.0,7.85,7.9,0.629,-1.258,-0.629,1.258,0.629,0.629,24,11,2022,0.01,15.8,-0.02,38.64999999999995,1.4490174308506392
70,70,70,70,70,70,70,70,70,70,70,70,70,2022-11-25,SUZLON,7.9,8.6,7.85,8.45,8.861,-0.633,6.962,8.861,0.633,0.633,25,11,2022,0.01,15.8,-0.02,38.629999999999946,1.4487276273644691
71,71,71,71,71,71,71,71,71,71,71,71,71,2022-11-28,SUZLON,8.6,9.0,8.5,8.8,4.651,-1.163,2.326,4.651,1.163,1.163,28,11,2022,0.01,15.8,-0.02,38.60999999999994,1.4484378818389962
72,72,72,72,72,72,72,72,72,72,72,72,72,2022-11-29,SUZLON,8.9,9.2,8.7,8.75,3.371,-2.247,-1.685,3.371,2.247,2.247,29,11,2022,0.01,15.8,-0.02,38.58999999999994,1.4481481942626284
73,73,73,73,73,73,73,73,73,73,73,73,73,2022-11-30,SUZLON,8.8,9.35,8.75,9.25,6.25,-0.568,5.114,6.25,0.568,0.568,30,11,2022,0.01,15.8,-0.02,38.569999999999936,1.4478585646237758
74,74,74,74,74,74,74,74,74,74,74,74,74,2022-12-01,SUZLON,9.4,9.5,9.0,9.05,1.064,-4.255,-3.723,4.255,1.064,1.064,1,12,2022,0.01,15.8,-0.02,38.54999999999993,1.447568992910851
75,75,75,75,75,75,75,75,75,75,75,75,75,2022-12-02,SUZLON,9.1,9.5,8.85,9.45,4.396,-2.747,3.846,4.396,2.747,2.747,2,12,2022,0.01,15.8,-0.02,38.52999999999993,1.447279479112269
76,76,76,76,76,76,76,76,76,76,76,76,76,2022-12-05,SUZLON,9.55,10.4,9.5,10.0,8.901,-0.524,4.712,8.901,0.524,0.524,5,12,2022,0.01,15.8,-0.02,38.50999999999993,1.4469900232164465
77,77,77,77,77,77,77,77,77,77,77,77,77,2022-12-06,SUZLON,10.05,10.5,9.95,10.2,4.478,-0.995,1.493,4.478,0.995,0.995,6,12,2022,0.01,15.8,-0.02,38.489999999999924,1.4467006252118033
78,78,78,78,78,78,78,78,78,78,78,78,78,2022-12-07,SUZLON,10.25,10.4,9.8,9.85,1.463,-4.39,-3.902,4.39,1.463,1.463,7,12,2022,0.01,15.8,-0.02,38.46999999999992,1.446411285086761
79,79,79,79,79,79,79,79,79,79,79,79,79,2022-12-08,SUZLON,9.9,10.0,9.7,9.8,1.01,-2.02,-1.01,2.02,1.01,1.01,8,12,2022,0.01,15.8,-0.02,38.44999999999992,1.4461220028297437
80,80,80,80,80,80,80,80,80,80,80,80,80,2022-12-09,SUZLON,9.85,9.9,9.25,9.3,0.508,-6.091,-5.584,6.091,0.508,0.508,9,12,2022,0.01,15.8,-0.02,38.429999999999914,1.4458327784291778
81,81,81,81,81,81,81,81,81,81,81,81,81,2022-12-12,SUZLON,9.3,10.35,9.25,10.25,11.29,-0.538,10.215,11.29,0.538,0.538,12,12,2022,0.01,15.8,-0.02,38.40999999999991,1.445543611873492
82,82,82,82,82,82,82,82,82,82,82,82,82,2022-12-13,SUZLON,10.35,10.45,10.05,10.1,0.966,-2.899,-2.415,2.899,0.966,0.966,13,12,2022,0.01,15.8,-0.02,38.38999999999991,1.4452545031511173
83,83,83,83,83,83,83,83,83,83,83,83,83,2022-12-14,SUZLON,10.2,11.0,10.1,10.9,7.843,-0.98,6.863,7.843,0.98,0.98,14,12,2022,0.01,15.8,-0.02,38.369999999999905,1.4449654522504871
84,84,84,84,84,84,84,84,84,84,84,84,84,2022-12-15,SUZLON,10.8,11.25,10.65,10.95,4.167,-1.389,1.389,4.167,1.389,1.389,15,12,2022,0.01,15.8,-0.02,38.3499999999999,1.444676459160037
85,85,85,85,85,85,85,85,85,85,85,85,85,2022-12-16,SUZLON,11.0,11.2,10.4,10.75,1.818,-5.455,-2.273,5.455,1.818,1.818,16,12,2022,0.01,15.8,-0.02,38.3299999999999,1.444387523868205
86,86,86,86,86,86,86,86,86,86,86,86,86,2022-12-19,SUZLON,10.85,11.9,10.85,11.65,9.677,0.0,7.373,9.677,0.0,0.0,19,12,2022,0.01,15.8,7.363,45.6929999999999,1.550737777250621
87,87,87,87,87,87,87,87,87,87,87,87,87,2022-12-20,SUZLON,11.75,12.15,11.2,11.5,3.404,-4.681,-2.128,4.681,3.404,3.404,20,12,2022,0.01,15.8,-0.02,45.672999999999895,1.550427629695171
88,88,88,88,88,88,88,88,88,88,88,88,88,2022-12-21,SUZLON,11.65,11.8,9.9,10.2,1.288,-15.021,-12.446,15.021,1.288,1.288,21,12,2022,0.01,15.8,-0.02,45.65299999999989,1.5501175441692319
89,89,89,89,89,89,89,89,89,89,89,89,89,2022-12-22,SUZLON,10.4,10.65,9.55,9.95,2.404,-8.173,-4.327,8.173,2.404,2.404,22,12,2022,0.01,15.8,-0.02,45.63299999999989,1.549807520660398
90,90,90,90,90,90,90,90,90,90,90,90,90,2022-12-23,SUZLON,9.75,9.8,8.9,9.0,0.513,-8.718,-7.692,8.718,0.513,0.513,23,12,2022,0.01,15.8,-0.02,45.612999999999886,1.549497559156266
91,91,91,91,91,91,91,91,91,91,91,91,91,2022-12-26,SUZLON,9.0,10.0,9.0,9.8,11.111,0.0,8.889,11.111,0.0,0.0,26,12,2022,0.01,15.8,8.879,54.491999999999884,1.6870774474337509
92,92,92,92,92,92,92,92,92,92,92,92,92,2022-12-27,SUZLON,10.15,10.4,9.9,10.2,2.463,-2.463,0.493,2.463,2.463,2.463,27,12,2022,0.01,15.8,-0.02,54.47199999999988,1.6867400319442643
93,93,93,93,93,93,93,93,93,93,93,93,93,2022-12-28,SUZLON,10.2,10.35,9.9,10.05,1.471,-2.941,-1.471,2.941,1.471,1.471,28,12,2022,0.01,15.8,-0.02,54.45199999999988,1.6864026839378754
94,94,94,94,94,94,94,94,94,94,94,94,94,2022-12-29,SUZLON,10.0,10.25,9.8,10.15,2.5,-2.0,1.5,2.5,2.0,2.0,29,12,2022,0.01,15.8,-0.02,54.431999999999874,1.6860654034010878
95,95,95,95,95,95,95,95,95,95,95,95,95,2022-12-30,SUZLON,10.25,11.0,10.15,10.6,7.317,-0.976,3.415,7.317,0.976,0.976,30,12,2022,0.01,15.8,-0.02,54.41199999999987,1.6857281903204075
96,96,96,96,96,96,96,96,96,96,96,96,96,2023-01-02,SUZLON,10.7,10.8,10.4,10.7,0.935,-2.804,0.0,2.804,0.935,0.935,2,1,2023,0.01,15.8,-0.02,54.39199999999987,1.6853910446823435
97,97,97,97,97,97,97,97,97,97,97,97,97,2023-01-03,SUZLON,10.75,11.0,10.6,10.75,2.326,-1.395,0.0,2.326,1.395,1.395,3,1,2023,0.01,15.8,-0.02,54.371999999999865,1.685053966473407
98,98,98,98,98,98,98,98,98,98,98,98,98,2023-01-04,SUZLON,10.75,10.8,10.3,10.4,0.465,-4.186,-3.256,4.186,0.465,0.465,4,1,2023,0.01,15.8,-0.02,54.35199999999986,1.6847169556801123
99,99,99,99,99,99,99,99,99,99,99,99,99,2023-01-05,SUZLON,10.55,10.6,10.05,10.25,0.474,-4.739,-2.844,4.739,0.474,0.474,5,1,2023,0.01,15.8,-0.02,54.33199999999986,1.6843800122889763
100,100,100,100,100,100,100,100,100,100,100,100,100,2023-01-06,SUZLON,10.35,10.4,10.05,10.2,0.483,-2.899,-1.449,2.899,0.483,0.483,6,1,2023,0.01,15.8,-0.02,54.311999999999856,1.6840431362865185
101,101,101,101,101,101,101,101,101,101,101,101,101,2023-01-09,SUZLON,10.35,10.55,10.2,10.2,1.932,-1.449,-1.449,1.932,1.449,1.449,9,1,2023,0.01,15.8,-0.02,54.29199999999985,1.6837063276592612
102,102,102,102,102,102,102,102,102,102,102,102,102,2023-01-10,SUZLON,10.25,10.25,9.95,10.05,0.0,-2.927,-1.951,2.927,0.0,0.0,10,1,2023,0.01,15.8,1.941,56.232999999999855,1.7163870674791273
103,103,103,103,103,103,103,103,103,103,103,103,103,2023-01-11,SUZLON,10.15,10.3,10.05,10.1,1.478,-0.985,-0.493,1.478,0.985,0.985,11,1,2023,0.01,15.8,-0.02,56.21299999999985,1.7160437900656316
104,104,104,104,104,104,104,104,104,104,104,104,104,2023-01-12,SUZLON,10.15,10.2,9.9,10.0,0.493,-2.463,-1.478,2.463,0.493,0.493,12,1,2023,0.01,15.8,-0.02,56.19299999999985,1.7157005813076185
105,105,105,105,105,105,105,105,105,105,105,105,105,2023-01-13,SUZLON,10.0,10.1,9.85,10.05,1.0,-1.5,0.5,1.5,1.0,1.0,13,1,2023,0.01,15.8,-0.02,56.172999999999845,1.715357441191357
106,106,106,106,106,106,106,106,106,106,106,106,106,2023-01-16,SUZLON,10.1,10.15,9.95,10.0,0.495,-1.485,-0.99,1.485,0.495,0.495,16,1,2023,0.01,15.8,-0.02,56.15299999999984,1.7150143697031188
107,107,107,107,107,107,107,107,107,107,107,107,107,2023-01-17,SUZLON,10.0,10.05,9.9,10.0,0.5,-1.0,0.0,1.0,0.5,0.5,17,1,2023,0.01,15.8,-0.02,56.13299999999984,1.7146713668291782
108,108,108,108,108,108,108,108,108,108,108,108,108,2023-01-18,SUZLON,9.95,10.0,9.75,9.8,0.503,-2.01,-1.508,2.01,0.503,0.503,18,1,2023,0.01,15.8,-0.02,56.112999999999836,1.7143284325558124
109,109,109,109,109,109,109,109,109,109,109,109,109,2023-01-19,SUZLON,9.8,9.8,9.6,9.65,0.0,-2.041,-1.531,2.041,0.0,0.0,19,1,2023,0.01,15.8,1.521,57.63399999999984,1.7404033680149862
110,110,110,110,110,110,110,110,110,110,110,110,110,2023-01-20,SUZLON,9.65,10.25,9.6,10.0,6.218,-0.518,3.627,6.218,0.518,0.518,20,1,2023,0.01,15.8,-0.02,57.613999999999834,1.7400552873413833
111,111,111,111,111,111,111,111,111,111,111,111,111,2023-01-23,SUZLON,10.05,10.1,9.7,9.75,0.498,-3.483,-2.985,3.483,0.498,0.498,23,1,2023,0.01,15.8,-0.02,57.59399999999983,1.739707276283915
112,112,112,112,112,112,112,112,112,112,112,112,112,2023-01-24,SUZLON,9.75,9.85,9.6,9.65,1.026,-1.538,-1.026,1.538,1.026,1.026,24,1,2023,0.01,15.8,-0.02,57.57399999999983,1.7393593348286582
113,113,113,113,113,113,113,113,113,113,113,113,113,2023-01-25,SUZLON,9.65,9.75,9.4,9.5,1.036,-2.591,-1.554,2.591,1.036,1.036,25,1,2023,0.01,15.8,-0.02,57.553999999999824,1.7390114629616926
114,114,114,114,114,114,114,114,114,114,114,114,114,2023-01-27,SUZLON,9.5,9.7,8.95,9.1,2.105,-5.789,-4.211,5.789,2.105,2.105,27,1,2023,0.01,15.8,-0.02,57.53399999999982,1.7386636606691004
115,115,115,115,115,115,115,115,115,115,115,115,115,2023-01-30,SUZLON,9.0,9.35,8.8,8.95,3.889,-2.222,-0.556,3.889,2.222,2.222,30,1,2023,0.01,15.8,-0.02,57.51399999999982,1.7383159279369667
116,116,116,116,116,116,116,116,116,116,116,116,116,2023-01-31,SUZLON,9.0,9.95,8.9,9.8,10.556,-1.111,8.889,10.556,1.111,1.111,31,1,2023,0.01,15.8,-0.02,57.493999999999815,1.7379682647513792
117,117,117,117,117,117,117,117,117,117,117,117,117,2023-02-01,SUZLON,10.1,10.2,8.9,9.2,0.99,-11.881,-8.911,11.881,0.99,0.99,1,2,2023,0.01,15.8,-0.02,57.47399999999981,1.737620671098429
118,118,118,118,118,118,118,118,118,118,118,118,118,2023-02-02,SUZLON,9.15,9.6,9.05,9.2,4.918,-1.093,0.546,4.918,1.093,1.093,2,2,2023,0.01,15.8,-0.02,57.45399999999981,1.7372731469642093
119,119,119,119,119,119,119,119,119,119,119,119,119,2023-02-03,SUZLON,9.2,9.3,8.7,9.05,1.087,-5.435,-1.63,5.435,1.087,1.087,3,2,2023,0.01,15.8,-0.02,57.433999999999806,1.7369256923348164
120,120,120,120,120,120,120,120,120,120,120,120,120,2023-02-06,SUZLON,9.05,9.25,9.0,9.05,2.21,-0.552,0.0,2.21,0.552,0.552,6,2,2023,0.01,15.8,-0.02,57.4139999999998,1.7365783071963494
121,121,121,121,121,121,121,121,121,121,121,121,121,2023-02-07,SUZLON,9.05,9.15,8.9,8.95,1.105,-1.657,-1.105,1.657,1.105,1.105,7,2,2023,0.01,15.8,-0.02,57.3939999999998,1.7362309915349101
122,122,122,122,122,122,122,122,122,122,122,122,122,2023-02-08,SUZLON,9.05,9.25,8.95,9.0,2.21,-1.105,-0.552,2.21,1.105,1.105,8,2,2023,0.01,15.8,-0.02,57.373999999999796,1.7358837453366032
123,123,123,123,123,123,123,123,123,123,123,123,123,2023-02-09,SUZLON,9.0,9.35,8.95,9.2,3.889,-0.556,2.222,3.889,0.556,0.556,9,2,2023,0.01,15.8,-0.02,57.35399999999979,1.735536568587536
124,124,124,124,124,124,124,124,124,124,124,124,124,2023-02-10,SUZLON,9.3,9.65,9.05,9.15,3.763,-2.688,-1.613,3.763,2.688,2.688,10,2,2023,0.01,15.8,-0.02,57.33399999999979,1.7351894612738183
125,125,125,125,125,125,125,125,125,125,125,125,125,2023-02-13,SUZLON,9.2,9.25,8.95,9.05,0.543,-2.717,-1.63,2.717,0.543,0.543,13,2,2023,0.01,15.8,-0.02,57.31399999999979,1.7348424233815636
126,126,126,126,126,126,126,126,126,126,126,126,126,2023-02-14,SUZLON,9.05,9.15,8.75,8.8,1.105,-3.315,-2.762,3.315,1.105,1.105,14,2,2023,0.01,15.8,-0.02,57.293999999999784,1.7344954548968874
127,127,127,127,127,127,127,127,127,127,127,127,127,2023-02-15,SUZLON,8.85,9.05,8.8,9.0,2.26,-0.565,1.695,2.26,0.565,0.565,15,2,2023,0.01,15.8,-0.02,57.27399999999978,1.734148555805908
128,128,128,128,128,128,128,128,128,128,128,128,128,2023-02-16,SUZLON,9.05,9.05,8.85,8.9,0.0,-2.21,-1.657,2.21,0.0,0.0,16,2,2023,0.01,15.8,1.647,58.92099999999978,1.7627099825200312
129,129,129,129,129,129,129,129,129,129,129,129,129,2023-02-17,SUZLON,8.9,9.15,8.85,8.9,2.809,-0.562,0.0,2.809,0.562,0.562,17,2,2023,0.01,15.8,-0.02,58.900999999999776,1.7623574405235272
130,130,130,130,130,130,130,130,130,130,130,130,130,2023-02-20,SUZLON,8.9,9.1,8.45,8.55,2.247,-5.056,-3.933,5.056,2.247,2.247,20,2,2023,0.01,15.8,-0.02,58.88099999999977,1.7620049690354225
131,131,131,131,131,131,131,131,131,131,131,131,131,2023-02-21,SUZLON,8.6,8.65,8.35,8.4,0.581,-2.907,-2.326,2.907,0.581,0.581,21,2,2023,0.01,15.8,-0.02,58.86099999999977,1.7616525680416155
132,132,132,132,132,132,132,132,132,132,132,132,132,2023-02-22,SUZLON,8.4,8.5,8.2,8.3,1.19,-2.381,-1.19,2.381,1.19,1.19,22,2,2023,0.01,15.8,-0.02,58.84099999999977,1.7613002375280071
133,133,133,133,133,133,133,133,133,133,133,133,133,2023-02-23,SUZLON,8.3,8.35,8.05,8.15,0.602,-3.012,-1.807,3.012,0.602,0.602,23,2,2023,0.01,15.8,-0.02,58.82099999999976,1.7609479774805015
134,134,134,134,134,134,134,134,134,134,134,134,134,2023-02-24,SUZLON,8.2,8.55,8.15,8.4,4.268,-0.61,2.439,4.268,0.61,0.61,24,2,2023,0.01,15.8,-0.02,58.80099999999976,1.7605957878850054
135,135,135,135,135,135,135,135,135,135,135,135,135,2023-02-27,SUZLON,8.4,8.4,8.05,8.1,0.0,-4.167,-3.571,4.167,0.0,0.0,27,2,2023,0.01,15.8,3.5610000000000004,62.36199999999976,1.8232906038915904
136,136,136,136,136,136,136,136,136,136,136,136,136,2023-02-28,SUZLON,8.15,8.3,8.05,8.2,1.84,-1.227,0.613,1.84,1.227,1.227,28,2,2023,0.01,15.8,-0.02,62.34199999999976,1.822925945770812
137,137,137,137,137,137,137,137,137,137,137,137,137,2023-03-01,SUZLON,8.25,8.6,8.2,8.4,4.242,-0.606,1.818,4.242,0.606,0.606,1,3,2023,0.01,15.8,-0.02,62.321999999999754,1.822561360581658
138,138,138,138,138,138,138,138,138,138,138,138,138,2023-03-02,SUZLON,8.4,8.45,8.2,8.25,0.595,-2.381,-1.786,2.381,0.595,0.595,2,3,2023,0.01,15.8,-0.02,62.30199999999975,1.8221968483095417
139,139,139,139,139,139,139,139,139,139,139,139,139,2023-03-03,SUZLON,8.3,8.75,8.3,8.5,5.422,0.0,2.41,5.422,0.0,0.0,3,3,2023,0.01,15.8,2.4000000000000004,64.70199999999976,1.8659295726689706
140,140,140,140,140,140,140,140,140,140,140,140,140,2023-03-06,SUZLON,8.55,8.9,8.5,8.6,4.094,-0.585,0.585,4.094,0.585,0.585,6,3,2023,0.01,15.8,-0.02,64.68199999999976,1.865556386754437
141,141,141,141,141,141,141,141,141,141,141,141,141,2023-03-08,SUZLON,8.55,8.7,8.45,8.6,1.754,-1.17,0.585,1.754,1.17,1.17,8,3,2023,0.01,15.8,-0.02,64.66199999999976,1.865183275477086
142,142,142,142,142,142,142,142,142,142,142,142,142,2023-03-09,SUZLON,8.7,8.95,8.65,8.7,2.874,-0.575,0.0,2.874,0.575,0.575,9,3,2023,0.01,15.8,-0.02,64.64199999999977,1.8648102388219907
143,143,143,143,143,143,143,143,143,143,143,143,143,2023-03-10,SUZLON,8.6,8.65,8.35,8.4,0.581,-2.907,-2.326,2.907,0.581,0.581,10,3,2023,0.01,15.8,-0.02,64.62199999999977,1.8644372767742263
144,144,144,144,144,144,144,144,144,144,144,144,144,2023-03-13,SUZLON,8.4,8.5,8.0,8.1,1.19,-4.762,-3.571,4.762,1.19,1.19,13,3,2023,0.01,15.8,-0.02,64.60199999999978,1.8640643893188715
145,145,145,145,145,145,145,145,145,145,145,145,145,2023-03-14,SUZLON,8.15,8.2,7.7,7.95,0.613,-5.521,-2.454,5.521,0.613,0.613,14,3,2023,0.01,15.8,-0.02,64.58199999999978,1.8636915764410078
146,146,146,146,146,146,146,146,146,146,146,146,146,2023-03-15,SUZLON,7.8,8.15,7.75,7.95,4.487,-0.641,1.923,4.487,0.641,0.641,15,3,2023,0.01,15.8,-0.02,64.56199999999978,1.8633188381257197
147,147,147,147,147,147,147,147,147,147,147,147,147,2023-03-16,SUZLON,8.0,8.0,7.7,7.9,0.0,-3.75,-1.25,3.75,0.0,0.0,16,3,2023,0.01,15.8,1.24,65.80199999999978,1.8864239917184786
148,148,148,148,148,148,148,148,148,148,148,148,148,2023-03-17,SUZLON,7.95,8.15,7.9,8.0,2.516,-0.629,0.629,2.516,0.629,0.629,17,3,2023,0.01,15.8,-0.02,65.78199999999978,1.886046706920135
149,149,149,149,149,149,149,149,149,149,149,149,149,2023-03-20,SUZLON,8.0,8.0,7.7,7.75,0.0,-3.75,-3.125,3.75,0.0,0.0,20,3,2023,0.01,15.8,3.115,68.89699999999978,1.9447970618406971
150,150,150,150,150,150,150,150,150,150,150,150,150,2023-03-21,SUZLON,7.85,7.9,7.75,7.8,0.637,-1.274,-0.637,1.274,0.637,0.637,21,3,2023,0.01,15.8,-0.02,68.87699999999978,1.944408102428329
151,151,151,151,151,151,151,151,151,151,151,151,151,2023-03-22,SUZLON,7.85,7.95,7.8,7.8,1.274,-0.637,-0.637,1.274,0.637,0.637,22,3,2023,0.01,15.8,-0.02,68.85699999999979,1.9440192208078435
152,152,152,152,152,152,152,152,152,152,152,152,152,2023-03-23,SUZLON,7.8,7.9,7.7,7.75,1.282,-1.282,-0.641,1.282,1.282,1.282,23,3,2023,0.01,15.8,-0.02,68.83699999999979,1.943630416963682
153,153,153,153,153,153,153,153,153,153,153,153,153,2023-03-24,SUZLON,7.75,7.8,7.5,7.55,0.645,-3.226,-2.581,3.226,0.645,0.645,24,3,2023,0.01,15.8,-0.02,68.8169999999998,1.9432416908802892
154,154,154,154,154,154,154,154,154,154,154,154,154,2023-03-27,SUZLON,7.6,7.6,7.15,7.2,0.0,-5.921,-5.263,5.921,0.0,0.0,27,3,2023,0.01,15.8,5.253,74.0699999999998,2.045320176902231
155,155,155,155,155,155,155,155,155,155,155,155,155,2023-03-28,SUZLON,7.25,7.35,6.95,7.05,1.379,-4.138,-2.759,4.138,1.379,1.379,28,3,2023,0.01,15.8,-0.02,74.0499999999998,2.0449111128668505
156,156,156,156,156,156,156,156,156,156,156,156,156,2023-03-29,SUZLON,7.1,8.1,7.05,7.95,14.085,-0.704,11.972,14.085,0.704,0.704,29,3,2023,0.01,15.8,-0.02,74.0299999999998,2.044502130644277
157,157,157,157,157,157,157,157,157,157,157,157,157,2023-03-31,SUZLON,8.05,8.25,7.85,7.9,2.484,-2.484,-1.863,2.484,2.484,2.484,31,3,2023,0.01,15.8,-0.02,74.0099999999998,2.0440932302181483
158,158,158,158,158,158,158,158,158,158,158,158,158,2023-04-03,SUZLON,7.9,8.2,7.9,8.1,3.797,0.0,2.532,3.797,0.0,0.0,3,4,2023,0.01,15.8,2.522,76.53199999999981,2.09564526148425
159,159,159,159,159,159,159,159,159,159,159,159,159,2023-04-05,SUZLON,8.15,8.3,8.0,8.1,1.84,-1.84,-0.613,1.84,1.84,1.84,5,4,2023,0.01,15.8,-0.02,76.51199999999982,2.095226132431953
160,160,160,160,160,160,160,160,160,160,160,160,160,2023-04-06,SUZLON,8.15,8.3,8.05,8.15,1.84,-1.227,0.0,1.84,1.227,1.227,6,4,2023,0.01,15.8,-0.02,76.49199999999982,2.0948070872054667
161,161,161,161,161,161,161,161,161,161,161,161,161,2023-04-10,SUZLON,8.2,8.2,8.0,8.05,0.0,-2.439,-1.829,2.439,0.0,0.0,10,4,2023,0.01,15.8,1.819,78.31099999999982,2.132911628121734
162,162,162,162,162,162,162,162,162,162,162,162,162,2023-04-11,SUZLON,8.1,8.35,8.0,8.15,3.086,-1.235,0.617,3.086,1.235,1.235,11,4,2023,0.01,15.8,-0.02,78.29099999999983,2.13248504579611
163,163,163,163,163,163,163,163,163,163,163,163,163,2023-04-12,SUZLON,8.15,8.25,8.05,8.1,1.227,-1.227,-0.613,1.227,1.227,1.227,12,4,2023,0.01,15.8,-0.02,78.27099999999983,2.132058548786951
164,164,164,164,164,164,164,164,164,164,164,164,164,2023-04-13,SUZLON,8.15,8.25,8.0,8.05,1.227,-1.84,-1.227,1.84,1.227,1.227,13,4,2023,0.01,15.8,-0.02,78.25099999999983,2.1316321370771933
165,165,165,165,165,165,165,165,165,165,165,165,165,2023-04-17,SUZLON,8.0,8.2,7.95,8.15,2.5,-0.625,1.875,2.5,0.625,0.625,17,4,2023,0.01,15.8,-0.02,78.23099999999984,2.131205810649778
166,166,166,166,166,166,166,166,166,166,166,166,166,2023-04-18,SUZLON,8.15,8.2,8.0,8.05,0.613,-1.84,-1.227,1.84,0.613,0.613,18,4,2023,0.01,15.8,-0.02,78.21099999999984,2.130779569487648
167,167,167,167,167,167,167,167,167,167,167,167,167,2023-04-19,SUZLON,8.0,8.15,7.95,8.0,1.875,-0.625,0.0,1.875,0.625,0.625,19,4,2023,0.01,15.8,-0.02,78.19099999999985,2.1303534135737507
168,168,168,168,168,168,168,168,168,168,168,168,168,2023-04-20,SUZLON,8.05,8.1,7.95,7.95,0.621,-1.242,-1.242,1.242,0.621,0.621,20,4,2023,0.01,15.8,-0.02,78.17099999999985,2.129927342891036
169,169,169,169,169,169,169,169,169,169,169,169,169,2023-04-21,SUZLON,8.0,8.05,7.95,7.95,0.625,-0.625,-0.625,0.625,0.625,0.625,21,4,2023,0.01,15.8,-0.02,78.15099999999985,2.1295013574224577
170,170,170,170,170,170,170,170,170,170,170,170,170,2023-04-24,SUZLON,8.0,8.1,7.9,7.95,1.25,-1.25,-0.625,1.25,1.25,1.25,24,4,2023,0.01,15.8,-0.02,78.13099999999986,2.1290754571509733
171,171,171,171,171,171,171,171,171,171,171,171,171,2023-04-25,SUZLON,7.95,8.3,7.9,8.15,4.403,-0.629,2.516,4.403,0.629,0.629,25,4,2023,0.01,15.8,-0.02,78.11099999999986,2.128649642059543
172,172,172,172,172,172,172,172,172,172,172,172,172,2023-04-26,SUZLON,8.25,8.75,8.1,8.2,6.061,-1.818,-0.606,6.061,1.818,1.818,26,4,2023,0.01,15.8,-0.02,78.09099999999987,2.1282239121311313
173,173,173,173,173,173,173,173,173,173,173,173,173,2023-04-27,SUZLON,8.2,8.25,8.1,8.2,0.61,-1.22,0.0,1.22,0.61,0.61,27,4,2023,0.01,15.8,-0.02,78.07099999999987,2.1277982673487053
174,174,174,174,174,174,174,174,174,174,174,174,174,2023-04-28,SUZLON,8.25,8.45,8.15,8.3,2.424,-1.212,0.606,2.424,1.212,1.212,28,4,2023,0.01,15.8,-0.02,78.05099999999987,2.1273727076952356
175,175,175,175,175,175,175,175,175,175,175,175,175,2023-05-02,SUZLON,8.35,8.4,7.9,8.1,0.599,-5.389,-2.994,5.389,0.599,0.599,2,5,2023,0.01,15.8,-0.02,78.03099999999988,2.1269472331536967
176,176,176,176,176,176,176,176,176,176,176,176,176,2023-05-03,SUZLON,8.1,8.3,8.0,8.1,2.469,-1.235,0.0,2.469,1.235,1.235,3,5,2023,0.01,15.8,-0.02,78.01099999999988,2.126521843707066
177,177,177,177,177,177,177,177,177,177,177,177,177,2023-05-04,SUZLON,8.2,8.7,8.2,8.6,6.098,0.0,4.878,6.098,0.0,0.0,4,5,2023,0.01,15.8,4.868,82.87899999999988,2.230040927058726
178,178,178,178,178,178,178,178,178,178,178,178,178,2023-05-05,SUZLON,8.65,8.9,8.5,8.65,2.89,-1.734,0.0,2.89,1.734,1.734,5,5,2023,0.01,15.8,-0.02,82.85899999999988,2.2295949188733144
179,179,179,179,179,179,179,179,179,179,179,179,179,2023-05-08,SUZLON,8.7,8.8,8.45,8.55,1.149,-2.874,-1.724,2.874,1.149,1.149,8,5,2023,0.01,15.8,-0.02,82.83899999999988,2.22914899988954
180,180,180,180,180,180,180,180,180,180,180,180,180,2023-05-09,SUZLON,8.6,8.8,8.3,8.4,2.326,-3.488,-2.326,3.488,2.326,2.326,9,5,2023,0.01,15.8,-0.02,82.81899999999989,2.2287031700895623
181,181,181,181,181,181,181,181,181,181,181,181,181,2023-05-10,SUZLON,8.4,8.45,8.2,8.35,0.595,-2.381,-0.595,2.381,0.595,0.595,10,5,2023,0.01,15.8,-0.02,82.7989999999999,2.2282574294555446
182,182,182,182,182,182,182,182,182,182,182,182,182,2023-05-11,SUZLON,8.4,8.5,8.3,8.35,1.19,-1.19,-0.595,1.19,1.19,1.19,11,5,2023,0.01,15.8,-0.02,82.7789999999999,2.2278117779696536
183,183,183,183,183,183,183,183,183,183,183,183,183,2023-05-12,SUZLON,8.4,8.4,8.2,8.25,0.0,-2.381,-1.786,2.381,0.0,0.0,12,5,2023,0.01,15.8,1.776,84.5549999999999,2.2673777151463947
184,184,184,184,184,184,184,184,184,184,184,184,184,2023-05-15,SUZLON,8.25,8.35,8.2,8.25,1.212,-0.606,0.0,1.212,0.606,0.606,15,5,2023,0.01,15.8,-0.02,84.5349999999999,2.2669242396033655
185,185,185,185,185,185,185,185,185,185,185,185,185,2023-05-16,SUZLON,8.25,8.35,8.2,8.2,1.212,-0.606,-0.606,1.212,0.606,0.606,16,5,2023,0.01,15.8,-0.02,84.5149999999999,2.266470854755445
186,186,186,186,186,186,186,186,186,186,186,186,186,2023-05-17,SUZLON,8.25,8.8,8.2,8.65,6.667,-0.606,4.848,6.667,0.606,0.606,17,5,2023,0.01,15.8,-0.02,84.4949999999999,2.266017560584494
187,187,187,187,187,187,187,187,187,187,187,187,187,2023-05-18,SUZLON,8.85,9.0,8.4,8.5,1.695,-5.085,-3.955,5.085,1.695,1.695,18,5,2023,0.01,15.8,-0.02,84.47499999999991,2.2655643570723774
188,188,188,188,188,188,188,188,188,188,188,188,188,2023-05-19,SUZLON,8.6,8.65,8.35,8.5,0.581,-2.907,-1.163,2.907,0.581,0.581,19,5,2023,0.01,15.8,-0.02,84.45499999999991,2.265111244200963
189,189,189,189,189,189,189,189,189,189,189,189,189,2023-05-22,SUZLON,8.6,9.6,8.5,9.25,11.628,-1.163,7.558,11.628,1.163,1.163,22,5,2023,0.01,15.8,-0.02,84.43499999999992,2.2646582219521227
190,190,190,190,190,190,190,190,190,190,190,190,190,2023-05-23,SUZLON,9.45,9.65,9.15,9.45,2.116,-3.175,0.0,3.175,2.116,2.116,23,5,2023,0.01,15.8,-0.02,84.41499999999992,2.2642052903077325
191,191,191,191,191,191,191,191,191,191,191,191,191,2023-05-24,SUZLON,9.55,10.2,9.55,10.05,6.806,0.0,5.236,6.806,0.0,0.0,24,5,2023,0.01,15.8,5.226,89.64099999999992,2.3825326587792146
192,192,192,192,192,192,192,192,192,192,192,192,192,2023-05-25,SUZLON,10.2,10.3,9.7,9.8,0.98,-4.902,-3.922,4.902,0.98,0.98,25,5,2023,0.01,15.8,-0.02,89.62099999999992,2.382056152247459
193,193,193,193,193,193,193,193,193,193,193,193,193,2023-05-26,SUZLON,9.8,10.15,9.45,10.0,3.571,-3.571,2.041,3.571,3.571,3.571,26,5,2023,0.01,15.8,-0.02,89.60099999999993,2.3815797410170094
194,194,194,194,194,194,194,194,194,194,194,194,194,2023-05-29,SUZLON,10.15,10.45,10.1,10.35,2.956,-0.493,1.97,2.956,0.493,0.493,29,5,2023,0.01,15.8,-0.02,89.58099999999993,2.381103425068806
195,195,195,195,195,195,195,195,195,195,195,195,195,2023-05-30,SUZLON,10.35,10.75,10.2,10.65,3.865,-1.449,2.899,3.865,1.449,1.449,30,5,2023,0.01,15.8,-0.02,89.56099999999994,2.380627204383792
196,196,196,196,196,196,196,196,196,196,196,196,196,2023-05-31,SUZLON,10.9,11.85,10.65,11.75,8.716,-2.294,7.798,8.716,2.294,2.294,31,5,2023,0.01,15.8,-0.02,89.54099999999994,2.3801510789429154
197,197,197,197,197,197,197,197,197,197,197,197,197,2023-06-01,SUZLON,11.85,12.0,11.05,11.15,1.266,-6.751,-5.907,6.751,1.266,1.266,1,6,2023,0.01,15.8,-0.02,89.52099999999994,2.379675048727127
198,198,198,198,198,198,198,198,198,198,198,198,198,2023-06-02,SUZLON,11.25,11.4,10.85,11.0,1.333,-3.556,-2.222,3.556,1.333,1.333,2,6,2023,0.01,15.8,-0.02,89.50099999999995,2.3791991137173816
199,199,199,199,199,199,199,199,199,199,199,199,199,2023-06-05,SUZLON,11.1,11.5,11.0,11.4,3.604,-0.901,2.703,3.604,0.901,0.901,5,6,2023,0.01,15.8,-0.02,89.48099999999995,2.378723273894638
200,200,200,200,200,200,200,200,200,200,200,200,200,2023-06-06,SUZLON,11.55,12.4,11.35,12.2,7.359,-1.732,5.628,7.359,1.732,1.732,6,6,2023,0.01,15.8,-0.02,89.46099999999996,2.378247529239859
201,201,201,201,201,201,201,201,201,201,201,201,201,2023-06-07,SUZLON,12.55,14.6,12.5,14.45,16.335,-0.398,15.139,16.335,0.398,0.398,7,6,2023,0.01,15.8,-0.02,89.44099999999996,2.377771879734011
202,202,202,202,202,202,202,202,202,202,202,202,202,2023-06-08,SUZLON,14.2,14.2,13.2,13.35,0.0,-7.042,-5.986,7.042,0.0,0.0,8,6,2023,0.01,15.8,5.976,95.41699999999996,2.5198675272669155
203,203,203,203,203,203,203,203,203,203,203,203,203,2023-06-09,SUZLON,13.5,14.2,13.3,14.0,5.185,-1.481,3.704,5.185,1.481,1.481,9,6,2023,0.01,15.8,-0.02,95.39699999999996,2.5193635537614623
204,204,204,204,204,204,204,204,204,204,204,204,204,2023-06-12,SUZLON,14.15,15.4,14.1,15.3,8.834,-0.353,8.127,8.834,0.353,0.353,12,6,2023,0.01,15.8,-0.02,95.37699999999997,2.51885968105071
205,205,205,205,205,205,205,205,205,205,205,205,205,2023-06-13,SUZLON,15.4,15.75,14.75,15.1,2.273,-4.221,-1.948,4.221,2.273,2.273,13,6,2023,0.01,15.8,-0.02,95.35699999999997,2.5183559091145
206,206,206,206,206,206,206,206,206,206,206,206,206,2023-06-14,SUZLON,15.25,15.35,14.15,14.4,0.656,-7.213,-5.574,7.213,0.656,0.656,14,6,2023,0.01,15.8,-0.02,95.33699999999997,2.517852237932677
207,207,207,207,207,207,207,207,207,207,207,207,207,2023-06-15,SUZLON,14.4,14.6,14.0,14.45,1.389,-2.778,0.347,2.778,1.389,1.389,15,6,2023,0.01,15.8,-0.02,95.31699999999998,2.5173486674850905
208,208,208,208,208,208,208,208,208,208,208,208,208,2023-06-16,SUZLON,14.55,15.15,14.55,14.75,4.124,0.0,1.375,4.124,0.0,0.0,16,6,2023,0.01,15.8,1.365,96.68199999999997,2.551710476796262
209,209,209,209,209,209,209,209,209,209,209,209,209,2023-06-19,SUZLON,14.95,15.05,14.25,14.55,0.669,-4.682,-2.676,4.682,0.669,0.669,19,6,2023,0.01,15.8,-0.02,96.66199999999998,2.5512001347009026
210,210,210,210,210,210,210,210,210,210,210,210,210,2023-06-20,SUZLON,14.65,14.7,13.65,14.25,0.341,-6.826,-2.73,6.826,0.341,0.341,20,6,2023,0.01,15.8,-0.02,96.64199999999998,2.5506898946739622
211,211,211,211,211,211,211,211,211,211,211,211,211,2023-06-21,SUZLON,14.3,14.55,13.85,14.0,1.748,-3.147,-2.098,3.147,1.748,1.748,21,6,2023,0.01,15.8,-0.02,96.62199999999999,2.5501797566950275
212,212,212,212,212,212,212,212,212,212,212,212,212,2023-06-22,SUZLON,14.05,14.1,13.3,13.6,0.356,-5.338,-3.203,5.338,0.356,0.356,22,6,2023,0.01,15.8,-0.02,96.60199999999999,2.5496697207436885
213,213,213,213,213,213,213,213,213,213,213,213,213,2023-06-23,SUZLON,13.6,14.15,13.25,13.85,4.044,-2.574,1.838,4.044,2.574,2.574,23,6,2023,0.01,15.8,-0.02,96.582,2.5491597867995397
214,214,214,214,214,214,214,214,214,214,214,214,214,2023-06-26,SUZLON,13.95,14.25,13.65,14.0,2.151,-2.151,0.358,2.151,2.151,2.151,26,6,2023,0.01,15.8,-0.02,96.562,2.5486499548421797
215,215,215,215,215,215,215,215,215,215,215,215,215,2023-06-27,SUZLON,14.05,14.4,14.0,14.1,2.491,-0.356,0.356,2.491,0.356,0.356,27,6,2023,0.01,15.8,-0.02,96.542,2.5481402248512115
216,216,216,216,216,216,216,216,216,216,216,216,216,2023-06-28,SUZLON,14.2,15.0,14.2,14.75,5.634,0.0,3.873,5.634,0.0,0.0,28,6,2023,0.01,15.8,3.863,100.405,2.6465748817372137
217,217,217,217,217,217,217,217,217,217,217,217,217,2023-06-30,SUZLON,15.05,15.65,14.95,15.3,3.987,-0.664,1.661,3.987,0.664,0.664,30,6,2023,0.01,15.8,-0.02,100.385,2.646045566760866
218,218,218,218,218,218,218,218,218,218,218,218,218,2023-07-03,SUZLON,15.75,16.8,15.75,16.8,6.667,0.0,6.667,6.667,0.0,0.0,3,7,2023,0.01,15.8,6.657,107.042,2.822192820140137
219,219,219,219,219,219,219,219,219,219,219,219,219,2023-07-04,SUZLON,17.45,18.45,17.15,18.3,5.731,-1.719,4.871,5.731,1.719,1.719,4,7,2023,0.01,15.8,-0.02,107.022,2.821628381576109
220,220,220,220,220,220,220,220,220,220,220,220,220,2023-07-05,SUZLON,17.95,18.15,17.4,17.4,1.114,-3.064,-3.064,3.064,1.114,1.114,5,7,2023,0.01,15.8,-0.02,107.00200000000001,2.821064055899794
221,221,221,221,221,221,221,221,221,221,221,221,221,2023-07-06,SUZLON,16.8,17.95,16.65,17.65,6.845,-0.893,5.06,6.845,0.893,0.893,6,7,2023,0.01,15.8,-0.02,106.98200000000001,2.820499843088614
222,222,222,222,222,222,222,222,222,222,222,222,222,2023-07-07,SUZLON,17.55,18.3,17.45,17.85,4.274,-0.57,1.709,4.274,0.57,0.57,7,7,2023,0.01,15.8,-0.02,106.96200000000002,2.8199357431199963
223,223,223,223,223,223,223,223,223,223,223,223,223,2023-07-10,SUZLON,18.05,18.1,17.2,17.35,0.277,-4.709,-3.878,4.709,0.277,0.277,10,7,2023,0.01,15.8,-0.02,106.94200000000002,2.8193717559713725
224,224,224,224,224,224,224,224,224,224,224,224,224,2023-07-11,SUZLON,17.5,18.2,17.05,17.95,4.0,-2.571,2.571,4.0,2.571,2.571,11,7,2023,0.01,15.8,-0.02,106.92200000000003,2.8188078816201783
225,225,225,225,225,225,225,225,225,225,225,225,225,2023-07-12,SUZLON,18.0,18.55,17.6,18.0,3.056,-2.222,0.0,3.056,2.222,2.222,12,7,2023,0.01,15.8,-0.02,106.90200000000003,2.8182441200438544
226,226,226,226,226,226,226,226,226,226,226,226,226,2023-07-13,SUZLON,18.15,18.35,17.45,17.55,1.102,-3.857,-3.306,3.857,1.102,1.102,13,7,2023,0.01,15.8,-0.02,106.88200000000003,2.8176804712198456
227,227,227,227,227,227,227,227,227,227,227,227,227,2023-07-14,SUZLON,17.65,17.9,17.3,17.7,1.416,-1.983,0.283,1.983,1.416,1.416,14,7,2023,0.01,15.8,-0.02,106.86200000000004,2.817116935125602
228,228,228,228,228,228,228,228,228,228,228,228,228,2023-07-17,SUZLON,18.25,18.45,18.1,18.2,1.096,-0.822,-0.274,1.096,0.822,0.822,17,7,2023,0.01,15.8,-0.02,106.84200000000004,2.8165535117385767
229,229,229,229,229,229,229,229,229,229,229,229,229,2023-07-18,SUZLON,18.3,18.3,17.8,17.9,0.0,-2.732,-2.186,2.732,0.0,0.0,18,7,2023,0.01,15.8,2.176,109.01800000000004,2.877841716154008
230,230,230,230,230,230,230,230,230,230,230,230,230,2023-07-19,SUZLON,18.0,18.1,17.8,17.85,0.556,-1.111,-0.833,1.111,0.556,0.556,19,7,2023,0.01,15.8,-0.02,108.99800000000005,2.8772661478107775
231,231,231,231,231,231,231,231,231,231,231,231,231,2023-07-20,SUZLON,17.95,18.7,17.85,18.7,4.178,-0.557,4.178,4.178,0.557,0.557,20,7,2023,0.01,15.8,-0.02,108.97800000000005,2.8766906945812156
232,232,232,232,232,232,232,232,232,232,232,232,232,2023-07-21,SUZLON,19.25,19.6,19.1,19.6,1.818,-0.779,1.818,1.818,0.779,0.779,21,7,2023,0.01,15.8,-0.02,108.95800000000006,2.8761153564422997
233,233,233,233,233,233,233,233,233,233,233,233,233,2023-07-24,SUZLON,20.55,20.55,19.2,20.0,0.0,-6.569,-2.676,6.569,0.0,0.0,24,7,2023,0.01,15.8,2.6660000000000004,111.62400000000005,2.9527925918450513
234,234,234,234,234,234,234,234,234,234,234,234,234,2023-07-25,SUZLON,20.25,20.8,19.0,19.0,2.716,-6.173,-6.173,6.173,2.716,2.716,25,7,2023,0.01,15.8,-0.02,111.60400000000006,2.9522020333266825
235,235,235,235,235,235,235,235,235,235,235,235,235,2023-07-26,SUZLON,18.05,18.05,18.05,18.05,0.0,0.0,0.0,0.0,0.0,0.0,26,7,2023,0.01,15.8,-0.01,111.59400000000005,2.9519068131233497
236,236,236,236,236,236,236,236,236,236,236,236,236,2023-07-27,SUZLON,17.65,18.4,17.45,17.85,4.249,-1.133,1.133,4.249,1.133,1.133,27,7,2023,0.01,15.8,-0.02,111.57400000000005,2.9513164317607252
237,237,237,237,237,237,237,237,237,237,237,237,237,2023-07-28,SUZLON,17.8,18.25,17.7,18.05,2.528,-0.562,1.404,2.528,0.562,0.562,28,7,2023,0.01,15.8,-0.02,111.55400000000006,2.950726168474373
238,238,238,238,238,238,238,238,238,238,238,238,238,2023-07-31,SUZLON,18.2,18.95,18.05,18.95,4.121,-0.824,4.121,4.121,0.824,0.824,31,7,2023,0.01,15.8,-0.02,111.53400000000006,2.9501360232406784
239,239,239,239,239,239,239,239,239,239,239,239,239,2023-08-01,SUZLON,19.55,19.85,19.1,19.3,1.535,-2.302,-1.279,2.302,1.535,1.535,1,8,2023,0.01,15.8,-0.02,111.51400000000007,2.94954599603603
240,240,240,240,240,240,240,240,240,240,240,240,240,2023-08-02,SUZLON,19.35,19.35,18.35,18.5,0.0,-5.168,-4.393,5.168,0.0,0.0,2,8,2023,0.01,15.8,4.383,115.89700000000006,3.0788245970422894
241,241,241,241,241,241,241,241,241,241,241,241,241,2023-08-03,SUZLON,18.45,18.45,17.7,17.95,0.0,-4.065,-2.71,4.065,0.0,0.0,3,8,2023,0.01,15.8,2.7,118.59700000000007,3.161952861162431
242,242,242,242,242,242,242,242,242,242,242,242,242,2023-08-04,SUZLON,18.0,18.8,18.0,18.4,4.444,0.0,2.222,4.444,0.0,0.0,4,8,2023,0.01,15.8,2.212,120.80900000000007,3.2318952584513436
243,243,243,243,243,243,243,243,243,243,243,243,243,2023-08-07,SUZLON,18.6,19.0,18.25,18.65,2.151,-1.882,0.269,2.151,1.882,1.882,7,8,2023,0.01,15.8,-0.02,120.78900000000007,3.2312488793996534
244,244,244,244,244,244,244,244,244,244,244,244,244,2023-08-08,SUZLON,18.65,18.95,18.35,18.6,1.609,-1.609,-0.268,1.609,1.609,1.609,8,8,2023,0.01,15.8,-0.02,120.76900000000008,3.2306026296237738
245,245,245,245,245,245,245,245,245,245,245,245,245,2023-08-09,SUZLON,18.95,19.5,18.9,19.5,2.902,-0.264,2.902,2.902,0.264,0.264,9,8,2023,0.01,15.8,-0.02,120.74900000000008,3.2299565090978493
246,246,246,246,246,246,246,246,246,246,246,246,246,2023-08-10,SUZLON,19.95,20.45,19.9,20.45,2.506,-0.251,2.506,2.506,0.251,0.251,10,8,2023,0.01,15.8,-0.02,120.72900000000008,3.22931051779603
247,247,247,247,247,247,247,247,247,247,247,247,247,2023-08-11,SUZLON,20.75,21.25,19.8,20.2,2.41,-4.578,-2.651,4.578,2.41,2.41,11,8,2023,0.01,15.8,-0.02,120.70900000000009,3.2286646556924707
248,248,248,248,248,248,248,248,248,248,248,248,248,2023-08-14,SUZLON,19.55,20.2,19.3,20.05,3.325,-1.279,2.558,3.325,1.279,1.279,14,8,2023,0.01,15.8,-0.02,120.68900000000009,3.2280189227613323
249,249,249,249,249,249,249,249,249,249,249,249,249,2023-08-16,SUZLON,20.05,20.5,20.05,20.25,2.244,0.0,0.998,2.244,0.0,0.0,16,8,2023,0.01,15.8,0.988,121.67700000000009,3.259911749718214
250,250,250,250,250,250,250,250,250,250,250,250,250,2023-08-17,SUZLON,19.85,20.0,19.4,19.7,0.756,-2.267,-0.756,2.267,0.756,0.756,17,8,2023,0.01,15.8,-0.02,121.6570000000001,3.2592597673682704
251,251,251,251,251,251,251,251,251,251,251,251,251,2023-08-18,SUZLON,19.8,20.05,19.5,19.8,1.263,-1.515,0.0,1.515,1.263,1.263,18,8,2023,0.01,15.8,-0.02,121.6370000000001,3.258607915414797
252,252,252,252,252,252,252,252,252,252,252,252,252,2023-08-21,SUZLON,20.1,20.15,19.8,19.9,0.249,-1.493,-0.995,1.493,0.249,0.249,21,8,2023,0.01,15.8,-0.02,121.6170000000001,3.257956193831714
253,253,253,253,253,253,253,253,253,253,253,253,253,2023-08-22,SUZLON,19.95,20.85,19.95,20.85,4.511,0.0,4.511,4.511,0.0,0.0,22,8,2023,0.01,15.8,4.501,126.11800000000011,3.404596802116079
254,254,254,254,254,254,254,254,254,254,254,254,254,2023-08-23,SUZLON,21.0,21.85,21.0,21.85,4.048,0.0,4.048,4.048,0.0,0.0,23,8,2023,0.01,15.8,4.038,130.15600000000012,3.542074420985527
255,255,255,255,255,255,255,255,255,255,255,255,255,2023-08-24,SUZLON,22.75,22.85,21.25,21.5,0.44,-6.593,-5.495,6.593,0.44,0.44,24,8,2023,0.01,15.8,-0.02,130.1360000000001,3.5413660061013297
256,256,256,256,256,256,256,256,256,256,256,256,256,2023-08-25,SUZLON,21.65,22.55,21.55,22.4,4.157,-0.462,3.464,4.157,0.462,0.462,25,8,2023,0.01,15.8,-0.02,130.1160000000001,3.5406577329001094
257,257,257,257,257,257,257,257,257,257,257,257,257,2023-08-28,SUZLON,23.4,23.5,23.25,23.5,0.427,-0.641,0.427,0.641,0.427,0.427,28,8,2023,0.01,15.8,-0.02,130.0960000000001,3.5399496013535297
258,258,258,258,258,258,258,258,258,258,258,258,258,2023-08-29,SUZLON,24.0,24.65,23.95,24.65,2.708,-0.208,2.708,2.708,0.208,0.208,29,8,2023,0.01,15.8,-0.02,130.07600000000008,3.539241611433259
259,259,259,259,259,259,259,259,259,259,259,259,259,2023-08-30,SUZLON,25.85,25.85,25.35,25.85,0.0,-1.934,0.0,1.934,0.0,0.0,30,8,2023,0.01,15.8,-0.01,130.0660000000001,3.538887687272116
260,260,260,260,260,260,260,260,260,260,260,260,260,2023-08-31,SUZLON,26.5,27.05,24.55,24.55,2.075,-7.358,-7.358,7.358,2.075,2.075,31,8,2023,0.01,15.8,-0.02,130.04600000000008,3.538179909734662
261,261,261,261,261,261,261,261,261,261,261,261,261,2023-09-01,SUZLON,24.55,25.75,23.95,25.0,4.888,-2.444,1.833,4.888,2.444,2.444,1,9,2023,0.01,15.8,-0.02,130.02600000000007,3.537472273752715
262,262,262,262,262,262,262,262,262,262,262,262,262,2023-09-04,SUZLON,25.45,25.7,23.85,24.1,0.982,-6.287,-5.305,6.287,0.982,0.982,4,9,2023,0.01,15.8,-0.02,130.00600000000006,3.5367647792979646
263,263,263,263,263,263,263,263,263,263,263,263,263,2023-09-05,SUZLON,24.6,24.9,23.5,23.6,1.22,-4.472,-4.065,4.472,1.22,1.22,5,9,2023,0.01,15.8,-0.02,129.98600000000005,3.536057426342105
264,264,264,264,264,264,264,264,264,264,264,264,264,2023-09-06,SUZLON,23.8,24.4,23.4,23.8,2.521,-1.681,0.0,2.521,1.681,1.681,6,9,2023,0.01,15.8,-0.02,129.96600000000004,3.535350214856837
265,265,265,265,265,265,265,265,265,265,265,265,265,2023-09-07,SUZLON,24.1,24.95,23.55,24.1,3.527,-2.282,0.0,3.527,2.282,2.282,7,9,2023,0.01,15.8,-0.02,129.94600000000003,3.5346431448138658
266,266,266,266,266,266,266,266,266,266,266,266,266,2023-09-08,SUZLON,24.2,24.3,23.65,24.05,0.413,-2.273,-0.62,2.273,0.413,0.413,8,9,2023,0.01,15.8,-0.02,129.92600000000002,3.533936216184903
267,267,267,267,267,267,267,267,267,267,267,267,267,2023-09-11,SUZLON,24.3,24.4,23.75,24.0,0.412,-2.263,-1.235,2.263,0.412,0.412,11,9,2023,0.01,15.8,-0.02,129.906,3.533229428941666
268,268,268,268,268,268,268,268,268,268,268,268,268,2023-09-12,SUZLON,24.15,24.2,22.8,22.8,0.207,-5.59,-5.59,5.59,0.207,0.207,12,9,2023,0.01,15.8,-0.02,129.886,3.532522783055878
269,269,269,269,269,269,269,269,269,269,269,269,269,2023-09-13,SUZLON,22.2,22.5,21.7,22.15,1.351,-2.252,-0.225,2.252,1.351,1.351,13,9,2023,0.01,15.8,-0.02,129.86599999999999,3.531816278499267
270,270,270,270,270,270,270,270,270,270,270,270,270,2023-09-14,SUZLON,22.35,23.25,21.75,23.25,4.027,-2.685,4.027,4.027,2.685,2.685,14,9,2023,0.01,15.8,-0.02,129.84599999999998,3.531109915243567
271,271,271,271,271,271,271,271,271,271,271,271,271,2023-09-15,SUZLON,23.6,24.4,23.15,24.2,3.39,-1.907,2.542,3.39,1.907,1.907,15,9,2023,0.01,15.8,-0.02,129.82599999999996,3.5304036932605185
272,272,272,272,272,272,272,272,272,272,272,272,272,2023-09-18,SUZLON,24.7,25.1,24.5,24.75,1.619,-0.81,0.202,1.619,0.81,0.81,18,9,2023,0.01,15.8,-0.02,129.80599999999995,3.5296976125218666
273,273,273,273,273,273,273,273,273,273,273,273,273,2023-09-20,SUZLON,24.95,25.95,24.5,25.85,4.008,-1.804,3.607,4.008,1.804,1.804,20,9,2023,0.01,15.8,-0.02,129.78599999999994,3.5289916729993625
274,274,274,274,274,274,274,274,274,274,274,274,274,2023-09-21,SUZLON,25.85,26.25,25.15,25.5,1.547,-2.708,-1.354,2.708,1.547,1.547,21,9,2023,0.01,15.8,-0.02,129.76599999999993,3.5282858746647627
275,275,275,275,275,275,275,275,275,275,275,275,275,2023-09-22,SUZLON,25.65,25.85,24.5,25.05,0.78,-4.483,-2.339,4.483,0.78,0.78,22,9,2023,0.01,15.8,-0.02,129.74599999999992,3.5275802174898296
276,276,276,276,276,276,276,276,276,276,276,276,276,2023-09-25,SUZLON,25.75,26.05,25.1,25.5,1.165,-2.524,-0.971,2.524,1.165,1.165,25,9,2023,0.01,15.8,-0.02,129.7259999999999,3.526874701446332
277,277,277,277,277,277,277,277,277,277,277,277,277,2023-09-26,SUZLON,25.6,26.1,24.95,26.0,1.953,-2.539,1.562,2.539,1.953,1.953,26,9,2023,0.01,15.8,-0.02,129.7059999999999,3.526169326506043
278,278,278,278,278,278,278,278,278,278,278,278,278,2023-09-27,SUZLON,25.1,25.9,25.05,25.65,3.187,-0.199,2.191,3.187,0.199,0.199,27,9,2023,0.01,15.8,-0.02,129.6859999999999,3.5254640926407417
279,279,279,279,279,279,279,279,279,279,279,279,279,2023-09-28,SUZLON,25.7,26.4,25.45,25.65,2.724,-0.973,-0.195,2.724,0.973,0.973,28,9,2023,0.01,15.8,-0.02,129.66599999999988,3.5247589998222137
280,280,280,280,280,280,280,280,280,280,280,280,280,2023-09-29,SUZLON,25.85,26.2,25.55,25.8,1.354,-1.161,-0.193,1.354,1.161,1.161,29,9,2023,0.01,15.8,-0.02,129.64599999999987,3.5240540480222493
281,281,281,281,281,281,281,281,281,281,281,281,281,2023-10-03,SUZLON,25.95,27.05,25.75,26.95,4.239,-0.771,3.854,4.239,0.771,0.771,3,10,2023,0.01,15.8,-0.02,129.62599999999986,3.523349237212645
282,282,282,282,282,282,282,282,282,282,282,282,282,2023-10-04,SUZLON,27.35,28.25,27.1,28.1,3.291,-0.914,2.742,3.291,0.914,0.914,4,10,2023,0.01,15.8,-0.02,129.60599999999985,3.5226445673652025
283,283,283,283,283,283,283,283,283,283,283,283,283,2023-10-05,SUZLON,28.6,29.5,28.55,29.5,3.147,-0.175,3.147,3.147,0.175,0.175,5,10,2023,0.01,15.8,-0.02,129.58599999999984,3.5219400384517296
284,284,284,284,284,284,284,284,284,284,284,284,284,2023-10-06,SUZLON,28.85,29.8,28.4,29.1,3.293,-1.56,0.867,3.293,1.56,1.56,6,10,2023,0.01,15.8,-0.02,129.56599999999983,3.5212356504440394
285,285,285,285,285,285,285,285,285,285,285,285,285,2023-10-09,SUZLON,28.2,28.35,27.65,27.65,0.532,-1.95,-1.95,1.95,0.532,0.532,9,10,2023,0.01,15.8,-0.02,129.54599999999982,3.5205314033139508
286,286,286,286,286,286,286,286,286,286,286,286,286,2023-10-10,SUZLON,26.5,27.4,26.3,26.35,3.396,-0.755,-0.566,3.396,0.755,0.755,10,10,2023,0.01,15.8,-0.02,129.5259999999998,3.519827297033288
287,287,287,287,287,287,287,287,287,287,287,287,287,2023-10-11,SUZLON,26.5,27.65,26.45,27.65,4.34,-0.189,4.34,4.34,0.189,0.189,11,10,2023,0.01,15.8,-0.02,129.5059999999998,3.5191233315738812
288,288,288,288,288,288,288,288,288,288,288,288,288,2023-10-12,SUZLON,28.25,28.6,27.05,27.15,1.239,-4.248,-3.894,4.248,1.239,1.239,12,10,2023,0.01,15.8,-0.02,129.4859999999998,3.5184195069075663
289,289,289,289,289,289,289,289,289,289,289,289,289,2023-10-13,SUZLON,27.2,27.45,26.6,26.8,0.919,-2.206,-1.471,2.206,0.919,0.919,13,10,2023,0.01,15.8,-0.02,129.46599999999978,3.517715823006185
290,290,290,290,290,290,290,290,290,290,290,290,290,2023-10-16,SUZLON,27.6,28.1,27.05,28.1,1.812,-1.993,1.812,1.993,1.812,1.812,16,10,2023,0.01,15.8,-0.02,129.44599999999977,3.517012279841584
291,291,291,291,291,291,291,291,291,291,291,291,291,2023-10-17,SUZLON,28.9,29.5,28.65,29.5,2.076,-0.865,2.076,2.076,0.865,0.865,17,10,2023,0.01,15.8,-0.02,129.42599999999976,3.5163088773856157
292,292,292,292,292,292,292,292,292,292,292,292,292,2023-10-18,SUZLON,30.25,30.95,29.8,30.95,2.314,-1.488,2.314,2.314,1.488,1.488,18,10,2023,0.01,15.8,-0.02,129.40599999999975,3.5156056156101387
293,293,293,293,293,293,293,293,293,293,293,293,293,2023-10-19,SUZLON,31.0,32.1,30.0,31.6,3.548,-3.226,1.935,3.548,3.226,3.226,19,10,2023,0.01,15.8,-0.02,129.38599999999974,3.514902494487017
294,294,294,294,294,294,294,294,294,294,294,294,294,2023-10-20,SUZLON,31.45,33.15,31.0,32.5,5.405,-1.431,3.339,5.405,1.431,1.431,20,10,2023,0.01,15.8,-0.02,129.36599999999973,3.5141995139881197
295,295,295,295,295,295,295,295,295,295,295,295,295,2023-10-23,SUZLON,33.25,34.1,31.4,31.8,2.556,-5.564,-4.361,5.564,2.556,2.556,23,10,2023,0.01,15.8,-0.02,129.34599999999972,3.513496674085322
296,296,296,296,296,296,296,296,296,296,296,296,296,2023-10-25,SUZLON,32.1,33.1,30.3,31.9,3.115,-5.607,-0.623,5.607,3.115,3.115,25,10,2023,0.01,15.8,-0.02,129.3259999999997,3.512793974750505
297,297,297,297,297,297,297,297,297,297,297,297,297,2023-10-26,SUZLON,31.25,31.95,30.3,31.4,2.24,-3.04,0.48,3.04,2.24,2.24,26,10,2023,0.01,15.8,-0.02,129.3059999999997,3.512091415955555
298,298,298,298,298,298,298,298,298,298,298,298,298,2023-10-27,SUZLON,32.0,32.9,31.95,32.1,2.812,-0.156,0.313,2.812,0.156,0.156,27,10,2023,0.01,15.8,-0.02,129.2859999999997,3.511388997672364
299,299,299,299,299,299,299,299,299,299,299,299,299,2023-10-30,SUZLON,32.7,32.8,31.25,31.55,0.306,-4.434,-3.517,4.434,0.306,0.306,30,10,2023,0.01,15.8,-0.02,129.26599999999968,3.5106867198728295
300,300,300,300,300,300,300,300,300,300,300,300,300,2023-10-31,SUZLON,32.0,32.0,30.0,30.6,0.0,-6.25,-4.375,6.25,0.0,0.0,31,10,2023,0.01,15.8,4.365,133.6309999999997,3.6639281951952785
301,301,301,301,301,301,301,301,301,301,301,301,301,2023-11-01,SUZLON,30.7,31.6,30.6,31.3,2.932,-0.326,1.954,2.932,0.326,0.326,1,11,2023,0.01,15.8,-0.02,133.61099999999968,3.6631954095562396
302,302,302,302,302,302,302,302,302,302,302,302,302,2023-11-02,SUZLON,31.9,32.85,31.35,32.65,2.978,-1.724,2.351,2.978,1.724,1.724,2,11,2023,0.01,15.8,-0.02,133.59099999999967,3.6624627704743284
303,303,303,303,303,303,303,303,303,303,303,303,303,2023-11-03,SUZLON,33.2,34.25,33.0,34.25,3.163,-0.602,3.163,3.163,0.602,0.602,3,11,2023,0.01,15.8,-0.02,133.57099999999966,3.661730277920234
304,304,304,304,304,304,304,304,304,304,304,304,304,2023-11-06,SUZLON,35.95,35.95,35.95,35.95,0.0,0.0,0.0,0.0,0.0,0.0,6,11,2023,0.01,15.8,-0.01,133.56099999999967,3.6613641048924417
305,305,305,305,305,305,305,305,305,305,305,305,305,2023-11-07,SUZLON,37.0,37.4,35.0,37.35,1.081,-5.405,0.946,5.405,1.081,1.081,7,11,2023,0.01,15.8,-0.02,133.54099999999966,3.6606318320714633
306,306,306,306,306,306,306,306,306,306,306,306,306,2023-11-08,SUZLON,37.8,39.2,36.8,37.4,3.704,-2.646,-1.058,3.704,2.646,2.646,8,11,2023,0.01,15.8,-0.02,133.52099999999965,3.659899705705049
307,307,307,307,307,307,307,307,307,307,307,307,307,2023-11-09,SUZLON,38.0,38.45,37.0,37.3,1.184,-2.632,-1.842,2.632,1.184,1.184,9,11,2023,0.01,15.8,-0.02,133.50099999999964,3.659167725763908
308,308,308,308,308,308,308,308,308,308,308,308,308,2023-11-10,SUZLON,37.5,38.25,37.1,37.9,2.0,-1.067,1.067,2.0,1.067,1.067,10,11,2023,0.01,15.8,-0.02,133.48099999999963,3.6584358922187556
309,309,309,309,309,309,309,309,309,309,309,309,309,2023-11-12,SUZLON,38.5,38.75,38.1,38.4,0.649,-1.039,-0.26,1.039,0.649,0.649,12,11,2023,0.01,15.8,-0.02,133.46099999999961,3.657704205040312
310,310,310,310,310,310,310,310,310,310,310,310,310,2023-11-13,SUZLON,38.6,39.25,37.8,38.65,1.684,-2.073,0.13,2.073,1.684,1.684,13,11,2023,0.01,15.8,-0.02,133.4409999999996,3.656972664199304
311,311,311,311,311,311,311,311,311,311,311,311,311,2023-11-15,SUZLON,39.95,40.55,39.55,40.5,1.502,-1.001,1.377,1.502,1.001,1.001,15,11,2023,0.01,15.8,-0.02,133.4209999999996,3.6562412696664643
312,312,312,312,312,312,312,312,312,312,312,312,312,2023-11-16,SUZLON,40.5,42.5,40.5,42.1,4.938,0.0,3.951,4.938,0.0,0.0,16,11,2023,0.01,15.8,3.941,137.3619999999996,3.8003337381040194
313,313,313,313,313,313,313,313,313,313,313,313,313,2023-11-17,SUZLON,42.9,44.0,40.3,42.3,2.564,-6.061,-1.399,6.061,2.564,2.564,17,11,2023,0.01,15.8,-0.02,137.3419999999996,3.7995736713563986
314,314,314,314,314,314,314,314,314,314,314,314,314,2023-11-20,SUZLON,42.5,43.0,40.2,41.35,1.176,-5.412,-2.706,5.412,1.176,1.176,20,11,2023,0.01,15.8,-0.02,137.32199999999958,3.798813756622127
315,315,315,315,315,315,315,315,315,315,315,315,315,2023-11-21,SUZLON,41.5,41.5,39.3,39.3,0.0,-5.301,-5.301,5.301,0.0,0.0,21,11,2023,0.01,15.8,5.291,142.61299999999957,3.9998089924850038
316,316,316,316,316,316,316,316,316,316,316,316,316,2023-11-22,SUZLON,37.75,38.5,37.35,37.35,1.987,-1.06,-1.06,1.987,1.06,1.06,22,11,2023,0.01,15.8,-0.02,142.59299999999956,3.9990090306865067
317,317,317,317,317,317,317,317,317,317,317,317,317,2023-11-23,SUZLON,35.5,39.2,35.5,39.2,10.423,0.0,10.423,10.423,0.0,0.0,23,11,2023,0.01,15.8,10.413,153.00599999999957,4.415425841051893
318,318,318,318,318,318,318,318,318,318,318,318,318,2023-11-24,SUZLON,40.0,41.15,39.45,40.6,2.875,-1.375,1.5,2.875,1.375,1.375,24,11,2023,0.01,15.8,-0.02,152.98599999999956,4.414542755883683
319,319,319,319,319,319,319,319,319,319,319,319,319,2023-11-28,SUZLON,41.35,41.7,38.7,38.95,0.846,-6.409,-5.804,6.409,0.846,0.846,28,11,2023,0.01,15.8,-0.02,152.96599999999955,4.413659847332506
320,320,320,320,320,320,320,320,320,320,320,320,320,2023-11-29,SUZLON,39.45,40.3,37.6,39.6,2.155,-4.689,0.38,4.689,2.155,2.155,29,11,2023,0.01,15.8,-0.02,152.94599999999954,4.41277711536304
321,321,321,321,321,321,321,321,321,321,321,321,321,2023-11-30,SUZLON,40.35,41.0,38.1,40.75,1.611,-5.576,0.991,5.576,1.611,1.611,30,11,2023,0.01,15.8,-0.02,152.92599999999953,4.4118945599399675
322,322,322,322,322,322,322,322,322,322,322,322,322,2023-12-01,SUZLON,40.0,40.4,39.0,39.4,1.0,-2.5,-1.5,2.5,1.0,1.0,1,12,2023,0.01,15.8,-0.02,152.90599999999952,4.41101218102798
323,323,323,323,323,323,323,323,323,323,323,323,323,2023-12-04,SUZLON,41.0,41.0,39.7,40.1,0.0,-3.171,-2.195,3.171,0.0,0.0,4,12,2023,0.01,15.8,2.185,155.09099999999953,4.50739279718344
324,324,324,324,324,324,324,324,324,324,324,324,324,2023-12-05,SUZLON,40.5,40.5,38.85,39.65,0.0,-4.074,-2.099,4.074,0.0,0.0,5,12,2023,0.01,15.8,2.0890000000000004,157.17999999999952,4.601552232716603
325,325,325,325,325,325,325,325,325,325,325,325,325,2023-12-06,SUZLON,39.5,39.5,38.4,38.95,0.0,-2.785,-1.392,2.785,0.0,0.0,6,12,2023,0.01,15.8,1.382,158.56199999999953,4.665145684572747
326,326,326,326,326,326,326,326,326,326,326,326,326,2023-12-07,SUZLON,38.95,40.0,38.0,39.05,2.696,-2.439,0.257,2.696,2.439,2.439,7,12,2023,0.01,15.8,-0.02,158.54199999999952,4.664212655435833
327,327,327,327,327,327,327,327,327,327,327,327,327,2023-12-08,SUZLON,39.6,39.6,38.0,38.75,0.0,-4.04,-2.146,4.04,0.0,0.0,8,12,2023,0.01,15.8,2.136,160.6779999999995,4.763840237755942
328,328,328,328,328,328,328,328,328,328,328,328,328,2023-12-11,SUZLON,38.85,39.5,38.0,39.2,1.673,-2.188,0.901,2.188,1.673,1.673,11,12,2023,0.01,15.8,-0.02,160.6579999999995,4.762887469708391
329,329,329,329,329,329,329,329,329,329,329,329,329,2023-12-12,SUZLON,39.5,39.5,38.4,38.5,0.0,-2.785,-2.532,2.785,0.0,0.0,12,12,2023,0.01,15.8,2.522,163.1799999999995,4.883007491694437
330,330,330,330,330,330,330,330,330,330,330,330,330,2023-12-13,SUZLON,38.6,38.75,37.5,38.2,0.389,-2.85,-1.036,2.85,0.389,0.389,13,12,2023,0.01,15.8,-0.02,163.15999999999948,4.8820308901960985
331,331,331,331,331,331,331,331,331,331,331,331,331,2023-12-14,SUZLON,38.2,38.6,37.1,37.35,1.047,-2.88,-2.225,2.88,1.047,1.047,14,12,2023,0.01,15.8,-0.02,163.13999999999947,4.881054484018059
332,332,332,332,332,332,332,332,332,332,332,332,332,2023-12-15,SUZLON,37.3,39.2,36.0,38.55,5.094,-3.485,3.351,5.094,3.485,3.485,15,12,2023,0.01,15.8,-0.02,163.11999999999946,4.8800782731212555
333,333,333,333,333,333,333,333,333,333,333,333,333,2023-12-18,SUZLON,38.75,38.75,37.5,37.85,0.0,-3.226,-2.323,3.226,0.0,0.0,18,12,2023,0.01,15.8,2.313,165.43299999999945,4.992954483578551
334,334,334,334,334,334,334,334,334,334,334,334,334,2023-12-19,SUZLON,37.85,37.9,36.8,37.5,0.132,-2.774,-0.925,2.774,0.132,0.132,19,12,2023,0.01,15.8,-0.02,165.41299999999944,4.991955892681835
335,335,335,335,335,335,335,335,335,335,335,335,335,2023-12-20,SUZLON,37.9,38.15,35.65,35.65,0.66,-5.937,-5.937,5.937,0.66,0.66,20,12,2023,0.01,15.8,-0.02,165.39299999999943,4.990957501503299
336,336,336,336,336,336,336,336,336,336,336,336,336,2023-12-21,SUZLON,34.3,37.25,33.9,37.1,8.601,-1.166,8.163,8.601,1.166,1.166,21,12,2023,0.01,15.8,-0.02,165.37299999999942,4.989959310002999
337,337,337,337,337,337,337,337,337,337,337,337,337,2023-12-22,SUZLON,37.5,38.0,36.5,37.25,1.333,-2.667,-0.667,2.667,1.333,1.333,22,12,2023,0.01,15.8,-0.02,165.3529999999994,4.988961318140999
338,338,338,338,338,338,338,338,338,338,338,338,338,2023-12-26,SUZLON,37.25,37.65,36.55,36.9,1.074,-1.879,-0.94,1.879,1.074,1.074,26,12,2023,0.01,15.8,-0.02,165.3329999999994,4.987963525877371
339,339,339,339,339,339,339,339,339,339,339,339,339,2023-12-27,SUZLON,37.3,37.3,36.2,37.05,0.0,-2.949,-0.67,2.949,0.0,0.0,27,12,2023,0.01,15.8,0.66,165.9929999999994,5.020884085148161
340,340,340,340,340,340,340,340,340,340,340,340,340,2023-12-28,SUZLON,37.2,38.5,37.1,38.15,3.495,-0.269,2.554,3.495,0.269,0.269,28,12,2023,0.01,15.8,-0.02,165.9729999999994,5.019879908331132
341,341,341,341,341,341,341,341,341,341,341,341,341,2023-12-29,SUZLON,38.55,38.7,38.0,38.2,0.389,-1.427,-0.908,1.427,0.389,0.389,29,12,2023,0.01,15.8,-0.02,165.95299999999938,5.018875932349466
342,342,342,342,342,342,342,342,342,342,342,342,342,2024-01-01,SUZLON,38.5,38.6,38.0,38.5,0.26,-1.299,0.0,1.299,0.26,0.26,1,1,2024,0.01,15.8,-0.02,165.93299999999937,5.017872157162996
343,343,343,343,343,343,343,343,343,343,343,343,343,2024-01-02,SUZLON,38.7,38.8,37.1,38.25,0.258,-4.134,-1.163,4.134,0.258,0.258,2,1,2024,0.01,15.8,-0.02,165.91299999999936,5.016868582731564
344,344,344,344,344,344,344,344,344,344,344,344,344,2024-01-03,SUZLON,38.25,38.25,37.7,37.8,0.0,-1.438,-1.176,1.438,0.0,0.0,3,1,2024,0.01,15.8,1.166,167.07899999999935,5.075365270406214
345,345,345,345,345,345,345,345,345,345,345,345,345,2024-01-04,SUZLON,37.8,39.3,37.75,38.7,3.968,-0.132,2.381,3.968,0.132,0.132,4,1,2024,0.01,15.8,-0.02,167.05899999999934,5.074350197352134
346,346,346,346,346,346,346,346,346,346,346,346,346,2024-01-05,SUZLON,38.9,40.6,38.7,40.6,4.37,-0.514,4.37,4.37,0.514,0.514,5,1,2024,0.01,15.8,-0.02,167.03899999999933,5.073335327312663
347,347,347,347,347,347,347,347,347,347,347,347,347,2024-01-08,SUZLON,41.5,42.6,40.0,42.6,2.651,-3.614,2.651,3.614,2.651,2.651,8,1,2024,0.01,15.8,-0.02,167.01899999999932,5.072320660247201
348,348,348,348,348,348,348,348,348,348,348,348,348,2024-01-09,SUZLON,43.25,44.0,41.5,43.55,1.734,-4.046,0.694,4.046,1.734,1.734,9,1,2024,0.01,15.8,-0.02,166.9989999999993,5.0713061961151515
349,349,349,349,349,349,349,349,349,349,349,349,349,2024-01-10,SUZLON,44.1,44.2,42.3,43.55,0.227,-4.082,-1.247,4.082,0.227,0.227,10,1,2024,0.01,15.8,-0.02,166.9789999999993,5.070291934875929
350,350,350,350,350,350,350,350,350,350,350,350,350,2024-01-11,SUZLON,43.9,44.0,42.7,43.6,0.228,-2.733,-0.683,2.733,0.228,0.228,11,1,2024,0.01,15.8,-0.02,166.9589999999993,5.069277876488954
351,351,351,351,351,351,351,351,351,351,351,351,351,2024-01-12,SUZLON,43.8,45.4,43.15,44.9,3.653,-1.484,2.511,3.653,1.484,1.484,12,1,2024,0.01,15.8,-0.02,166.93899999999928,5.068264020913656
352,352,352,352,352,352,352,352,352,352,352,352,352,2024-01-15,SUZLON,45.2,45.7,43.7,43.85,1.106,-3.319,-2.987,3.319,1.106,1.106,15,1,2024,0.01,15.8,-0.02,166.91899999999927,5.067250368109473
353,353,353,353,353,353,353,353,353,353,353,353,353,2024-01-16,SUZLON,44.0,44.2,41.65,42.05,0.455,-5.341,-4.432,5.341,0.455,0.455,16,1,2024,0.01,15.8,-0.02,166.89899999999926,5.066236918035852
354,354,354,354,354,354,354,354,354,354,354,354,354,2024-01-17,SUZLON,41.5,42.65,40.35,40.9,2.771,-2.771,-1.446,2.771,2.771,2.771,17,1,2024,0.01,15.8,-0.02,166.87899999999925,5.065223670652244
355,355,355,355,355,355,355,355,355,355,355,355,355,2024-01-18,SUZLON,40.9,42.9,40.1,42.9,4.89,-1.956,4.89,4.89,1.956,1.956,18,1,2024,0.01,15.8,-0.02,166.85899999999924,5.064210625918114
356,356,356,356,356,356,356,356,356,356,356,356,356,2024-01-19,SUZLON,43.5,44.45,41.45,41.85,2.184,-4.713,-3.793,4.713,2.184,2.184,19,1,2024,0.01,15.8,-0.02,166.83899999999923,5.063197783792931
357,357,357,357,357,357,357,357,357,357,357,357,357,2024-01-20,SUZLON,42.0,42.45,41.25,41.8,1.071,-1.786,-0.476,1.786,1.071,1.071,20,1,2024,0.01,15.8,-0.02,166.81899999999922,5.062185144236172
358,358,358,358,358,358,358,358,358,358,358,358,358,2024-01-23,SUZLON,42.5,43.0,40.2,41.15,1.176,-5.412,-3.176,5.412,1.176,1.176,23,1,2024,0.01,15.8,-0.02,166.7989999999992,5.061172707207325
359,359,359,359,359,359,359,359,359,359,359,359,359,2024-01-24,SUZLON,41.6,41.6,40.35,41.2,0.0,-3.005,-0.962,3.005,0.0,0.0,24,1,2024,0.01,15.8,0.952,167.7509999999992,5.109355071379938
360,360,360,360,360,360,360,360,360,360,360,360,360,2024-01-25,SUZLON,41.65,43.0,40.9,42.55,3.241,-1.801,2.161,3.241,1.801,1.801,25,1,2024,0.01,15.8,-0.02,167.7309999999992,5.108333200365663
361,361,361,361,361,361,361,361,361,361,361,361,361,2024-01-29,SUZLON,43.0,43.85,42.55,43.25,1.977,-1.047,0.581,1.977,1.047,1.047,29,1,2024,0.01,15.8,-0.02,167.7109999999992,5.10731153372559
362,362,362,362,362,362,362,362,362,362,362,362,362,2024-01-30,SUZLON,43.5,44.85,42.75,43.8,3.103,-1.724,0.69,3.103,1.724,1.724,30,1,2024,0.01,15.8,-0.02,167.69099999999918,5.1062900714188455
363,363,363,363,363,363,363,363,363,363,363,363,363,2024-01-31,SUZLON,44.4,45.95,44.2,45.95,3.491,-0.45,3.491,3.491,0.45,0.45,31,1,2024,0.01,15.8,-0.02,167.67099999999917,5.105268813404562
364,364,364,364,364,364,364,364,364,364,364,364,364,2024-02-01,SUZLON,47.3,48.2,47.0,48.2,1.903,-0.634,1.903,1.903,0.634,0.634,1,2,2024,0.01,15.8,-0.02,167.65099999999916,5.104247759641881
365,365,365,365,365,365,365,365,365,365,365,365,365,2024-02-02,SUZLON,49.9,50.6,48.0,48.6,1.403,-3.808,-2.605,3.808,1.403,1.403,2,2,2024,0.01,15.8,-0.02,167.63099999999915,5.103226910089953
366,366,366,366,366,366,366,366,366,366,366,366,366,2024-02-05,SUZLON,49.6,50.0,47.5,48.25,0.806,-4.234,-2.722,4.234,0.806,0.806,5,2,2024,0.01,15.8,-0.02,167.61099999999914,5.102206264707935
367,367,367,367,367,367,367,367,367,367,367,367,367,2024-02-06,SUZLON,48.8,48.8,47.2,48.0,0.0,-3.279,-1.639,3.279,0.0,0.0,6,2,2024,0.01,15.8,1.629,169.23999999999913,5.185321204760027
368,368,368,368,368,368,368,368,368,368,368,368,368,2024-02-07,SUZLON,48.2,49.95,48.2,49.25,3.631,0.0,2.178,3.631,0.0,0.0,7,2,2024,0.01,15.8,2.168,171.40799999999913,5.297738968479224
369,369,369,369,369,369,369,369,369,369,369,369,369,2024-02-08,SUZLON,49.5,49.75,48.5,49.35,0.505,-2.02,-0.303,2.02,0.505,0.505,8,2,2024,0.01,15.8,-0.02,171.38799999999912,5.296679420685528
370,370,370,370,370,370,370,370,370,370,370,370,370,2024-02-09,SUZLON,49.35,49.4,46.9,47.35,0.101,-4.965,-4.053,4.965,0.101,0.101,9,2,2024,0.01,15.8,-0.02,171.3679999999991,5.295620084801391
371,371,371,371,371,371,371,371,371,371,371,371,371,2024-02-12,SUZLON,47.95,48.2,45.0,45.0,0.521,-6.152,-6.152,6.152,0.521,0.521,12,2,2024,0.01,15.8,-0.02,171.3479999999991,5.294560960784431
372,372,372,372,372,372,372,372,372,372,372,372,372,2024-02-13,SUZLON,43.65,44.65,42.75,43.9,2.291,-2.062,0.573,2.291,2.062,2.062,13,2,2024,0.01,15.8,-0.02,171.3279999999991,5.293502048592274
373,373,373,373,373,373,373,373,373,373,373,373,373,2024-02-14,SUZLON,42.45,46.05,42.05,46.05,8.481,-0.942,8.481,8.481,0.942,0.942,14,2,2024,0.01,15.8,-0.02,171.30799999999908,5.292443348182556
374,374,374,374,374,374,374,374,374,374,374,374,374,2024-02-15,SUZLON,46.95,47.75,46.5,47.05,1.704,-0.958,0.213,1.704,0.958,0.958,15,2,2024,0.01,15.8,-0.02,171.28799999999907,5.291384859512919
375,375,375,375,375,375,375,375,375,375,375,375,375,2024-02-16,SUZLON,47.7,47.7,46.0,46.85,0.0,-3.564,-1.782,3.564,0.0,0.0,16,2,2024,0.01,15.8,1.772,173.05999999999906,5.385148199223488
376,376,376,376,376,376,376,376,376,376,376,376,376,2024-02-19,SUZLON,47.5,47.6,46.05,46.15,0.211,-3.053,-2.842,3.053,0.211,0.211,19,2,2024,0.01,15.8,-0.02,173.03999999999905,5.384071169583644
377,377,377,377,377,377,377,377,377,377,377,377,377,2024-02-20,SUZLON,46.65,46.85,45.6,45.8,0.429,-2.251,-1.822,2.251,0.429,0.429,20,2,2024,0.01,15.8,-0.02,173.01999999999904,5.382994355349727
378,378,378,378,378,378,378,378,378,378,378,378,378,2024-02-21,SUZLON,45.95,46.0,43.75,44.75,0.109,-4.788,-2.612,4.788,0.109,0.109,21,2,2024,0.01,15.8,-0.02,172.99999999999903,5.381917756478657
379,379,379,379,379,379,379,379,379,379,379,379,379,2024-02-22,SUZLON,44.85,45.3,43.8,44.8,1.003,-2.341,-0.111,2.341,1.003,1.003,22,2,2024,0.01,15.8,-0.02,172.97999999999902,5.380841372927361
380,380,380,380,380,380,380,380,380,380,380,380,380,2024-02-23,SUZLON,45.15,45.6,44.8,44.9,0.997,-0.775,-0.554,0.997,0.775,0.775,23,2,2024,0.01,15.8,-0.02,172.959999999999,5.3797652046527755
381,381,381,381,381,381,381,381,381,381,381,381,381,2024-02-26,SUZLON,45.75,45.75,43.35,43.75,0.0,-5.246,-4.372,5.246,0.0,0.0,26,2,2024,0.01,15.8,4.362,177.321999999999,5.61443056287973
382,382,382,382,382,382,382,382,382,382,382,382,382,2024-02-27,SUZLON,44.2,45.0,43.5,44.55,1.81,-1.584,0.792,1.81,1.584,1.584,27,2,2024,0.01,15.8,-0.02,177.301999999999,5.613307676767154
383,383,383,383,383,383,383,383,383,383,383,383,383,2024-02-28,SUZLON,44.6,44.65,42.35,43.2,0.112,-5.045,-3.139,5.045,0.112,0.112,28,2,2024,0.01,15.8,-0.02,177.281999999999,5.612185015231801
384,384,384,384,384,384,384,384,384,384,384,384,384,2024-02-29,SUZLON,43.0,45.35,41.05,45.25,5.465,-4.535,5.233,5.465,4.535,4.535,29,2,2024,0.01,15.8,-0.02,177.26199999999898,5.611062578228755
385,385,385,385,385,385,385,385,385,385,385,385,385,2024-03-01,SUZLON,45.6,46.0,44.1,44.3,0.877,-3.289,-2.851,3.289,0.877,0.877,1,3,2024,0.01,15.8,-0.02,177.24199999999897,5.6099403657131095
386,386,386,386,386,386,386,386,386,386,386,386,386,2024-03-02,SUZLON,44.5,44.5,43.5,43.95,0.0,-2.247,-1.236,2.247,0.0,0.0,2,3,2024,0.01,15.8,1.226,178.46799999999897,5.678718234596752
387,387,387,387,387,387,387,387,387,387,387,387,387,2024-03-04,SUZLON,42.8,43.8,41.75,42.8,2.336,-2.453,0.0,2.453,2.336,2.336,4,3,2024,0.01,15.8,-0.02,178.44799999999896,5.677582490949833
388,388,388,388,388,388,388,388,388,388,388,388,388,2024-03-05,SUZLON,41.65,41.65,40.7,40.7,0.0,-2.281,-2.281,2.281,0.0,0.0,5,3,2024,0.01,15.8,2.2710000000000004,180.71899999999894,5.806520389319304
389,389,389,389,389,389,389,389,389,389,389,389,389,2024-03-06,SUZLON,39.0,39.0,38.7,38.7,0.0,-0.769,-0.769,0.769,0.0,0.0,6,3,2024,0.01,15.8,0.759,181.47799999999893,5.850591879074237
390,390,390,390,390,390,390,390,390,390,390,390,390,2024-03-07,SUZLON,37.2,40.6,37.2,40.6,9.14,0.0,9.14,9.14,0.0,0.0,7,3,2024,0.01,15.8,9.13,190.60799999999892,6.384750917633714
391,391,391,391,391,391,391,391,391,391,391,391,391,2024-03-11,SUZLON,41.5,42.0,39.0,39.35,1.205,-6.024,-5.181,6.024,1.205,1.205,11,3,2024,0.01,15.8,-0.02,190.5879999999989,6.383473967450188
392,392,392,392,392,392,392,392,392,392,392,392,392,2024-03-12,SUZLON,39.35,40.0,37.4,39.3,1.652,-4.956,-0.127,4.956,1.652,1.652,12,3,2024,0.01,15.8,-0.02,190.5679999999989,6.382197272656698
393,393,393,393,393,393,393,393,393,393,393,393,393,2024-03-13,SUZLON,38.5,39.3,37.35,37.35,2.078,-2.987,-2.987,2.987,2.078,2.078,13,3,2024,0.01,15.8,-0.02,190.5479999999989,6.3809208332021665
394,394,394,394,394,394,394,394,394,394,394,394,394,2024-03-14,SUZLON,35.5,39.2,35.5,39.05,10.423,0.0,10.0,10.423,0.0,0.0,14,3,2024,0.01,15.8,9.99,200.5379999999989,7.018374824439063
395,395,395,395,395,395,395,395,395,395,395,395,395,2024-03-15,SUZLON,39.0,40.0,37.5,39.4,2.564,-3.846,1.026,3.846,2.564,2.564,15,3,2024,0.01,15.8,-0.02,200.5179999999989,7.016971149474176
396,396,396,396,396,396,396,396,396,396,396,396,396,2024-03-18,SUZLON,38.85,38.9,37.7,38.55,0.129,-2.96,-0.772,2.96,0.129,0.129,18,3,2024,0.01,15.8,-0.02,200.49799999999888,7.015567755244281
397,397,397,397,397,397,397,397,397,397,397,397,397,2024-03-19,SUZLON,38.4,38.4,36.8,37.15,0.0,-4.167,-3.255,4.167,0.0,0.0,19,3,2024,0.01,15.8,3.245,203.7429999999989,7.243222928901959
398,398,398,398,398,398,398,398,398,398,398,398,398,2024-03-20,SUZLON,37.15,37.7,35.6,36.3,1.48,-4.172,-2.288,4.172,1.48,1.48,20,3,2024,0.01,15.8,-0.02,203.72299999999888,7.241774284316179
399,399,399,399,399,399,399,399,399,399,399,399,399,2024-03-21,SUZLON,37.0,38.1,36.5,37.3,2.973,-1.351,0.811,2.973,1.351,1.351,21,3,2024,0.01,15.8,-0.02,203.70299999999887,7.240325929459316
400,400,400,400,400,400,400,400,400,400,400,400,400,2024-03-22,SUZLON,37.0,37.95,36.35,37.35,2.568,-1.757,0.946,2.568,1.757,1.757,22,3,2024,0.01,15.8,-0.02,203.68299999999886,7.238877864273424
401,401,401,401,401,401,401,401,401,401,401,401,401,2024-03-26,SUZLON,37.5,37.65,36.8,37.1,0.4,-1.867,-1.067,1.867,0.4,0.4,26,3,2024,0.01,15.8,-0.02,203.66299999999885,7.237430088700569
402,402,402,402,402,402,402,402,402,402,402,402,402,2024-03-27,SUZLON,37.4,38.95,37.1,38.5,4.144,-0.802,2.941,4.144,0.802,0.802,27,3,2024,0.01,15.8,-0.02,203.64299999999884,7.23598260268283
403,403,403,403,403,403,403,403,403,403,403,403,403,2024-03-28,SUZLON,39.0,40.4,38.6,40.4,3.59,-1.026,3.59,3.59,1.026,1.026,28,3,2024,0.01,15.8,-0.02,203.62299999999883,7.234535406162293
404,404,404,404,404,404,404,404,404,404,404,404,404,2024-04-01,SUZLON,39.95,41.75,38.4,41.35,4.506,-3.88,3.504,4.506,3.88,3.88,1,4,2024,0.01,15.8,-0.02,203.60299999999881,7.233088499081061
405,405,405,405,405,405,405,405,405,405,405,405,405,2024-04-02,SUZLON,41.8,43.0,40.4,42.5,2.871,-3.349,1.675,3.349,2.871,2.871,2,4,2024,0.01,15.8,-0.02,203.5829999999988,7.231641881381245
406,406,406,406,406,406,406,406,406,406,406,406,406,2024-04-03,SUZLON,42.5,43.55,41.6,43.5,2.471,-2.118,2.353,2.471,2.118,2.118,3,4,2024,0.01,15.8,-0.02,203.5629999999988,7.230195553004969
407,407,407,407,407,407,407,407,407,407,407,407,407,2024-04-04,SUZLON,44.5,44.6,42.7,42.95,0.225,-4.045,-3.483,4.045,0.225,0.225,4,4,2024,0.01,15.8,-0.02,203.54299999999878,7.2287495138943685
408,408,408,408,408,408,408,408,408,408,408,408,408,2024-04-05,SUZLON,43.0,43.0,42.0,42.65,0.0,-2.326,-0.814,2.326,0.0,0.0,5,4,2024,0.01,15.8,0.8039999999999999,204.3469999999988,7.286868659986079
409,409,409,409,409,409,409,409,409,409,409,409,409,2024-04-08,SUZLON,43.15,43.15,41.4,41.5,0.0,-4.056,-3.824,4.056,0.0,0.0,8,4,2024,0.01,15.8,3.814,208.16099999999878,7.564789830677949
410,410,410,410,410,410,410,410,410,410,410,410,410,2024-04-09,SUZLON,41.5,42.5,40.8,40.9,2.41,-1.687,-1.446,2.41,1.687,1.687,9,4,2024,0.01,15.8,-0.02,208.14099999999877,7.563276872711813
411,411,411,411,411,411,411,411,411,411,411,411,411,2024-04-10,SUZLON,41.15,42.65,41.1,42.15,3.645,-0.122,2.43,3.645,0.122,0.122,10,4,2024,0.01,15.8,-0.02,208.12099999999876,7.561764217337271
412,412,412,412,412,412,412,412,412,412,412,412,412,2024-04-12,SUZLON,42.15,42.75,41.8,42.15,1.423,-0.83,0.0,1.423,0.83,0.83,12,4,2024,0.01,15.8,-0.02,208.10099999999875,7.560251864493804
413,413,413,413,413,413,413,413,413,413,413,413,413,2024-04-15,SUZLON,40.05,41.2,40.05,40.75,2.871,0.0,1.748,2.871,0.0,0.0,15,4,2024,0.01,15.8,1.738,209.83899999999875,7.691649041898706
414,414,414,414,414,414,414,414,414,414,414,414,414,2024-04-16,SUZLON,39.85,41.25,39.55,40.5,3.513,-0.753,1.631,3.513,0.753,0.753,16,4,2024,0.01,15.8,-0.02,209.81899999999874,7.690110712090326
415,415,415,415,415,415,415,415,415,415,415,415,415,2024-04-18,SUZLON,41.0,41.7,40.7,41.15,1.707,-0.732,0.366,1.707,0.732,0.732,18,4,2024,0.01,15.8,-0.02,209.79899999999873,7.688572689947908
416,416,416,416,416,416,416,416,416,416,416,416,416,2024-04-19,SUZLON,40.45,40.7,39.1,39.35,0.618,-3.337,-2.719,3.337,0.618,0.618,19,4,2024,0.01,15.8,-0.02,209.77899999999872,7.687034975409919
417,417,417,417,417,417,417,417,417,417,417,417,417,2024-04-22,SUZLON,38.85,41.3,38.6,40.85,6.306,-0.644,5.148,6.306,0.644,0.644,22,4,2024,0.01,15.8,-0.02,209.7589999999987,7.685497568414837
418,418,418,418,418,418,418,418,418,418,418,418,418,2024-04-23,SUZLON,41.0,42.1,40.55,41.85,2.683,-1.098,2.073,2.683,1.098,1.098,23,4,2024,0.01,15.8,-0.02,209.7389999999987,7.683960468901154
419,419,419,419,419,419,419,419,419,419,419,419,419,2024-04-24,SUZLON,41.9,42.5,41.45,41.8,1.432,-1.074,-0.239,1.432,1.074,1.074,24,4,2024,0.01,15.8,-0.02,209.7189999999987,7.682423676807375
420,420,420,420,420,420,420,420,420,420,420,420,420,2024-04-25,SUZLON,42.2,42.3,41.25,42.15,0.237,-2.251,-0.118,2.251,0.237,0.237,25,4,2024,0.01,15.8,-0.02,209.69899999999868,7.680887192072014
421,421,421,421,421,421,421,421,421,421,421,421,421,2024-04-26,SUZLON,42.05,42.15,41.25,41.65,0.238,-1.902,-0.951,1.902,0.238,0.238,26,4,2024,0.01,15.8,-0.02,209.67899999999867,7.6793510146336
422,422,422,422,422,422,422,422,422,422,422,422,422,2024-04-29,SUZLON,41.85,42.0,41.4,41.6,0.358,-1.075,-0.597,1.075,0.358,0.358,29,4,2024,0.01,15.8,-0.02,209.65899999999866,7.6778151444306735
423,423,423,423,423,423,423,423,423,423,423,423,423,2024-04-30,SUZLON,41.95,42.1,41.0,41.6,0.358,-2.265,-0.834,2.265,0.358,0.358,30,4,2024,0.01,15.8,-0.02,209.63899999999865,7.676279581401787
424,424,424,424,424,424,424,424,424,424,424,424,424,2024-05-02,SUZLON,41.6,42.05,41.05,41.7,1.082,-1.322,0.24,1.322,1.082,1.082,2,5,2024,0.01,15.8,-0.02,209.61899999999864,7.6747443254855074
425,425,425,425,425,425,425,425,425,425,425,425,425,2024-05-03,SUZLON,42.0,42.3,41.05,41.35,0.714,-2.262,-1.548,2.262,0.714,0.714,3,5,2024,0.01,15.8,-0.02,209.59899999999863,7.67320937662041
426,426,426,426,426,426,426,426,426,426,426,426,426,2024-05-06,SUZLON,42.0,42.0,40.4,40.8,0.0,-3.81,-2.857,3.81,0.0,0.0,6,5,2024,0.01,15.8,2.8470000000000004,212.44599999999863,7.891665647572793
427,427,427,427,427,427,427,427,427,427,427,427,427,2024-05-07,SUZLON,40.75,40.8,39.0,39.75,0.123,-4.294,-2.454,4.294,0.123,0.123,7,5,2024,0.01,15.8,-0.02,212.42599999999862,7.890087314443279
428,428,428,428,428,428,428,428,428,428,428,428,428,2024-05-08,SUZLON,39.75,40.2,39.05,39.95,1.132,-1.761,0.503,1.761,1.132,1.132,8,5,2024,0.01,15.8,-0.02,212.4059999999986,7.8885092969803905
429,429,429,429,429,429,429,429,429,429,429,429,429,2024-05-09,SUZLON,40.0,40.4,39.45,39.6,1.0,-1.375,-1.0,1.375,1.0,1.0,9,5,2024,0.01,15.8,-0.02,212.3859999999986,7.886931595120995
430,430,430,430,430,430,430,430,430,430,430,430,430,2024-05-10,SUZLON,39.85,40.1,39.0,39.9,0.627,-2.133,0.125,2.133,0.627,0.627,10,5,2024,0.01,15.8,-0.02,212.3659999999986,7.885354208801971
431,431,431,431,431,431,431,431,431,431,431,431,431,2024-05-13,SUZLON,39.9,39.9,37.9,39.0,0.0,-5.013,-2.256,5.013,0.0,0.0,13,5,2024,0.01,15.8,2.246,214.6119999999986,8.062459264331663
432,432,432,432,432,432,432,432,432,432,432,432,432,2024-05-14,SUZLON,39.05,40.75,39.05,40.2,4.353,0.0,2.945,4.353,0.0,0.0,14,5,2024,0.01,15.8,2.935,217.5469999999986,8.299092443739797
433,433,433,433,433,433,433,433,433,433,433,433,433,2024-05-15,SUZLON,40.4,42.2,40.05,42.2,4.455,-0.866,4.455,4.455,0.866,0.866,15,5,2024,0.01,15.8,-0.02,217.5269999999986,8.29743262525105
434,434,434,434,434,434,434,434,434,434,434,434,434,2024-05-16,SUZLON,42.5,43.0,41.75,42.8,1.176,-1.765,0.706,1.765,1.176,1.176,16,5,2024,0.01,15.8,-0.02,217.50699999999858,8.295773138726
435,435,435,435,435,435,435,435,435,435,435,435,435,2024-05-17,SUZLON,42.8,42.95,42.1,42.6,0.35,-1.636,-0.467,1.636,0.35,0.35,17,5,2024,0.01,15.8,-0.02,217.48699999999857,8.294113984098255
436,436,436,436,436,436,436,436,436,436,436,436,436,2024-05-18,SUZLON,42.6,43.05,42.3,42.5,1.056,-0.704,-0.235,1.056,0.704,0.704,18,5,2024,0.01,15.8,-0.02,217.46699999999856,8.292455161301435
437,437,437,437,437,437,437,437,437,437,437,437,437,2024-05-21,SUZLON,42.5,44.2,41.9,44.05,4.0,-1.412,3.647,4.0,1.412,1.412,21,5,2024,0.01,15.8,-0.02,217.44699999999855,8.290796670269176
438,438,438,438,438,438,438,438,438,438,438,438,438,2024-05-22,SUZLON,44.5,46.25,42.95,46.0,3.933,-3.483,3.371,3.933,3.483,3.483,22,5,2024,0.01,15.8,-0.02,217.42699999999854,8.289138510935121
439,439,439,439,439,439,439,439,439,439,439,439,439,2024-05-23,SUZLON,46.4,48.3,45.7,48.3,4.095,-1.509,4.095,4.095,1.509,1.509,23,5,2024,0.01,15.8,-0.02,217.40699999999853,8.287480683232934
440,440,440,440,440,440,440,440,440,440,440,440,440,2024-05-24,SUZLON,49.0,49.0,45.9,45.95,0.0,-6.327,-6.224,6.327,0.0,0.0,24,5,2024,0.01,15.8,6.214,223.62099999999853,8.802464732889028
441,441,441,441,441,441,441,441,441,441,441,441,441,2024-05-27,SUZLON,45.25,46.7,45.0,45.2,3.204,-0.552,-0.11,3.204,0.552,0.552,27,5,2024,0.01,15.8,-0.02,223.60099999999852,8.800704239942451
442,442,442,442,442,442,442,442,442,442,442,442,442,2024-05-28,SUZLON,45.5,45.85,43.4,43.95,0.769,-4.615,-3.407,4.615,0.769,0.769,28,5,2024,0.01,15.8,-0.02,223.5809999999985,8.798944099094463
443,443,443,443,443,443,443,443,443,443,443,443,443,2024-05-29,SUZLON,43.9,46.1,43.55,46.1,5.011,-0.797,5.011,5.011,0.797,0.797,29,5,2024,0.01,15.8,-0.02,223.5609999999985,8.797184310274645
444,444,444,444,444,444,444,444,444,444,444,444,444,2024-05-30,SUZLON,46.3,46.9,44.5,45.4,1.296,-3.888,-1.944,3.888,1.296,1.296,30,5,2024,0.01,15.8,-0.02,223.5409999999985,8.79542487341259
445,445,445,445,445,445,445,445,445,445,445,445,445,2024-05-31,SUZLON,45.7,47.65,44.3,47.65,4.267,-3.063,4.267,4.267,3.063,3.063,31,5,2024,0.01,15.8,-0.02,223.52099999999848,8.793665788437908
446,446,446,446,446,446,446,446,446,446,446,446,446,2024-06-03,SUZLON,50.0,50.0,50.0,50.0,0.0,0.0,0.0,0.0,0.0,0.0,3,6,2024,0.01,15.8,-0.01,223.5109999999985,8.792786421859065
447,447,447,447,447,447,447,447,447,447,447,447,447,2024-06-04,SUZLON,52.1,52.1,47.5,47.5,0.0,-8.829,-8.829,8.829,0.0,0.0,4,6,2024,0.01,15.8,8.819,232.32999999999848,9.568222256402816
448,448,448,448,448,448,448,448,448,448,448,448,448,2024-06-05,SUZLON,45.15,49.8,45.15,48.45,10.299,0.0,7.309,10.299,0.0,0.0,5,6,2024,0.01,15.8,7.299,239.62899999999848,10.266606798897657
449,449,449,449,449,449,449,449,449,449,449,449,449,2024-06-06,SUZLON,49.45,50.5,48.5,49.8,2.123,-1.921,0.708,2.123,1.921,1.921,6,6,2024,0.01,15.8,-0.02,239.60899999999847,10.264553477537877
450,450,450,450,450,450,450,450,450,450,450,450,450,2024-06-07,SUZLON,50.0,50.45,49.0,49.9,0.9,-2.0,-0.2,2.0,0.9,0.9,7,6,2024,0.01,15.8,-0.02,239.58899999999846,10.26250056684237
451,451,451,451,451,451,451,451,451,451,451,451,451,2024-06-10,SUZLON,47.4,48.63,47.4,47.4,2.595,0.0,0.0,2.595,0.0,0.0,10,6,2024,0.01,15.8,-0.01,239.57899999999847,10.261474316785685
452,452,452,452,452,452,452,452,452,452,452,452,452,2024-06-11,SUZLON,47.4,49.29,47.02,48.26,3.987,-0.802,1.814,3.987,0.802,0.802,11,6,2024,0.01,15.8,-0.02,239.55899999999846,10.259422021922328
453,453,453,453,453,453,453,453,453,453,453,453,453,2024-06-12,SUZLON,48.51,50.5,48.4,50.28,4.102,-0.227,3.649,4.102,0.227,0.227,12,6,2024,0.01,15.8,-0.02,239.53899999999845,10.257370137517944
454,454,454,454,454,454,454,454,454,454,454,454,454,2024-06-13,SUZLON,50.5,50.5,49.29,49.87,0.0,-2.396,-1.248,2.396,0.0,0.0,13,6,2024,0.01,15.8,1.238,240.77699999999845,10.384356379820415
455,455,455,455,455,455,455,455,455,455,455,455,455,2024-06-14,SUZLON,50.0,51.19,49.1,49.48,2.38,-1.8,-1.04,2.38,1.8,1.8,14,6,2024,0.01,15.8,-0.02,240.75699999999844,10.382279508544451
456,456,456,456,456,456,456,456,456,456,456,456,456,2024-06-18,SUZLON,49.6,50.29,48.85,49.96,1.391,-1.512,0.726,1.512,1.391,1.391,18,6,2024,0.01,15.8,-0.02,240.73699999999843,10.380203052642743
457,457,457,457,457,457,457,457,457,457,457,457,457,2024-06-19,SUZLON,50.19,50.28,48.75,48.9,0.179,-2.869,-2.57,2.869,0.179,0.179,19,6,2024,0.01,15.8,-0.02,240.71699999999842,10.378127012032214
458,458,458,458,458,458,458,458,458,458,458,458,458,2024-06-20,SUZLON,51.34,51.34,49.55,50.53,0.0,-3.487,-1.578,3.487,0.0,0.0,20,6,2024,0.01,15.8,1.568,242.28499999999843,10.54085604358088
459,459,459,459,459,459,459,459,459,459,459,459,459,2024-06-21,SUZLON,51.2,53.05,51.0,53.05,3.613,-0.391,3.613,3.613,0.391,0.391,21,6,2024,0.01,15.8,-0.02,242.26499999999842,10.538747872372163
460,460,460,460,460,460,460,460,460,460,460,460,460,2024-06-24,SUZLON,55.45,55.7,54.15,54.7,0.451,-2.344,-1.353,2.344,0.451,0.451,24,6,2024,0.01,15.8,-0.02,242.2449999999984,10.536640122797689
461,461,461,461,461,461,461,461,461,461,461,461,461,2024-06-25,SUZLON,55.15,55.5,53.32,53.6,0.635,-3.318,-2.811,3.318,0.635,0.635,25,6,2024,0.01,15.8,-0.02,242.2249999999984,10.53453279477313
462,462,462,462,462,462,462,462,462,462,462,462,462,2024-06-26,SUZLON,53.6,54.37,52.3,52.76,1.437,-2.425,-1.567,2.425,1.437,1.437,26,6,2024,0.01,15.8,-0.02,242.2049999999984,10.532425888214176
463,463,463,463,463,463,463,463,463,463,463,463,463,2024-06-27,SUZLON,53.05,54.0,51.5,53.28,1.791,-2.922,0.434,2.922,1.791,1.791,27,6,2024,0.01,15.8,-0.02,242.18499999999838,10.530319403036533
464,464,464,464,464,464,464,464,464,464,464,464,464,2024-06-28,SUZLON,53.9,54.0,52.71,52.86,0.186,-2.208,-1.929,2.208,0.186,0.186,28,6,2024,0.01,15.8,-0.02,242.16499999999837,10.528213339155926
465,465,465,465,465,465,465,465,465,465,465,465,465,2024-07-01,SUZLON,53.2,53.28,52.59,52.93,0.15,-1.147,-0.508,1.147,0.15,0.15,1,7,2024,0.01,15.8,-0.02,242.14499999999836,10.526107696488095
466,466,466,466,466,466,466,466,466,466,466,466,466,2024-07-02,SUZLON,53.0,53.38,52.43,53.03,0.717,-1.075,0.057,1.075,0.717,0.717,2,7,2024,0.01,15.8,-0.02,242.12499999999835,10.524002474948798
467,467,467,467,467,467,467,467,467,467,467,467,467,2024-07-03,SUZLON,53.1,53.95,53.0,53.53,1.601,-0.188,0.81,1.601,0.188,0.188,3,7,2024,0.01,15.8,-0.02,242.10499999999834,10.521897674453808
468,468,468,468,468,468,468,468,468,468,468,468,468,2024-07-04,SUZLON,53.6,55.67,53.37,54.03,3.862,-0.429,0.802,3.862,0.429,0.429,4,7,2024,0.01,15.8,-0.02,242.08499999999833,10.519793294918918
469,469,469,469,469,469,469,469,469,469,469,469,469,2024-07-05,SUZLON,54.37,56.49,53.8,55.49,3.899,-1.048,2.06,3.899,1.048,1.048,5,7,2024,0.01,15.8,-0.02,242.06499999999832,10.517689336259934
470,470,470,470,470,470,470,470,470,470,470,470,470,2024-07-08,SUZLON,55.95,56.0,54.5,55.2,0.089,-2.592,-1.34,2.592,0.089,0.089,8,7,2024,0.01,15.8,-0.02,242.0449999999983,10.515585798392683
471,471,471,471,471,471,471,471,471,471,471,471,471,2024-07-09,SUZLON,55.3,55.84,53.86,55.37,0.976,-2.604,0.127,2.604,0.976,0.976,9,7,2024,0.01,15.8,-0.02,242.0249999999983,10.513482681233006
472,472,472,472,472,472,472,472,472,472,472,472,472,2024-07-10,SUZLON,55.67,56.0,53.9,54.89,0.593,-3.179,-1.401,3.179,0.593,0.593,10,7,2024,0.01,15.8,-0.02,242.0049999999983,10.51137998469676
473,473,473,473,473,473,473,473,473,473,473,473,473,2024-07-11,SUZLON,55.0,55.0,54.2,54.72,0.0,-1.455,-0.509,1.455,0.0,0.0,11,7,2024,0.01,15.8,0.499,242.50399999999829,10.563831770820396
474,474,474,474,474,474,474,474,474,474,474,474,474,2024-07-12,SUZLON,55.0,55.43,53.65,54.63,0.782,-2.455,-0.673,2.455,0.782,0.782,12,7,2024,0.01,15.8,-0.02,242.48399999999828,10.561719004466232
475,475,475,475,475,475,475,475,475,475,475,475,475,2024-07-15,SUZLON,55.0,55.0,54.02,54.62,0.0,-1.782,-0.691,1.782,0.0,0.0,15,7,2024,0.01,15.8,0.6809999999999999,243.1649999999983,10.633644310886647
476,476,476,476,476,476,476,476,476,476,476,476,476,2024-07-16,SUZLON,54.9,56.0,54.43,55.88,2.004,-0.856,1.785,2.004,0.856,0.856,16,7,2024,0.01,15.8,-0.02,243.14499999999828,10.63151758202447
477,477,477,477,477,477,477,477,477,477,477,477,477,2024-07-18,SUZLON,55.5,55.72,53.82,55.39,0.396,-3.027,-0.198,3.027,0.396,0.396,18,7,2024,0.01,15.8,-0.02,243.12499999999827,10.629391278508065
478,478,478,478,478,478,478,478,478,478,478,478,478,2024-07-19,SUZLON,55.38,55.87,53.82,54.55,0.885,-2.817,-1.499,2.817,0.885,0.885,19,7,2024,0.01,15.8,-0.02,243.10499999999826,10.627265400252364
479,479,479,479,479,479,479,479,479,479,479,479,479,2024-07-22,SUZLON,54.66,55.44,53.5,55.08,1.427,-2.122,0.768,2.122,1.427,1.427,22,7,2024,0.01,15.8,-0.02,243.08499999999825,10.625139947172315
480,480,480,480,480,480,480,480,480,480,480,480,480,2024-07-23,SUZLON,57.2,57.83,54.0,57.83,1.101,-5.594,1.101,5.594,1.101,1.101,23,7,2024,0.01,15.8,-0.02,243.06499999999824,10.62301491918288
481,481,481,481,481,481,481,481,481,481,481,481,481,2024-07-24,SUZLON,59.7,60.72,59.63,60.72,1.709,-0.117,1.709,1.709,0.117,0.117,24,7,2024,0.01,15.8,-0.02,243.04499999999823,10.620890316199045
482,482,482,482,482,482,482,482,482,482,482,482,482,2024-07-25,SUZLON,62.29,63.75,60.8,61.47,2.344,-2.392,-1.316,2.392,2.344,2.344,25,7,2024,0.01,15.8,-0.02,243.02499999999822,10.618766138135806
483,483,483,483,483,483,483,483,483,483,483,483,483,2024-07-26,SUZLON,62.68,63.0,61.0,61.89,0.511,-2.68,-1.26,2.68,0.511,0.511,26,7,2024,0.01,15.8,-0.02,243.0049999999982,10.616642384908179
484,484,484,484,484,484,484,484,484,484,484,484,484,2024-07-29,SUZLON,62.95,64.98,62.38,64.98,3.225,-0.905,3.225,3.225,0.905,0.905,29,7,2024,0.01,15.8,-0.02,242.9849999999982,10.614519056431197
485,485,485,485,485,485,485,485,485,485,485,485,485,2024-07-30,SUZLON,65.81,68.22,65.63,68.22,3.662,-0.274,3.662,3.662,0.274,0.274,30,7,2024,0.01,15.8,-0.02,242.96499999999818,10.612396152619912
486,486,486,486,486,486,486,486,486,486,486,486,486,2024-07-31,SUZLON,70.11,70.89,68.28,69.38,1.113,-2.61,-1.041,2.61,1.113,1.113,31,7,2024,0.01,15.8,-0.02,242.94499999999817,10.610273673389388
487,487,487,487,487,487,487,487,487,487,487,487,487,2024-08-01,SUZLON,69.93,70.99,66.22,67.98,1.516,-5.305,-2.789,5.305,1.516,1.516,1,8,2024,0.01,15.8,-0.02,242.92499999999816,10.608151618654711
488,488,488,488,488,488,488,488,488,488,488,488,488,2024-08-02,SUZLON,67.8,71.37,67.05,71.35,5.265,-1.106,5.236,5.265,1.106,1.106,2,8,2024,0.01,15.8,-0.02,242.90499999999815,10.606029988330981
489,489,489,489,489,489,489,489,489,489,489,489,489,2024-08-05,SUZLON,69.9,71.64,67.78,67.85,2.489,-3.033,-2.933,3.033,2.489,2.489,5,8,2024,0.01,15.8,-0.02,242.88499999999814,10.603908782333315
490,490,490,490,490,490,490,490,490,490,490,490,490,2024-08-06,SUZLON,68.75,70.85,65.6,66.27,3.055,-4.582,-3.607,4.582,3.055,3.055,6,8,2024,0.01,15.8,-0.02,242.86499999999813,10.601788000576848
491,491,491,491,491,491,491,491,491,491,491,491,491,2024-08-07,SUZLON,69.0,69.58,68.11,69.58,0.841,-1.29,0.841,1.29,0.841,0.841,7,8,2024,0.01,15.8,-0.02,242.84499999999812,10.599667642976733
492,492,492,492,492,492,492,492,492,492,492,492,492,2024-08-08,SUZLON,71.0,73.05,70.58,72.92,2.887,-0.592,2.704,2.887,0.592,0.592,8,8,2024,0.01,15.8,-0.02,242.8249999999981,10.597547709448138
493,493,493,493,493,493,493,493,493,493,493,493,493,2024-08-09,SUZLON,74.6,76.56,73.0,76.54,2.627,-2.145,2.601,2.627,2.145,2.145,9,8,2024,0.01,15.8,-0.02,242.8049999999981,10.595428199906248
494,494,494,494,494,494,494,494,494,494,494,494,494,2024-08-12,SUZLON,77.15,80.36,74.65,80.36,4.161,-3.24,4.161,4.161,3.24,3.24,12,8,2024,0.01,15.8,-0.02,242.7849999999981,10.593309114266267
495,495,495,495,495,495,495,495,495,495,495,495,495,2024-08-13,SUZLON,81.97,84.29,78.35,80.79,2.83,-4.416,-1.44,4.416,2.83,2.83,13,8,2024,0.01,15.8,-0.02,242.76499999999808,10.591190452443414
496,496,496,496,496,496,496,496,496,496,496,496,496,2024-08-14,SUZLON,82.19,82.41,76.75,76.77,0.268,-6.619,-6.594,6.619,0.268,0.268,14,8,2024,0.01,15.8,-0.02,242.74499999999807,10.589072214352925
