,Unnamed: 0.6,Unnamed: 0.5,Unnamed: 0.4,Unnamed: 0.3,Unnamed: 0.2,Unnamed: 0.1,Unnamed: 0,Date,Symbol,OpenPrice,HighPrice,LowPrice,ClosePrice,High%,Low%,Close%,target_wrt_h&l%,stoploss_wrt_h&l%,profit_decider,Day,Month,Year,stploss,trgt,profit,cumsum,cumprod
0,0,0,0,0,0,0,0,2022-08-16,TATAMOTORS,479.6,491.4,478.2,489.85,2.46,-0.292,2.137,2.46,0.292,0.292,16,8,2022,0.65,3.9,1.487,1.487,1.01487
1,1,1,1,1,1,1,1,2022-08-17,TATAMOTORS,490.9,494.4,484.2,485.4,0.713,-1.365,-1.12,1.365,0.713,0.713,17,8,2022,0.65,3.9,-1.3,0.18700000000000006,1.00167669
2,2,2,2,2,2,2,2,2022-08-18,TATAMOTORS,484.0,486.8,479.25,484.8,0.579,-0.981,0.165,0.981,0.579,0.579,18,8,2022,0.65,3.9,-0.485,-0.29799999999999993,0.9968185580535001
3,3,3,3,3,3,3,3,2022-08-19,TATAMOTORS,486.75,488.1,468.1,471.0,0.277,-3.832,-3.236,3.832,0.277,0.277,19,8,2022,0.65,3.9,2.5860000000000003,2.2880000000000003,1.0225962859647635
4,4,4,4,4,4,4,4,2022-08-22,TATAMOTORS,468.5,468.95,452.55,454.6,0.096,-3.404,-2.967,3.404,0.096,0.096,22,8,2022,0.65,3.9,2.317,4.605,1.046289841910567
5,5,5,5,5,5,5,5,2022-08-23,TATAMOTORS,449.0,462.1,447.6,460.45,2.918,-0.312,2.55,2.918,0.312,0.312,23,8,2022,0.65,3.9,1.9,6.505000000000001,1.0661693489068678
6,6,6,6,6,6,6,6,2022-08-24,TATAMOTORS,459.0,464.9,457.7,463.2,1.285,-0.283,0.915,1.285,0.283,0.283,24,8,2022,0.65,3.9,0.265,6.7700000000000005,1.068994697681471
7,7,7,7,7,7,7,7,2022-08-25,TATAMOTORS,466.0,468.8,457.4,459.2,0.601,-1.845,-1.459,1.845,0.601,0.601,25,8,2022,0.65,3.9,0.809,7.579000000000001,1.0776428647857141
8,8,8,8,8,8,8,8,2022-08-26,TATAMOTORS,465.0,470.45,463.95,465.05,1.172,-0.226,0.011,1.172,0.226,0.226,26,8,2022,0.65,3.9,-0.639,6.94,1.0707567268797333
9,9,9,9,9,9,9,9,2022-08-29,TATAMOTORS,451.0,456.9,450.15,453.35,1.308,-0.188,0.521,1.308,0.188,0.188,29,8,2022,0.65,3.9,-0.129,6.811,1.0693754507020585
10,10,10,10,10,10,10,10,2022-08-30,TATAMOTORS,458.65,472.4,457.1,471.1,2.998,-0.338,2.714,2.998,0.338,0.338,30,8,2022,0.65,3.9,2.064,8.875,1.0914473600045491
11,11,11,11,11,11,11,11,2022-09-01,TATAMOTORS,462.5,474.4,462.15,466.9,2.573,-0.076,0.951,2.573,0.076,0.076,1,9,2022,0.65,3.9,0.3009999999999999,9.176,1.0947326165581628
12,12,12,12,12,12,12,12,2022-09-02,TATAMOTORS,470.85,471.8,460.15,461.75,0.202,-2.272,-1.933,2.272,0.202,0.202,2,9,2022,0.65,3.9,1.283,10.459,1.108778036028604
13,13,13,13,13,13,13,13,2022-09-05,TATAMOTORS,459.75,463.95,457.0,459.0,0.914,-0.598,-0.163,0.914,0.598,0.598,5,9,2022,0.65,3.9,-0.487,9.972,1.1033782869931446
14,14,14,14,14,14,14,14,2022-09-06,TATAMOTORS,462.7,463.7,456.6,457.75,0.216,-1.318,-1.07,1.318,0.216,0.216,6,9,2022,0.65,3.9,0.42,10.392,1.1080124757985157
15,15,15,15,15,15,15,15,2022-09-07,TATAMOTORS,453.2,456.5,443.65,445.85,0.728,-2.107,-1.622,2.107,0.728,0.728,7,9,2022,0.65,3.9,-1.3,9.091999999999999,1.093608313613135
16,16,16,16,16,16,16,16,2022-09-08,TATAMOTORS,452.45,452.55,440.0,442.2,0.022,-2.752,-2.265,2.752,0.022,0.022,8,9,2022,0.65,3.9,1.6150000000000002,10.706999999999999,1.111270087877987
17,17,17,17,17,17,17,17,2022-09-09,TATAMOTORS,447.5,449.65,440.6,445.9,0.48,-1.542,-0.358,1.542,0.48,0.48,9,9,2022,0.65,3.9,-0.292,10.415,1.1080251792213833
18,18,18,18,18,18,18,18,2022-09-12,TATAMOTORS,447.7,453.0,447.0,451.0,1.184,-0.156,0.737,1.184,0.156,0.156,12,9,2022,0.65,3.9,0.0869999999999999,10.501999999999999,1.108989161127306
19,19,19,19,19,19,19,19,2022-09-13,TATAMOTORS,454.3,458.95,453.55,456.8,1.024,-0.165,0.55,1.024,0.165,0.165,13,9,2022,0.65,3.9,-0.0999999999999999,10.402,1.1078801719661786
20,20,20,20,20,20,20,20,2022-09-14,TATAMOTORS,447.6,454.7,447.0,450.2,1.586,-0.134,0.581,1.586,0.134,0.134,14,9,2022,0.65,3.9,-0.069,10.332999999999998,1.107115734647522
21,21,21,21,21,21,21,21,2022-09-15,TATAMOTORS,452.4,455.85,446.05,447.25,0.763,-1.404,-1.138,1.404,0.763,0.763,15,9,2022,0.65,3.9,-1.3,9.032999999999998,1.0927232300971041
22,22,22,22,22,22,22,22,2022-09-16,TATAMOTORS,446.0,446.4,429.1,432.5,0.09,-3.789,-3.027,3.789,0.09,0.09,16,9,2022,0.65,3.9,2.377,11.409999999999997,1.1186972612765125
23,23,23,23,23,23,23,23,2022-09-19,TATAMOTORS,431.5,431.6,424.05,425.45,0.023,-1.727,-1.402,1.727,0.023,0.023,19,9,2022,0.65,3.9,0.7519999999999999,12.161999999999997,1.1271098646813118
24,24,24,24,24,24,24,24,2022-09-20,TATAMOTORS,430.6,443.35,430.6,434.25,2.961,0.0,0.848,2.961,0.0,0.0,20,9,2022,0.65,3.9,0.1979999999999999,12.359999999999998,1.129341542213381
25,25,25,25,25,25,25,25,2022-09-21,TATAMOTORS,433.95,436.0,425.5,427.65,0.472,-1.947,-1.452,1.947,0.472,0.472,21,9,2022,0.65,3.9,0.8019999999999999,13.161999999999997,1.1383988613819322
26,26,26,26,26,26,26,26,2022-09-22,TATAMOTORS,425.0,434.6,422.55,432.2,2.259,-0.576,1.694,2.259,0.576,0.576,22,9,2022,0.65,3.9,1.044,14.205999999999998,1.1502837454947596
27,27,27,27,27,27,27,27,2022-09-23,TATAMOTORS,431.9,431.9,420.55,423.1,0.0,-2.628,-2.038,2.628,0.0,0.0,23,9,2022,0.65,3.9,1.388,15.593999999999998,1.1662496838822267
28,28,28,28,28,28,28,28,2022-09-26,TATAMOTORS,416.0,417.9,393.15,397.5,0.457,-5.493,-4.447,5.493,0.457,0.457,26,9,2022,0.65,3.9,3.2500000000000004,18.843999999999998,1.204152798608399
29,29,29,29,29,29,29,29,2022-09-27,TATAMOTORS,403.9,404.0,390.35,398.8,0.025,-3.355,-1.263,3.355,0.025,0.025,27,9,2022,0.65,3.9,0.6129999999999999,19.456999999999997,1.2115342552638686
30,30,30,30,30,30,30,30,2022-09-28,TATAMOTORS,394.9,406.6,392.85,399.1,2.963,-0.519,1.064,2.963,0.519,0.519,28,9,2022,0.65,3.9,0.414,19.871,1.216550007080661
31,31,31,31,31,31,31,31,2022-09-29,TATAMOTORS,411.0,413.25,399.6,402.25,0.547,-2.774,-2.129,2.774,0.547,0.547,29,9,2022,0.65,3.9,1.479,21.349999999999998,1.234542781685384
32,32,32,32,32,32,32,32,2022-09-30,TATAMOTORS,398.0,408.25,392.5,404.6,2.575,-1.382,1.658,2.575,1.382,1.382,30,9,2022,0.65,3.9,-1.3,20.049999999999997,1.218493725523474
33,33,33,33,33,33,33,33,2022-10-03,TATAMOTORS,404.6,404.6,404.6,404.6,0.0,0.0,0.0,0.0,0.0,0.0,3,10,2022,0.65,3.9,-0.65,19.4,1.2105735163075715
34,34,34,34,34,34,34,34,2022-10-03,TATAMOTORS,405.5,406.55,395.5,397.65,0.259,-2.466,-1.936,2.466,0.259,0.259,3,10,2022,0.65,3.9,1.286,20.686,1.226141491727287
35,35,35,35,35,35,35,35,2022-10-04,TATAMOTORS,406.0,408.95,402.9,407.9,0.727,-0.764,0.468,0.764,0.727,0.727,4,10,2022,0.65,3.9,-1.3,19.386,1.2102016523348322
36,36,36,36,36,36,36,36,2022-10-06,TATAMOTORS,409.6,417.65,409.5,414.1,1.965,-0.024,1.099,1.965,0.024,0.024,6,10,2022,0.65,3.9,0.4489999999999999,19.835,1.2156354577538158
37,37,37,37,37,37,37,37,2022-10-07,TATAMOTORS,413.4,414.0,408.7,412.15,0.145,-1.137,-0.302,1.137,0.145,0.145,7,10,2022,0.65,3.9,-0.348,19.487000000000002,1.2114050463608323
38,38,38,38,38,38,38,38,2022-10-10,TATAMOTORS,403.4,403.4,393.05,395.95,0.0,-2.566,-1.847,2.566,0.0,0.0,10,10,2022,0.65,3.9,1.197,20.684,1.2259055647657715
39,39,39,39,39,39,39,39,2022-10-11,TATAMOTORS,397.0,399.5,391.3,393.35,0.63,-1.436,-0.919,1.436,0.63,0.63,11,10,2022,0.65,3.9,0.269,20.953,1.2292032507349915
40,40,40,40,40,40,40,40,2022-10-12,TATAMOTORS,394.55,398.2,391.1,396.55,0.925,-0.874,0.507,0.925,0.874,0.874,12,10,2022,0.65,3.9,-1.3,19.653,1.2132236084754366
41,41,41,41,41,41,41,41,2022-10-13,TATAMOTORS,396.55,403.5,394.55,399.0,1.753,-0.504,0.618,1.753,0.504,0.504,13,10,2022,0.65,3.9,-0.032,19.621,1.2128353769207245
42,42,42,42,42,42,42,42,2022-10-14,TATAMOTORS,407.0,409.2,395.3,396.25,0.541,-2.875,-2.641,2.875,0.541,0.541,14,10,2022,0.65,3.9,1.991,21.612,1.2369829292752164
43,43,43,43,43,43,43,43,2022-10-17,TATAMOTORS,396.25,396.25,396.25,396.25,0.0,0.0,0.0,0.0,0.0,0.0,17,10,2022,0.65,3.9,-0.65,20.962,1.2289425402349274
44,44,44,44,44,44,44,44,2022-10-17,TATAMOTORS,394.0,398.9,392.5,396.1,1.244,-0.381,0.533,1.244,0.381,0.381,17,10,2022,0.65,3.9,-0.1169999999999999,20.845,1.2275046774628526
45,45,45,45,45,45,45,45,2022-10-18,TATAMOTORS,401.0,406.7,400.7,404.25,1.421,-0.075,0.81,1.421,0.075,0.075,18,10,2022,0.65,3.9,0.16,21.005,1.2294686849467933
46,46,46,46,46,46,46,46,2022-10-19,TATAMOTORS,406.2,406.95,397.3,399.05,0.185,-2.191,-1.76,2.191,0.185,0.185,19,10,2022,0.65,3.9,1.11,22.115,1.2431157873497027
47,47,47,47,47,47,47,47,2022-10-20,TATAMOTORS,397.0,399.9,393.1,398.1,0.73,-0.982,0.277,0.982,0.73,0.73,20,10,2022,0.65,3.9,-1.3,20.814999999999998,1.2269552821141565
48,48,48,48,48,48,48,48,2022-10-21,TATAMOTORS,397.0,402.25,394.7,398.05,1.322,-0.579,0.264,1.322,0.579,0.579,21,10,2022,0.65,3.9,-0.386,20.429,1.222219234725196
49,49,49,49,49,49,49,49,2022-10-24,TATAMOTORS,406.0,406.0,400.15,401.6,0.0,-1.441,-1.084,1.441,0.0,0.0,24,10,2022,0.65,3.9,0.434,20.863,1.2275236662039033
50,50,50,50,50,50,50,50,2022-10-25,TATAMOTORS,401.6,401.6,401.6,401.6,0.0,0.0,0.0,0.0,0.0,0.0,25,10,2022,0.65,3.9,-0.65,20.213,1.219544762373578
51,51,51,51,51,51,51,51,2022-10-25,TATAMOTORS,404.35,410.5,403.2,404.55,1.521,-0.284,0.049,1.521,0.284,0.284,25,10,2022,0.65,3.9,-0.601,19.612000000000002,1.212215298351713
52,52,52,52,52,52,52,52,2022-10-27,TATAMOTORS,408.55,411.7,404.0,407.7,0.771,-1.114,-0.208,1.114,0.771,0.771,27,10,2022,0.65,3.9,-1.3,18.312,1.1964564994731406
53,53,53,53,53,53,53,53,2022-10-28,TATAMOTORS,408.0,411.2,406.1,409.9,0.784,-0.466,0.466,0.784,0.466,0.466,28,10,2022,0.65,3.9,-0.184,18.128,1.1942550195141102
54,54,54,54,54,54,54,54,2022-10-31,TATAMOTORS,414.35,416.3,411.6,412.75,0.471,-0.664,-0.386,0.664,0.471,0.471,31,10,2022,0.65,3.9,-0.264,17.864,1.191102186262593
55,55,55,55,55,55,55,55,2022-11-01,TATAMOTORS,414.9,422.4,412.8,421.35,1.808,-0.506,1.555,1.808,0.506,0.506,1,11,2022,0.65,3.9,0.905,18.769000000000002,1.2018816610482694
56,56,56,56,56,56,56,56,2022-11-02,TATAMOTORS,423.05,425.1,420.15,422.15,0.485,-0.685,-0.213,0.685,0.485,0.485,2,11,2022,0.65,3.9,-0.437,18.332,1.1966294381894884
57,57,57,57,57,57,57,57,2022-11-03,TATAMOTORS,422.15,422.15,422.15,422.15,0.0,0.0,0.0,0.0,0.0,0.0,3,11,2022,0.65,3.9,-0.65,17.682000000000002,1.1888513468412567
58,58,58,58,58,58,58,58,2022-11-03,TATAMOTORS,419.4,423.3,414.5,416.25,0.93,-1.168,-0.751,1.168,0.93,0.93,3,11,2022,0.65,3.9,-1.3,16.382,1.1733962793323203
59,59,59,59,59,59,59,59,2022-11-04,TATAMOTORS,418.2,426.0,416.9,425.35,1.865,-0.311,1.71,1.865,0.311,0.311,4,11,2022,0.65,3.9,1.06,17.442,1.1858342798932429
60,60,60,60,60,60,60,60,2022-11-07,TATAMOTORS,428.25,437.5,428.25,435.0,2.16,0.0,1.576,2.16,0.0,0.0,7,11,2022,0.65,3.9,0.926,18.368,1.1968151053250544
61,61,61,61,61,61,61,61,2022-11-09,TATAMOTORS,439.2,441.2,432.0,433.15,0.455,-1.639,-1.378,1.639,0.455,0.455,9,11,2022,0.65,3.9,0.7279999999999999,19.096,1.2055279192918207
62,62,62,62,62,62,62,62,2022-11-10,TATAMOTORS,420.5,420.55,409.2,412.2,0.012,-2.687,-1.974,2.687,0.012,0.012,10,11,2022,0.65,3.9,1.3239999999999998,20.42,1.2214891089432443
63,63,63,63,63,63,63,63,2022-11-11,TATAMOTORS,420.0,425.5,414.7,423.5,1.31,-1.262,0.833,1.31,1.262,1.262,11,11,2022,0.65,3.9,-1.3,19.12,1.205609750526982
64,64,64,64,64,64,64,64,2022-11-14,TATAMOTORS,423.5,423.5,423.5,423.5,0.0,0.0,0.0,0.0,0.0,0.0,14,11,2022,0.65,3.9,-0.65,18.470000000000002,1.1977732871485567
65,65,65,65,65,65,65,65,2022-11-14,TATAMOTORS,424.0,437.7,423.5,433.7,3.231,-0.118,2.288,3.231,0.118,0.118,14,11,2022,0.65,3.9,1.638,20.108000000000004,1.2173928135920502
66,66,66,66,66,66,66,66,2022-11-15,TATAMOTORS,434.9,438.5,434.1,437.15,0.828,-0.184,0.517,0.828,0.184,0.184,15,11,2022,0.65,3.9,-0.133,19.975000000000005,1.2157736811499726
67,67,67,67,67,67,67,67,2022-11-16,TATAMOTORS,436.95,438.2,429.6,431.55,0.286,-1.682,-1.236,1.682,0.286,0.286,16,11,2022,0.65,3.9,0.586,20.561000000000003,1.2228981149215115
68,68,68,68,68,68,68,68,2022-11-17,TATAMOTORS,422.0,427.55,419.6,423.15,1.315,-0.569,0.273,1.315,0.569,0.569,17,11,2022,0.65,3.9,-0.377,20.184000000000005,1.2182877890282573
69,69,69,69,69,69,69,69,2022-11-18,TATAMOTORS,424.0,426.45,421.15,423.8,0.578,-0.672,-0.047,0.672,0.578,0.578,18,11,2022,0.65,3.9,-0.603,19.581000000000003,1.210941513660417
70,70,70,70,70,70,70,70,2022-11-21,TATAMOTORS,425.6,427.6,420.0,421.1,0.47,-1.316,-1.057,1.316,0.47,0.47,21,11,2022,0.65,3.9,0.4069999999999999,19.988000000000003,1.2158700456210148
71,71,71,71,71,71,71,71,2022-11-22,TATAMOTORS,421.0,426.4,420.5,424.7,1.283,-0.119,0.879,1.283,0.119,0.119,22,11,2022,0.65,3.9,0.2289999999999999,20.217000000000002,1.2186543880254868
72,72,72,72,72,72,72,72,2022-11-23,TATAMOTORS,426.85,429.3,422.85,424.05,0.574,-0.937,-0.656,0.937,0.574,0.574,23,11,2022,0.65,3.9,0.006,20.223000000000003,1.2187275072887682
73,73,73,73,73,73,73,73,2022-11-24,TATAMOTORS,424.5,425.25,420.7,423.4,0.177,-0.895,-0.259,0.895,0.177,0.177,24,11,2022,0.65,3.9,-0.391,19.832,1.2139622827352692
74,74,74,74,74,74,74,74,2022-11-25,TATAMOTORS,425.0,435.15,424.0,433.2,2.388,-0.235,1.929,2.388,0.235,0.235,25,11,2022,0.65,3.9,1.279,21.111,1.2294888603314533
75,75,75,75,75,75,75,75,2022-11-28,TATAMOTORS,435.0,440.35,432.4,433.25,1.23,-0.598,-0.402,1.23,0.598,0.598,28,11,2022,0.65,3.9,-0.248,20.863,1.2264397279578312
76,76,76,76,76,76,76,76,2022-11-29,TATAMOTORS,432.5,437.9,429.55,433.15,1.249,-0.682,0.15,1.249,0.682,0.682,29,11,2022,0.65,3.9,-1.3,19.563,1.2104960114943795
77,77,77,77,77,77,77,77,2022-11-30,TATAMOTORS,435.0,441.0,433.3,439.4,1.379,-0.391,1.011,1.379,0.391,0.391,30,11,2022,0.65,3.9,0.3609999999999999,19.924,1.214865902095874
78,78,78,78,78,78,78,78,2022-12-01,TATAMOTORS,443.0,443.6,436.85,438.25,0.135,-1.388,-1.072,1.388,0.135,0.135,1,12,2022,0.65,3.9,0.422,20.346,1.2199926362027185
79,79,79,79,79,79,79,79,2022-12-02,TATAMOTORS,439.0,441.15,435.0,435.4,0.49,-0.911,-0.82,0.911,0.49,0.49,2,12,2022,0.65,3.9,0.1699999999999999,20.516,1.2220666236842632
80,80,80,80,80,80,80,80,2022-12-05,TATAMOTORS,435.5,437.5,427.8,428.75,0.459,-1.768,-1.55,1.768,0.459,0.459,5,12,2022,0.65,3.9,0.9,21.415999999999997,1.2330652232974215
81,81,81,81,81,81,81,81,2022-12-06,TATAMOTORS,428.8,431.35,425.35,427.1,0.595,-0.805,-0.396,0.805,0.595,0.595,6,12,2022,0.65,3.9,-0.254,21.161999999999995,1.229933237630246
82,82,82,82,82,82,82,82,2022-12-07,TATAMOTORS,428.0,428.0,419.1,420.1,0.0,-2.079,-1.846,2.079,0.0,0.0,7,12,2022,0.65,3.9,1.1960000000000002,22.357999999999997,1.244643239152304
83,83,83,83,83,83,83,83,2022-12-08,TATAMOTORS,421.0,421.4,415.35,417.2,0.095,-1.342,-0.903,1.342,0.095,0.095,8,12,2022,0.65,3.9,0.253,22.610999999999997,1.2477921865473591
84,84,84,84,84,84,84,84,2022-12-09,TATAMOTORS,419.3,420.95,409.55,413.3,0.394,-2.325,-1.431,2.325,0.394,0.394,9,12,2022,0.65,3.9,0.781,23.391999999999996,1.257537443524294
85,85,85,85,85,85,85,85,2022-12-12,TATAMOTORS,412.0,416.9,408.0,414.15,1.189,-0.971,0.522,1.189,0.971,0.971,12,12,2022,0.65,3.9,-1.3,22.091999999999995,1.2411894567584782
86,86,86,86,86,86,86,86,2022-12-13,TATAMOTORS,419.95,421.5,417.25,418.5,0.369,-0.643,-0.345,0.643,0.369,0.369,13,12,2022,0.65,3.9,-0.305,21.786999999999995,1.2374038289153648
87,87,87,87,87,87,87,87,2022-12-14,TATAMOTORS,420.55,421.35,417.35,417.9,0.19,-0.761,-0.63,0.761,0.19,0.19,14,12,2022,0.65,3.9,-0.02,21.766999999999996,1.2371563481495818
88,88,88,88,88,88,88,88,2022-12-15,TATAMOTORS,418.85,422.8,415.7,416.7,0.943,-0.752,-0.513,0.943,0.752,0.752,15,12,2022,0.65,3.9,-1.3,20.466999999999995,1.221073315623637
89,89,89,89,89,89,89,89,2022-12-16,TATAMOTORS,417.35,427.8,413.1,421.6,2.504,-1.018,1.018,2.504,1.018,1.018,16,12,2022,0.65,3.9,-1.3,19.166999999999994,1.2051993625205297
90,90,90,90,90,90,90,90,2022-12-19,TATAMOTORS,421.9,422.85,415.5,418.0,0.225,-1.517,-0.924,1.517,0.225,0.225,19,12,2022,0.65,3.9,0.274,19.440999999999995,1.2085016087738358
91,91,91,91,91,91,91,91,2022-12-20,TATAMOTORS,418.0,418.0,408.0,410.5,0.0,-2.392,-1.794,2.392,0.0,0.0,20,12,2022,0.65,3.9,1.144,20.584999999999994,1.2223268671782084
92,92,92,92,92,92,92,92,2022-12-21,TATAMOTORS,412.6,414.4,401.0,402.6,0.436,-2.811,-2.424,2.811,0.436,0.436,21,12,2022,0.65,3.9,1.774,22.358999999999995,1.24401094580195
93,93,93,93,93,93,93,93,2022-12-22,TATAMOTORS,404.1,404.7,390.2,394.45,0.148,-3.44,-2.388,3.44,0.148,0.148,22,12,2022,0.65,3.9,1.738,24.096999999999994,1.2656318560399877
94,94,94,94,94,94,94,94,2022-12-23,TATAMOTORS,390.0,390.0,377.0,378.35,0.0,-3.333,-2.987,3.333,0.0,0.0,23,12,2022,0.65,3.9,2.337,26.433999999999994,1.2952096725156421
95,95,95,95,95,95,95,95,2022-12-26,TATAMOTORS,380.25,390.7,375.2,384.8,2.748,-1.328,1.197,2.748,1.328,1.328,26,12,2022,0.65,3.9,-1.3,25.133999999999993,1.2783719467729389
96,96,96,96,96,96,96,96,2022-12-27,TATAMOTORS,390.0,397.45,388.5,394.15,1.91,-0.385,1.064,1.91,0.385,0.385,27,12,2022,0.65,3.9,0.414,25.547999999999995,1.2836644066325789
97,97,97,97,97,97,97,97,2022-12-28,TATAMOTORS,394.0,395.9,390.4,391.3,0.482,-0.914,-0.685,0.914,0.482,0.482,28,12,2022,0.65,3.9,0.035,25.582999999999995,1.2841136891749003
98,98,98,98,98,98,98,98,2022-12-29,TATAMOTORS,389.0,390.0,383.05,385.9,0.257,-1.53,-0.797,1.53,0.257,0.257,29,12,2022,0.65,3.9,0.147,25.729999999999993,1.2860013362979876
99,99,99,99,99,99,99,99,2022-12-30,TATAMOTORS,391.0,392.2,387.0,387.95,0.307,-1.023,-0.78,1.023,0.307,0.307,30,12,2022,0.65,3.9,0.13,25.859999999999992,1.2876731380351751
100,100,100,100,100,100,100,100,2023-01-02,TATAMOTORS,392.5,396.0,391.0,394.8,0.892,-0.382,0.586,0.892,0.382,0.382,2,1,2023,0.65,3.9,-0.064,25.795999999999992,1.2868490272268327
101,101,101,101,101,101,101,101,2023-01-03,TATAMOTORS,396.0,398.35,393.0,393.9,0.593,-0.758,-0.53,0.758,0.593,0.593,3,1,2023,0.65,3.9,-0.12,25.67599999999999,1.2853048083941605
102,102,102,102,102,102,102,102,2023-01-04,TATAMOTORS,394.8,394.8,385.0,385.6,0.0,-2.482,-2.33,2.482,0.0,0.0,4,1,2023,0.65,3.9,1.6800000000000002,27.35599999999999,1.3068979291751823
103,103,103,103,103,103,103,103,2023-01-05,TATAMOTORS,387.9,388.75,382.5,386.9,0.219,-1.392,-0.258,1.392,0.219,0.219,5,1,2023,0.65,3.9,-0.392,26.96399999999999,1.3017748892928156
104,104,104,104,104,104,104,104,2023-01-06,TATAMOTORS,386.1,388.4,381.0,382.0,0.596,-1.321,-1.062,1.321,0.596,0.596,6,1,2023,0.65,3.9,0.412,27.37599999999999,1.307138201836702
105,105,105,105,105,105,105,105,2023-01-09,TATAMOTORS,386.35,392.7,385.0,389.45,1.644,-0.349,0.802,1.644,0.349,0.349,9,1,2023,0.65,3.9,0.152,27.52799999999999,1.3091250519034936
106,106,106,106,106,106,106,106,2023-01-10,TATAMOTORS,400.0,417.75,400.0,412.9,4.438,0.0,3.225,4.438,0.0,0.0,10,1,2023,0.65,3.9,3.2500000000000004,30.77799999999999,1.351671616090357
107,107,107,107,107,107,107,107,2023-01-11,TATAMOTORS,415.75,420.0,413.55,418.2,1.022,-0.529,0.589,1.022,0.529,0.529,11,1,2023,0.65,3.9,-0.061,30.71699999999999,1.3508470964045418
108,108,108,108,108,108,108,108,2023-01-12,TATAMOTORS,420.3,420.5,410.05,412.25,0.048,-2.439,-1.915,2.439,0.048,0.048,12,1,2023,0.65,3.9,1.265,31.981999999999992,1.3679353121740594
109,109,109,109,109,109,109,109,2023-01-13,TATAMOTORS,413.0,416.35,408.0,411.5,0.811,-1.211,-0.363,1.211,0.811,0.811,13,1,2023,0.65,3.9,-1.3,30.68199999999999,1.3501521531157965
110,110,110,110,110,110,110,110,2023-01-16,TATAMOTORS,413.5,414.9,407.6,413.0,0.339,-1.427,-0.121,1.427,0.339,0.339,16,1,2023,0.65,3.9,-0.529,30.15299999999999,1.343009848225814
111,111,111,111,111,111,111,111,2023-01-17,TATAMOTORS,413.0,419.45,412.5,415.3,1.562,-0.121,0.557,1.562,0.121,0.121,17,1,2023,0.65,3.9,-0.0929999999999999,30.05999999999999,1.341760849066964
112,112,112,112,112,112,112,112,2023-01-18,TATAMOTORS,415.9,415.95,407.45,408.4,0.012,-2.032,-1.803,2.032,0.012,0.012,18,1,2023,0.65,3.9,1.153,31.21299999999999,1.357231351656706
113,113,113,113,113,113,113,113,2023-01-19,TATAMOTORS,406.5,407.8,400.1,400.75,0.32,-1.574,-1.415,1.574,0.32,0.32,19,1,2023,0.65,3.9,0.765,31.97799999999999,1.3676141714968797
114,114,114,114,114,114,114,114,2023-01-20,TATAMOTORS,404.0,412.5,401.2,403.15,2.104,-0.693,-0.21,2.104,0.693,0.693,20,1,2023,0.65,3.9,-1.3,30.67799999999999,1.3498351872674201
115,115,115,115,115,115,115,115,2023-01-23,TATAMOTORS,407.0,410.95,405.0,408.4,0.971,-0.491,0.344,0.971,0.491,0.491,23,1,2023,0.65,3.9,-0.306,30.37199999999999,1.345704691594382
116,116,116,116,116,116,116,116,2023-01-24,TATAMOTORS,410.0,424.0,410.0,422.15,3.415,0.0,2.963,3.415,0.0,0.0,24,1,2023,0.65,3.9,2.313,32.68499999999999,1.3768308411109602
117,117,117,117,117,117,117,117,2023-01-25,TATAMOTORS,423.75,427.25,417.7,419.05,0.826,-1.428,-1.109,1.428,0.826,0.826,25,1,2023,0.65,3.9,-1.3,31.384999999999987,1.3589320401765177
118,118,118,118,118,118,118,118,2023-01-27,TATAMOTORS,438.0,453.4,435.15,445.6,3.516,-0.651,1.735,3.516,0.651,0.651,27,1,2023,0.65,3.9,-1.3,30.084999999999987,1.341265923654223
119,119,119,119,119,119,119,119,2023-01-30,TATAMOTORS,445.6,450.0,437.65,443.65,0.987,-1.784,-0.438,1.784,0.987,0.987,30,1,2023,0.65,3.9,-1.3,28.784999999999986,1.323829466646718
120,120,120,120,120,120,120,120,2023-01-31,TATAMOTORS,443.7,454.8,440.9,452.1,2.502,-0.631,1.893,2.502,0.631,0.631,31,1,2023,0.65,3.9,1.243,30.027999999999984,1.3402846669171367
121,121,121,121,121,121,121,121,2023-02-01,TATAMOTORS,456.8,461.5,437.65,446.65,1.029,-4.192,-2.222,4.192,1.029,1.029,1,2,2023,0.65,3.9,-1.3,28.727999999999984,1.322860966247214
122,122,122,122,122,122,122,122,2023-02-02,TATAMOTORS,446.75,449.2,440.7,444.8,0.548,-1.354,-0.436,1.354,0.548,0.548,2,2,2023,0.65,3.9,-0.214,28.513999999999985,1.3200300437794448
123,123,123,123,123,123,123,123,2023-02-03,TATAMOTORS,447.0,450.8,442.35,445.45,0.85,-1.04,-0.347,1.04,0.85,0.85,3,2,2023,0.65,3.9,-1.3,27.213999999999984,1.302869653210312
124,124,124,124,124,124,124,124,2023-02-06,TATAMOTORS,444.45,447.0,439.55,442.0,0.574,-1.102,-0.551,1.102,0.574,0.574,6,2,2023,0.65,3.9,-0.0989999999999999,27.114999999999984,1.3015798122536337
125,125,125,125,125,125,125,125,2023-02-07,TATAMOTORS,441.7,443.4,432.9,435.45,0.385,-1.992,-1.415,1.992,0.385,0.385,7,2,2023,0.65,3.9,0.765,27.879999999999985,1.311536897817374
126,126,126,126,126,126,126,126,2023-02-08,TATAMOTORS,435.45,441.0,431.55,440.1,1.275,-0.896,1.068,1.275,0.896,0.896,8,2,2023,0.65,3.9,-1.3,26.579999999999984,1.2944869181457481
127,127,127,127,127,127,127,127,2023-02-09,TATAMOTORS,440.0,440.7,433.55,436.75,0.159,-1.466,-0.739,1.466,0.159,0.159,9,2,2023,0.65,3.9,0.0889999999999999,26.668999999999983,1.295639011502898
128,128,128,128,128,128,128,128,2023-02-10,TATAMOTORS,437.95,447.8,431.2,445.85,2.249,-1.541,1.804,2.249,1.541,1.541,10,2,2023,0.65,3.9,-1.3,25.368999999999982,1.2787957043533602
129,129,129,129,129,129,129,129,2023-02-13,TATAMOTORS,445.5,446.9,438.9,441.05,0.314,-1.481,-0.999,1.481,0.314,0.314,13,2,2023,0.65,3.9,0.349,25.717999999999982,1.2832587013615535
130,130,130,130,130,130,130,130,2023-02-14,TATAMOTORS,442.0,444.3,434.4,440.55,0.52,-1.719,-0.328,1.719,0.52,0.52,14,2,2023,0.65,3.9,-0.322,25.395999999999983,1.2791266083431694
131,131,131,131,131,131,131,131,2023-02-15,TATAMOTORS,438.5,444.9,438.15,444.15,1.46,-0.08,1.288,1.46,0.08,0.08,15,2,2023,0.65,3.9,0.638,26.033999999999985,1.2872874361043989
132,132,132,132,132,132,132,132,2023-02-16,TATAMOTORS,445.0,448.25,440.5,441.6,0.73,-1.011,-0.764,1.011,0.73,0.73,16,2,2023,0.65,3.9,-1.3,24.733999999999984,1.2705526994350418
133,133,133,133,133,133,133,133,2023-02-17,TATAMOTORS,436.0,442.45,436.0,439.9,1.479,0.0,0.894,1.479,0.0,0.0,17,2,2023,0.65,3.9,0.244,24.977999999999984,1.2736528480216633
134,134,134,134,134,134,134,134,2023-02-20,TATAMOTORS,441.8,445.3,436.25,443.0,0.792,-1.256,0.272,1.256,0.792,0.792,20,2,2023,0.65,3.9,-1.3,23.677999999999983,1.2570953609973816
135,135,135,135,135,135,135,135,2023-02-21,TATAMOTORS,445.2,445.2,435.25,436.5,0.0,-2.235,-1.954,2.235,0.0,0.0,21,2,2023,0.65,3.9,1.3039999999999998,24.98199999999998,1.2734878845047874
136,136,136,136,136,136,136,136,2023-02-22,TATAMOTORS,435.3,435.85,428.25,429.45,0.126,-1.62,-1.344,1.62,0.126,0.126,22,2,2023,0.65,3.9,0.6940000000000001,25.67599999999998,1.2823258904232506
137,137,137,137,137,137,137,137,2023-02-23,TATAMOTORS,428.65,436.45,427.2,433.2,1.82,-0.338,1.061,1.82,0.338,0.338,23,2,2023,0.65,3.9,0.4109999999999999,26.086999999999982,1.2875962498328903
138,138,138,138,138,138,138,138,2023-02-24,TATAMOTORS,435.4,436.7,427.0,427.75,0.299,-1.929,-1.757,1.929,0.299,0.299,24,2,2023,0.65,3.9,1.1069999999999998,27.19399999999998,1.3018499403185404
139,139,139,139,139,139,139,139,2023-02-27,TATAMOTORS,427.75,428.05,413.05,417.95,0.07,-3.437,-2.291,3.437,0.07,0.07,27,2,2023,0.65,3.9,1.641,28.83499999999998,1.3232132978391677
140,140,140,140,140,140,140,140,2023-02-28,TATAMOTORS,419.0,424.8,419.0,420.7,1.384,0.0,0.406,1.384,0.0,0.0,28,2,2023,0.65,3.9,-0.244,28.59099999999998,1.31998465739244
141,141,141,141,141,141,141,141,2023-03-01,TATAMOTORS,421.5,428.0,421.5,426.0,1.542,0.0,1.068,1.542,0.0,0.0,1,3,2023,0.65,3.9,0.418,29.00899999999998,1.3255021932603406
142,142,142,142,142,142,142,142,2023-03-02,TATAMOTORS,426.0,426.25,419.55,420.45,0.059,-1.514,-1.303,1.514,0.059,0.059,2,3,2023,0.65,3.9,0.6529999999999999,29.661999999999978,1.3341577225823305
143,143,143,143,143,143,143,143,2023-03-03,TATAMOTORS,422.6,430.5,421.95,428.0,1.869,-0.154,1.278,1.869,0.154,0.154,3,3,2023,0.65,3.9,0.628,30.289999999999978,1.3425362330801476
144,144,144,144,144,144,144,144,2023-03-06,TATAMOTORS,430.95,441.45,430.0,440.1,2.436,-0.22,2.123,2.436,0.22,0.22,6,3,2023,0.65,3.9,1.4730000000000003,31.762999999999977,1.362311791793418
145,145,145,145,145,145,145,145,2023-03-08,TATAMOTORS,439.0,441.25,436.1,439.3,0.513,-0.661,0.068,0.661,0.513,0.513,8,3,2023,0.65,3.9,-0.5820000000000001,31.180999999999976,1.3543831371651802
146,146,146,146,146,146,146,146,2023-03-09,TATAMOTORS,439.1,442.05,431.3,432.2,0.672,-1.776,-1.571,1.776,0.672,0.672,9,3,2023,0.65,3.9,-1.3,29.880999999999975,1.3367761563820328
147,147,147,147,147,147,147,147,2023-03-10,TATAMOTORS,433.0,437.8,430.8,435.85,1.109,-0.508,0.658,1.109,0.508,0.508,10,3,2023,0.65,3.9,0.008,29.888999999999974,1.3368830984745435
148,148,148,148,148,148,148,148,2023-03-13,TATAMOTORS,436.1,437.0,419.1,422.4,0.206,-3.898,-3.141,3.898,0.206,0.206,13,3,2023,0.65,3.9,2.491,32.379999999999974,1.3701848564575443
149,149,149,149,149,149,149,149,2023-03-14,TATAMOTORS,422.85,424.2,413.4,416.65,0.319,-2.235,-1.466,2.235,0.319,0.319,14,3,2023,0.65,3.9,0.816,33.19599999999998,1.3813655648862377
150,150,150,150,150,150,150,150,2023-03-15,TATAMOTORS,422.0,425.0,410.1,411.35,0.711,-2.82,-2.524,2.82,0.711,0.711,15,3,2023,0.65,3.9,-1.3,31.895999999999976,1.3634078125427167
151,151,151,151,151,151,151,151,2023-03-16,TATAMOTORS,413.3,418.5,405.0,415.7,1.258,-2.008,0.581,2.008,1.258,1.258,16,3,2023,0.65,3.9,-1.3,30.595999999999975,1.3456835109796614
152,152,152,152,152,152,152,152,2023-03-17,TATAMOTORS,419.0,423.45,414.55,419.0,1.062,-1.062,0.0,1.062,1.062,1.062,17,3,2023,0.65,3.9,-1.3,29.295999999999975,1.3281896253369259
153,153,153,153,153,153,153,153,2023-03-20,TATAMOTORS,415.6,416.95,405.5,410.75,0.325,-2.43,-1.167,2.43,0.325,0.325,20,3,2023,0.65,3.9,0.517,29.812999999999974,1.3350563656999177
154,154,154,154,154,154,154,154,2023-03-21,TATAMOTORS,412.85,413.9,407.7,412.55,0.254,-1.247,-0.073,1.247,0.254,0.254,21,3,2023,0.65,3.9,-0.5770000000000001,29.235999999999972,1.3273530904698292
155,155,155,155,155,155,155,155,2023-03-22,TATAMOTORS,416.0,418.4,413.75,416.1,0.577,-0.541,0.024,0.577,0.541,0.541,22,3,2023,0.65,3.9,-0.626,28.60999999999997,1.319043860123488
156,156,156,156,156,156,156,156,2023-03-23,TATAMOTORS,416.0,422.5,416.0,419.15,1.562,0.0,0.757,1.562,0.0,0.0,23,3,2023,0.65,3.9,0.1069999999999999,28.71699999999997,1.32045523705382
157,157,157,157,157,157,157,157,2023-03-24,TATAMOTORS,419.0,420.55,414.8,416.5,0.37,-1.002,-0.597,1.002,0.37,0.37,24,3,2023,0.65,3.9,-0.053,28.66399999999997,1.3197553957781816
158,158,158,158,158,158,158,158,2023-03-27,TATAMOTORS,416.0,418.5,410.25,412.05,0.601,-1.382,-0.95,1.382,0.601,0.601,27,3,2023,0.65,3.9,0.2999999999999999,28.96399999999997,1.323714661965516
159,159,159,159,159,159,159,159,2023-03-28,TATAMOTORS,414.15,414.5,400.45,401.6,0.085,-3.308,-3.03,3.308,0.085,0.085,28,3,2023,0.65,3.9,2.38,31.34399999999997,1.3552190709202954
160,160,160,160,160,160,160,160,2023-03-29,TATAMOTORS,401.6,410.6,401.6,409.2,2.241,0.0,1.892,2.241,0.0,0.0,29,3,2023,0.65,3.9,1.242,32.58599999999997,1.3720508917811256
161,161,161,161,161,161,161,161,2023-03-31,TATAMOTORS,411.35,421.75,411.0,420.8,2.528,-0.085,2.297,2.528,0.085,0.085,31,3,2023,0.65,3.9,1.6470000000000002,34.23299999999997,1.3946485699687607
162,162,162,162,162,162,162,162,2023-04-03,TATAMOTORS,423.0,424.95,419.5,424.25,0.461,-0.827,0.296,0.827,0.461,0.461,3,4,2023,0.65,3.9,-0.354,33.87899999999997,1.3897115140310714
163,163,163,163,163,163,163,163,2023-04-05,TATAMOTORS,424.25,428.75,423.15,426.55,1.061,-0.259,0.542,1.061,0.259,0.259,5,4,2023,0.65,3.9,-0.1079999999999999,33.77099999999997,1.388210625595918
164,164,164,164,164,164,164,164,2023-04-06,TATAMOTORS,426.5,439.3,423.75,437.65,3.001,-0.645,2.614,3.001,0.645,0.645,6,4,2023,0.65,3.9,1.964,35.73499999999997,1.4154750822826219
165,165,165,165,165,165,165,165,2023-04-10,TATAMOTORS,452.05,473.3,452.0,461.3,4.701,-0.011,2.046,4.701,0.011,0.011,10,4,2023,0.65,3.9,3.2500000000000004,38.98499999999997,1.4614780224568071
166,166,166,166,166,166,166,166,2023-04-11,TATAMOTORS,463.75,463.75,455.8,458.7,0.0,-1.714,-1.089,1.714,0.0,0.0,11,4,2023,0.65,3.9,0.4389999999999999,39.42399999999997,1.4678939109753923
167,167,167,167,167,167,167,167,2023-04-12,TATAMOTORS,459.35,468.6,458.2,465.5,2.014,-0.25,1.339,2.014,0.25,0.25,12,4,2023,0.65,3.9,0.689,40.11299999999997,1.4780077000220129
168,168,168,168,168,168,168,168,2023-04-13,TATAMOTORS,464.95,472.0,463.25,469.5,1.516,-0.366,0.979,1.516,0.366,0.366,13,4,2023,0.65,3.9,0.3289999999999999,40.44199999999997,1.4828703453550853
169,169,169,169,169,169,169,169,2023-04-17,TATAMOTORS,471.0,473.0,465.8,472.15,0.425,-1.104,0.244,1.104,0.425,0.425,17,4,2023,0.65,3.9,-0.406,40.03599999999997,1.4768498917529438
170,170,170,170,170,170,170,170,2023-04-18,TATAMOTORS,475.0,483.35,468.1,473.0,1.758,-1.453,-0.421,1.758,1.453,1.453,18,4,2023,0.65,3.9,-1.3,38.735999999999976,1.4576508431601556
171,171,171,171,171,171,171,171,2023-04-19,TATAMOTORS,473.0,475.5,467.85,469.4,0.529,-1.089,-0.761,1.089,0.529,0.529,19,4,2023,0.65,3.9,0.1109999999999999,38.84699999999997,1.4592688355960632
172,172,172,172,172,172,172,172,2023-04-20,TATAMOTORS,473.7,479.7,469.4,476.8,1.267,-0.908,0.654,1.267,0.908,0.908,20,4,2023,0.65,3.9,-1.3,37.546999999999976,1.4402983407333143
173,173,173,173,173,173,173,173,2023-04-21,TATAMOTORS,476.7,476.7,467.2,471.2,0.0,-1.993,-1.154,1.993,0.0,0.0,21,4,2023,0.65,3.9,0.5039999999999999,38.05099999999997,1.44755744437061
174,174,174,174,174,174,174,174,2023-04-24,TATAMOTORS,471.2,476.0,468.3,475.2,1.019,-0.615,0.849,1.019,0.615,0.615,24,4,2023,0.65,3.9,0.1989999999999999,38.24999999999997,1.4504380836849076
175,175,175,175,175,175,175,175,2023-04-25,TATAMOTORS,475.2,476.4,471.9,473.55,0.253,-0.694,-0.347,0.694,0.253,0.253,25,4,2023,0.65,3.9,-0.303,37.946999999999974,1.4460432562913423
176,176,176,176,176,176,176,176,2023-04-26,TATAMOTORS,473.0,479.5,472.6,478.2,1.374,-0.085,1.099,1.374,0.085,0.085,26,4,2023,0.65,3.9,0.4489999999999999,38.39599999999997,1.4525359905120907
177,177,177,177,177,177,177,177,2023-04-27,TATAMOTORS,478.5,482.0,476.5,481.6,0.731,-0.418,0.648,0.731,0.418,0.418,27,4,2023,0.65,3.9,-0.002,38.39399999999997,1.4525069397922805
178,178,178,178,178,178,178,178,2023-04-28,TATAMOTORS,481.4,488.0,478.35,484.95,1.371,-0.634,0.737,1.371,0.634,0.634,28,4,2023,0.65,3.9,0.0869999999999999,38.48099999999997,1.4537706208298997
179,179,179,179,179,179,179,179,2023-05-02,TATAMOTORS,482.5,484.0,474.55,480.25,0.311,-1.648,-0.466,1.648,0.311,0.311,2,5,2023,0.65,3.9,-0.184,38.296999999999976,1.4510956828875727
180,180,180,180,180,180,180,180,2023-05-03,TATAMOTORS,480.25,485.1,477.75,483.7,1.01,-0.521,0.718,1.01,0.521,0.521,3,5,2023,0.65,3.9,0.0679999999999999,38.364999999999974,1.4520824279519362
181,181,181,181,181,181,181,181,2023-05-04,TATAMOTORS,483.6,486.4,478.75,480.8,0.579,-1.003,-0.579,1.003,0.579,0.579,4,5,2023,0.65,3.9,-0.071,38.293999999999976,1.4510514494280904
182,182,182,182,182,182,182,182,2023-05-05,TATAMOTORS,481.65,484.7,476.15,477.1,0.633,-1.142,-0.945,1.142,0.633,0.633,5,5,2023,0.65,3.9,0.2949999999999999,38.58899999999998,1.4553320512039032
183,183,183,183,183,183,183,183,2023-05-08,TATAMOTORS,480.0,502.3,478.1,500.5,4.646,-0.396,4.271,4.646,0.396,0.396,8,5,2023,0.65,3.9,3.2500000000000004,41.83899999999998,1.50263034286803
184,184,184,184,184,184,184,184,2023-05-09,TATAMOTORS,502.0,512.8,501.55,503.65,2.151,-0.09,0.329,2.151,0.09,0.09,9,5,2023,0.65,3.9,-0.321,41.51799999999998,1.4978068994674236
185,185,185,185,185,185,185,185,2023-05-10,TATAMOTORS,508.0,512.9,504.35,509.5,0.965,-0.719,0.295,0.965,0.719,0.719,10,5,2023,0.65,3.9,-1.3,40.21799999999998,1.478335409774347
186,186,186,186,186,186,186,186,2023-05-11,TATAMOTORS,512.0,514.15,505.5,511.6,0.42,-1.27,-0.078,1.27,0.42,0.42,11,5,2023,0.65,3.9,-0.5720000000000001,39.64599999999998,1.469879331230438
187,187,187,187,187,187,187,187,2023-05-12,TATAMOTORS,513.9,520.5,510.3,515.95,1.284,-0.701,0.399,1.284,0.701,0.701,12,5,2023,0.65,3.9,-1.3,38.34599999999998,1.4507708999244422
188,188,188,188,188,188,188,188,2023-05-15,TATAMOTORS,523.85,537.15,521.5,530.85,2.539,-0.449,1.336,2.539,0.449,0.449,15,5,2023,0.65,3.9,0.686,39.03199999999998,1.460723188297924
189,189,189,189,189,189,189,189,2023-05-16,TATAMOTORS,533.95,535.95,518.85,521.15,0.375,-2.828,-2.397,2.828,0.375,0.375,16,5,2023,0.65,3.9,1.747,40.77899999999998,1.4862420223974888
190,190,190,190,190,190,190,190,2023-05-17,TATAMOTORS,522.5,523.95,512.5,515.5,0.278,-1.914,-1.34,1.914,0.278,0.278,17,5,2023,0.65,3.9,0.6900000000000001,41.46899999999998,1.4964970923520313
191,191,191,191,191,191,191,191,2023-05-18,TATAMOTORS,518.8,520.9,507.1,508.45,0.405,-2.255,-1.995,2.255,0.405,0.405,18,5,2023,0.65,3.9,1.3450000000000002,42.81399999999998,1.516624978244166
192,192,192,192,192,192,192,192,2023-05-19,TATAMOTORS,509.8,526.4,504.75,524.95,3.256,-0.991,2.972,3.256,0.991,0.991,19,5,2023,0.65,3.9,-1.3,41.51399999999998,1.4969088535269919
193,193,193,193,193,193,193,193,2023-05-22,TATAMOTORS,524.95,527.0,519.35,522.5,0.391,-1.067,-0.467,1.067,0.391,0.391,22,5,2023,0.65,3.9,-0.183,41.33099999999998,1.4941695103250374
194,194,194,194,194,194,194,194,2023-05-23,TATAMOTORS,522.5,531.0,521.15,528.5,1.627,-0.258,1.148,1.627,0.258,0.258,23,5,2023,0.65,3.9,0.4979999999999999,41.82899999999998,1.501610474486456
195,195,195,195,195,195,195,195,2023-05-24,TATAMOTORS,527.15,529.65,519.15,520.2,0.474,-1.518,-1.318,1.518,0.474,0.474,24,5,2023,0.65,3.9,0.668,42.49699999999998,1.5116412324560256
196,196,196,196,196,196,196,196,2023-05-25,TATAMOTORS,518.0,518.0,509.1,514.85,0.0,-1.718,-0.608,1.718,0.0,0.0,25,5,2023,0.65,3.9,-0.042,42.45499999999998,1.511006343138394
197,197,197,197,197,197,197,197,2023-05-26,TATAMOTORS,514.9,519.75,512.2,518.45,0.942,-0.524,0.689,0.942,0.524,0.524,26,5,2023,0.65,3.9,0.0389999999999999,42.49399999999998,1.5115956356122178
198,198,198,198,198,198,198,198,2023-05-29,TATAMOTORS,525.0,525.1,519.7,521.45,0.019,-1.01,-0.676,1.01,0.019,0.019,29,5,2023,0.65,3.9,0.026,42.51999999999998,1.5119886504774769
199,199,199,199,199,199,199,199,2023-05-30,TATAMOTORS,521.45,523.5,518.0,518.8,0.393,-0.662,-0.508,0.662,0.393,0.393,30,5,2023,0.65,3.9,-0.142,42.37799999999998,1.5098416265937988
200,200,200,200,200,200,200,200,2023-05-31,TATAMOTORS,519.95,527.5,516.4,526.3,1.452,-0.683,1.221,1.452,0.683,0.683,31,5,2023,0.65,3.9,-1.3,41.07799999999998,1.4902136854480794
201,201,201,201,201,201,201,201,2023-06-01,TATAMOTORS,527.5,536.25,522.85,535.2,1.659,-0.882,1.46,1.659,0.882,0.882,1,6,2023,0.65,3.9,-1.3,39.777999999999984,1.4708409075372544
202,202,202,202,202,202,202,202,2023-06-02,TATAMOTORS,537.0,541.25,532.75,535.9,0.791,-0.791,-0.205,0.791,0.791,0.791,2,6,2023,0.65,3.9,-1.3,38.47799999999999,1.45171997573927
203,203,203,203,203,203,203,203,2023-06-05,TATAMOTORS,539.0,548.8,537.9,546.25,1.818,-0.204,1.345,1.818,0.204,0.204,5,6,2023,0.65,3.9,0.695,39.17299999999999,1.461809429570658
204,204,204,204,204,204,204,204,2023-06-06,TATAMOTORS,549.45,557.0,545.35,555.75,1.374,-0.746,1.147,1.374,0.746,0.746,6,6,2023,0.65,3.9,-1.3,37.87299999999999,1.4428059069862396
205,205,205,205,205,205,205,205,2023-06-07,TATAMOTORS,558.8,575.0,552.15,567.95,2.899,-1.19,1.637,2.899,1.19,1.19,7,6,2023,0.65,3.9,-1.3,36.57299999999999,1.4240494301954185
206,206,206,206,206,206,206,206,2023-06-08,TATAMOTORS,570.0,576.55,557.0,559.7,1.149,-2.281,-1.807,2.281,1.149,1.149,8,6,2023,0.65,3.9,-1.3,35.272999999999996,1.4055367876028781
207,207,207,207,207,207,207,207,2023-06-09,TATAMOTORS,564.4,566.45,559.3,562.3,0.363,-0.904,-0.372,0.904,0.363,0.363,9,6,2023,0.65,3.9,-0.278,34.995,1.401629395333342
208,208,208,208,208,208,208,208,2023-06-12,TATAMOTORS,567.0,568.9,560.65,564.15,0.335,-1.12,-0.503,1.12,0.335,0.335,12,6,2023,0.65,3.9,-0.147,34.848,1.399569000122202
209,209,209,209,209,209,209,209,2023-06-13,TATAMOTORS,567.7,571.05,560.75,562.2,0.59,-1.224,-0.969,1.224,0.59,0.59,13,6,2023,0.65,3.9,0.3189999999999999,35.167,1.404033625232592
210,210,210,210,210,210,210,210,2023-06-14,TATAMOTORS,566.0,571.2,564.0,570.3,0.919,-0.353,0.76,0.919,0.353,0.353,14,6,2023,0.65,3.9,0.1099999999999999,35.277,1.405578062220348
211,211,211,211,211,211,211,211,2023-06-15,TATAMOTORS,571.8,575.0,567.75,568.45,0.56,-0.708,-0.586,0.708,0.56,0.56,15,6,2023,0.65,3.9,-0.064,35.213,1.404678492260527
212,212,212,212,212,212,212,212,2023-06-16,TATAMOTORS,569.65,572.2,566.05,569.8,0.448,-0.632,0.026,0.632,0.448,0.448,16,6,2023,0.65,3.9,-0.624,34.589,1.3959132984688214
213,213,213,213,213,213,213,213,2023-06-19,TATAMOTORS,570.65,573.2,564.2,566.05,0.447,-1.13,-0.806,1.13,0.447,0.447,19,6,2023,0.65,3.9,0.156,34.745,1.3980909232144327
214,214,214,214,214,214,214,214,2023-06-20,TATAMOTORS,566.05,583.95,562.5,583.25,3.162,-0.627,3.039,3.162,0.627,0.627,20,6,2023,0.65,3.9,2.389,37.134,1.4314913153700255
215,215,215,215,215,215,215,215,2023-06-21,TATAMOTORS,584.95,585.9,574.5,581.4,0.162,-1.786,-0.607,1.786,0.162,0.162,21,6,2023,0.65,3.9,-0.043,37.091,1.4308757741044162
216,216,216,216,216,216,216,216,2023-06-22,TATAMOTORS,584.0,584.7,568.2,569.35,0.12,-2.705,-2.509,2.705,0.12,0.12,22,6,2023,0.65,3.9,1.859,38.95,1.4574757547450174
217,217,217,217,217,217,217,217,2023-06-23,TATAMOTORS,570.0,571.15,557.7,559.65,0.202,-2.158,-1.816,2.158,0.202,0.202,23,6,2023,0.65,3.9,1.166,40.116,1.4744699220453443
218,218,218,218,218,218,218,218,2023-06-26,TATAMOTORS,560.0,569.0,557.8,567.85,1.607,-0.393,1.402,1.607,0.393,0.393,26,6,2023,0.65,3.9,0.7519999999999999,40.868,1.4855579358591253
219,219,219,219,219,219,219,219,2023-06-27,TATAMOTORS,570.0,576.9,568.45,573.1,1.211,-0.272,0.544,1.211,0.272,0.272,27,6,2023,0.65,3.9,-0.1059999999999999,40.762,1.4839832444471148
220,220,220,220,220,220,220,220,2023-06-28,TATAMOTORS,579.0,590.0,575.5,586.65,1.9,-0.604,1.321,1.9,0.604,0.604,28,6,2023,0.65,3.9,0.6709999999999999,41.433,1.493940772017355
221,221,221,221,221,221,221,221,2023-06-30,TATAMOTORS,588.35,599.0,588.0,595.55,1.81,-0.059,1.224,1.81,0.059,0.059,30,6,2023,0.65,3.9,0.574,42.007,1.5025159920487348
222,222,222,222,222,222,222,222,2023-07-03,TATAMOTORS,600.0,602.3,590.0,590.8,0.383,-1.667,-1.533,1.667,0.383,0.383,3,7,2023,0.65,3.9,0.8829999999999999,42.89,1.515783208258525
223,223,223,223,223,223,223,223,2023-07-04,TATAMOTORS,594.4,596.4,589.5,591.45,0.336,-0.824,-0.496,0.824,0.336,0.336,4,7,2023,0.65,3.9,-0.154,42.736,1.5134489021178068
224,224,224,224,224,224,224,224,2023-07-05,TATAMOTORS,592.0,593.0,584.95,588.25,0.169,-1.191,-0.633,1.191,0.169,0.169,5,7,2023,0.65,3.9,-0.017,42.718999999999994,1.5131916158044467
225,225,225,225,225,225,225,225,2023-07-06,TATAMOTORS,590.8,604.95,588.55,600.8,2.395,-0.381,1.693,2.395,0.381,0.381,6,7,2023,0.65,3.9,1.043,43.76199999999999,1.528974204357287
226,226,226,226,226,226,226,226,2023-07-07,TATAMOTORS,600.0,624.8,592.2,618.2,4.133,-1.3,3.033,4.133,1.3,1.3,7,7,2023,0.65,3.9,-1.3,42.461999999999996,1.509097539700642
227,227,227,227,227,227,227,227,2023-07-10,TATAMOTORS,624.0,634.8,617.55,618.65,1.731,-1.034,-0.857,1.731,1.034,1.034,10,7,2023,0.65,3.9,-1.3,41.162,1.4894792716845338
228,228,228,228,228,228,228,228,2023-07-11,TATAMOTORS,624.95,630.45,622.15,628.5,0.88,-0.448,0.568,0.88,0.448,0.448,11,7,2023,0.65,3.9,-0.082,41.08,1.4882578986817523
229,229,229,229,229,229,229,229,2023-07-12,TATAMOTORS,629.95,630.8,619.35,621.45,0.135,-1.683,-1.349,1.683,0.135,0.135,12,7,2023,0.65,3.9,0.699,41.778999999999996,1.4986608213935377
230,230,230,230,230,230,230,230,2023-07-13,TATAMOTORS,625.0,626.5,615.5,620.65,0.24,-1.52,-0.696,1.52,0.24,0.24,13,7,2023,0.65,3.9,0.0459999999999999,41.824999999999996,1.4993502053713785
231,231,231,231,231,231,231,231,2023-07-14,TATAMOTORS,623.0,626.0,619.5,624.9,0.482,-0.562,0.305,0.562,0.482,0.482,14,7,2023,0.65,3.9,-0.345,41.48,1.4941774471628473
232,232,232,232,232,232,232,232,2023-07-17,TATAMOTORS,626.9,627.0,617.15,618.5,0.016,-1.555,-1.34,1.555,0.016,0.016,17,7,2023,0.65,3.9,0.6900000000000001,42.169999999999995,1.5044872715482709
233,233,233,233,233,233,233,233,2023-07-18,TATAMOTORS,620.4,620.85,607.0,612.1,0.073,-2.16,-1.338,2.16,0.073,0.073,18,7,2023,0.65,3.9,0.6880000000000001,42.858,1.514838143976523
234,234,234,234,234,234,234,234,2023-07-19,TATAMOTORS,614.0,625.3,610.15,620.6,1.84,-0.627,1.075,1.84,0.627,0.627,19,7,2023,0.65,3.9,0.4249999999999999,43.282999999999994,1.5212762060884235
235,235,235,235,235,235,235,235,2023-07-20,TATAMOTORS,622.65,623.6,616.2,621.65,0.153,-1.036,-0.161,1.036,0.153,0.153,20,7,2023,0.65,3.9,-0.489,42.794,1.5138371654406513
236,236,236,236,236,236,236,236,2023-07-21,TATAMOTORS,621.0,631.0,617.7,625.75,1.61,-0.531,0.765,1.61,0.531,0.531,21,7,2023,0.65,3.9,0.1149999999999999,42.909,1.515578078180908
237,237,237,237,237,237,237,237,2023-07-24,TATAMOTORS,627.95,634.45,626.25,629.25,1.035,-0.271,0.207,1.035,0.271,0.271,24,7,2023,0.65,3.9,-0.443,42.466,1.5088640672945666
238,238,238,238,238,238,238,238,2023-07-25,TATAMOTORS,636.0,642.5,633.35,639.45,1.022,-0.417,0.542,1.022,0.417,0.417,25,7,2023,0.65,3.9,-0.1079999999999999,42.358000000000004,1.5072344941018885
239,239,239,239,239,239,239,239,2023-07-26,TATAMOTORS,640.0,665.4,639.0,641.1,3.969,-0.156,0.172,3.969,0.156,0.156,26,7,2023,0.65,3.9,3.2500000000000004,45.608000000000004,1.5562196151602
240,240,240,240,240,240,240,240,2023-07-27,TATAMOTORS,647.0,648.45,636.75,643.7,0.224,-1.584,-0.51,1.584,0.224,0.224,27,7,2023,0.65,3.9,-0.14,45.468,1.5540409076989756
241,241,241,241,241,241,241,241,2023-07-28,TATAMOTORS,646.0,646.0,631.8,635.3,0.0,-2.198,-1.656,2.198,0.0,0.0,28,7,2023,0.65,3.9,1.0059999999999998,46.474000000000004,1.5696745592304273
242,242,242,242,242,242,242,242,2023-07-31,TATAMOTORS,640.2,645.55,635.9,644.3,0.836,-0.672,0.64,0.836,0.672,0.672,31,7,2023,0.65,3.9,-1.3,45.17400000000001,1.5492687899604318
243,243,243,243,243,243,243,243,2023-08-01,TATAMOTORS,645.0,652.9,642.0,643.65,1.225,-0.465,-0.209,1.225,0.465,0.465,1,8,2023,0.65,3.9,-0.441,44.733000000000004,1.5424365145967063
244,244,244,244,244,244,244,244,2023-08-02,TATAMOTORS,644.0,644.3,616.45,622.65,0.047,-4.278,-3.315,4.278,0.047,0.047,2,8,2023,0.65,3.9,3.2500000000000004,47.983000000000004,1.5925657013210992
245,245,245,245,245,245,245,245,2023-08-03,TATAMOTORS,623.0,626.45,614.15,618.95,0.554,-1.421,-0.65,1.421,0.554,0.554,3,8,2023,0.65,3.9,0.0,47.983000000000004,1.5925657013210992
246,246,246,246,246,246,246,246,2023-08-04,TATAMOTORS,624.85,625.0,613.3,615.0,0.024,-1.848,-1.576,1.848,0.024,0.024,4,8,2023,0.65,3.9,0.926,48.909000000000006,1.6073128597153326
247,247,247,247,247,247,247,247,2023-08-07,TATAMOTORS,619.0,619.0,608.5,609.5,0.0,-1.696,-1.535,1.696,0.0,0.0,7,8,2023,0.65,3.9,0.8849999999999999,49.794000000000004,1.6215375785238133
248,248,248,248,248,248,248,248,2023-08-08,TATAMOTORS,612.55,614.75,605.25,607.3,0.359,-1.192,-0.857,1.192,0.359,0.359,8,8,2023,0.65,3.9,0.2069999999999999,50.001000000000005,1.6248941613113577
249,249,249,249,249,249,249,249,2023-08-09,TATAMOTORS,610.6,624.0,605.35,622.55,2.195,-0.86,1.957,2.195,0.86,0.86,9,8,2023,0.65,3.9,-1.3,48.70100000000001,1.60377053721431
250,250,250,250,250,250,250,250,2023-08-10,TATAMOTORS,623.0,628.3,598.0,618.25,0.851,-4.013,-0.762,4.013,0.851,0.851,10,8,2023,0.65,3.9,-1.3,47.40100000000001,1.582921520230524
251,251,251,251,251,251,251,251,2023-08-11,TATAMOTORS,619.75,624.75,610.0,611.8,0.807,-1.573,-1.283,1.573,0.807,0.807,11,8,2023,0.65,3.9,-1.3,46.10100000000001,1.5623435404675272
252,252,252,252,252,252,252,252,2023-08-14,TATAMOTORS,612.0,612.0,594.5,607.35,0.0,-2.859,-0.76,2.859,0.0,0.0,14,8,2023,0.65,3.9,0.1099999999999999,46.21100000000001,1.5640621183620416
253,253,253,253,253,253,253,253,2023-08-16,TATAMOTORS,606.7,621.35,597.3,618.75,2.415,-1.549,1.986,2.415,1.549,1.549,16,8,2023,0.65,3.9,-1.3,44.911000000000016,1.543729310823335
254,254,254,254,254,254,254,254,2023-08-17,TATAMOTORS,620.0,622.0,611.0,613.75,0.323,-1.452,-1.008,1.452,0.323,0.323,17,8,2023,0.65,3.9,0.358,45.26900000000001,1.5492558617560823
255,255,255,255,255,255,255,255,2023-08-18,TATAMOTORS,612.8,620.1,610.9,615.8,1.191,-0.31,0.49,1.191,0.31,0.31,18,8,2023,0.65,3.9,-0.16,45.109000000000016,1.5467770523772726
256,256,256,256,256,256,256,256,2023-08-21,TATAMOTORS,617.0,623.3,614.8,620.5,1.021,-0.357,0.567,1.021,0.357,0.357,21,8,2023,0.65,3.9,-0.083,45.02600000000002,1.5454932274237994
257,257,257,257,257,257,257,257,2023-08-22,TATAMOTORS,621.8,626.5,618.6,620.2,0.756,-0.515,-0.257,0.756,0.515,0.515,22,8,2023,0.65,3.9,-0.393,44.63300000000002,1.5394194390400238
258,258,258,258,258,258,258,258,2023-08-23,TATAMOTORS,622.75,622.75,613.15,613.9,0.0,-1.542,-1.421,1.542,0.0,0.0,23,8,2023,0.65,3.9,0.771,45.40400000000002,1.5512883629150225
259,259,259,259,259,259,259,259,2023-08-24,TATAMOTORS,618.0,619.0,609.65,610.95,0.162,-1.351,-1.141,1.351,0.162,0.162,24,8,2023,0.65,3.9,0.491,45.89500000000002,1.5589051887769352
260,260,260,260,260,260,260,260,2023-08-25,TATAMOTORS,610.85,616.7,593.3,605.1,0.958,-2.873,-0.941,2.873,0.958,0.958,25,8,2023,0.65,3.9,-1.3,44.59500000000002,1.538639421322835
261,261,261,261,261,261,261,261,2023-08-28,TATAMOTORS,605.4,608.5,601.55,602.4,0.512,-0.636,-0.496,0.636,0.512,0.512,28,8,2023,0.65,3.9,-0.154,44.44100000000002,1.5362699166139977
262,262,262,262,262,262,262,262,2023-08-29,TATAMOTORS,603.6,610.5,603.6,607.15,1.143,0.0,0.588,1.143,0.0,0.0,29,8,2023,0.65,3.9,-0.062,44.37900000000002,1.535317429265697
263,263,263,263,263,263,263,263,2023-08-30,TATAMOTORS,611.2,612.9,605.0,605.55,0.278,-1.014,-0.924,1.014,0.278,0.278,30,8,2023,0.65,3.9,0.274,44.65300000000002,1.539524199021885
264,264,264,264,264,264,264,264,2023-08-31,TATAMOTORS,608.8,609.65,599.05,601.0,0.14,-1.602,-1.281,1.602,0.14,0.14,31,8,2023,0.65,3.9,0.6309999999999999,45.28400000000002,1.5492385967177131
265,265,265,265,265,265,265,265,2023-09-01,TATAMOTORS,604.2,614.9,601.9,611.2,1.771,-0.381,1.159,1.771,0.381,0.381,1,9,2023,0.65,3.9,0.509,45.79300000000002,1.5571242211750063
266,266,266,266,266,266,266,266,2023-09-04,TATAMOTORS,615.6,615.6,606.0,609.0,0.0,-1.559,-1.072,1.559,0.0,0.0,4,9,2023,0.65,3.9,0.422,46.21500000000002,1.5636952853883646
267,267,267,267,267,267,267,267,2023-09-05,TATAMOTORS,610.0,618.9,608.05,611.15,1.459,-0.32,0.189,1.459,0.32,0.32,5,9,2023,0.65,3.9,-0.461,45.75400000000002,1.5564866501227241
268,268,268,268,268,268,268,268,2023-09-06,TATAMOTORS,611.15,612.55,605.6,610.25,0.229,-0.908,-0.147,0.908,0.229,0.229,6,9,2023,0.65,3.9,-0.503,45.25100000000002,1.548657522272607
269,269,269,269,269,269,269,269,2023-09-07,TATAMOTORS,610.9,616.5,609.05,614.9,0.917,-0.303,0.655,0.917,0.303,0.303,7,9,2023,0.65,3.9,0.005,45.25600000000002,1.5487349551487206
270,270,270,270,270,270,270,270,2023-09-08,TATAMOTORS,617.95,628.9,614.2,627.25,1.772,-0.607,1.505,1.772,0.607,0.607,8,9,2023,0.65,3.9,0.8549999999999999,46.11100000000002,1.5619766390152423
271,271,271,271,271,271,271,271,2023-09-11,TATAMOTORS,634.65,635.4,630.5,634.85,0.118,-0.654,0.032,0.654,0.118,0.118,11,9,2023,0.65,3.9,-0.618,45.493000000000016,1.5523236233861282
272,272,272,272,272,272,272,272,2023-09-12,TATAMOTORS,638.0,639.0,615.25,620.8,0.157,-3.566,-2.696,3.566,0.157,0.157,12,9,2023,0.65,3.9,2.0460000000000003,47.539000000000016,1.5840841647206083
273,273,273,273,273,273,273,273,2023-09-13,TATAMOTORS,621.0,628.5,619.55,625.9,1.208,-0.233,0.789,1.208,0.233,0.233,13,9,2023,0.65,3.9,0.139,47.67800000000002,1.5862860417095699
274,274,274,274,274,274,274,274,2023-09-14,TATAMOTORS,628.1,630.8,623.3,624.6,0.43,-0.764,-0.557,0.764,0.43,0.43,14,9,2023,0.65,3.9,-0.0929999999999999,47.58500000000002,1.58481079569078
275,275,275,275,275,275,275,275,2023-09-15,TATAMOTORS,628.7,636.5,627.15,634.25,1.241,-0.247,0.883,1.241,0.247,0.247,15,9,2023,0.65,3.9,0.2329999999999999,47.81800000000002,1.5885034048447395
276,276,276,276,276,276,276,276,2023-09-18,TATAMOTORS,635.9,644.2,633.15,640.65,1.305,-0.432,0.747,1.305,0.432,0.432,18,9,2023,0.65,3.9,0.0969999999999999,47.91500000000002,1.5900442531474388
277,277,277,277,277,277,277,277,2023-09-20,TATAMOTORS,640.7,647.0,637.0,638.5,0.983,-0.577,-0.343,0.983,0.577,0.577,20,9,2023,0.65,3.9,-0.307,47.60800000000002,1.585162817290276
278,278,278,278,278,278,278,278,2023-09-21,TATAMOTORS,638.5,641.7,624.0,627.05,0.501,-2.271,-1.793,2.271,0.501,0.501,21,9,2023,0.65,3.9,1.1429999999999998,48.75100000000002,1.603281228291904
279,279,279,279,279,279,279,279,2023-09-22,TATAMOTORS,628.0,630.8,619.0,620.45,0.446,-1.433,-1.202,1.433,0.446,0.446,22,9,2023,0.65,3.9,0.5519999999999999,49.30300000000002,1.6121313406720752
280,280,280,280,280,280,280,280,2023-09-25,TATAMOTORS,623.85,625.2,617.9,618.7,0.216,-0.954,-0.826,0.954,0.216,0.216,25,9,2023,0.65,3.9,0.1759999999999999,49.47900000000002,1.614968691831658
281,281,281,281,281,281,281,281,2023-09-26,TATAMOTORS,618.7,625.7,617.95,619.8,1.131,-0.121,0.178,1.131,0.121,0.121,26,9,2023,0.65,3.9,-0.472,49.00700000000002,1.6073460396062125
282,282,282,282,282,282,282,282,2023-09-27,TATAMOTORS,619.95,621.9,616.75,620.15,0.315,-0.516,0.032,0.516,0.315,0.315,27,9,2023,0.65,3.9,-0.618,48.38900000000002,1.5974126410814462
283,283,283,283,283,283,283,283,2023-09-28,TATAMOTORS,622.9,623.8,612.25,614.1,0.144,-1.71,-1.413,1.71,0.144,0.144,28,9,2023,0.65,3.9,0.763,49.152000000000015,1.6096008995328976
284,284,284,284,284,284,284,284,2023-09-29,TATAMOTORS,618.7,633.0,617.0,630.2,2.311,-0.275,1.859,2.311,0.275,0.275,29,9,2023,0.65,3.9,1.209,50.36100000000002,1.6290609744082503
285,285,285,285,285,285,285,285,2023-10-03,TATAMOTORS,632.6,632.65,618.6,620.45,0.008,-2.213,-1.921,2.213,0.008,0.008,3,10,2023,0.65,3.9,1.271,51.63200000000002,1.6497663393929791
286,286,286,286,286,286,286,286,2023-10-04,TATAMOTORS,620.8,620.8,608.3,613.6,0.0,-2.014,-1.16,2.014,0.0,0.0,4,10,2023,0.65,3.9,0.5099999999999999,52.14200000000002,1.6581801477238836
287,287,287,287,287,287,287,287,2023-10-05,TATAMOTORS,619.0,621.35,614.65,619.6,0.38,-0.703,0.097,0.703,0.38,0.38,5,10,2023,0.65,3.9,-0.553,51.58900000000002,1.6490104115069704
288,288,288,288,288,288,288,288,2023-10-06,TATAMOTORS,627.0,627.35,620.0,622.45,0.056,-1.116,-0.726,1.116,0.056,0.056,6,10,2023,0.65,3.9,0.0759999999999999,51.66500000000002,1.6502636594197158
289,289,289,289,289,289,289,289,2023-10-09,TATAMOTORS,620.8,622.0,613.7,617.35,0.193,-1.144,-0.556,1.144,0.193,0.193,9,10,2023,0.65,3.9,-0.0939999999999999,51.57100000000002,1.648712411579861
290,290,290,290,290,290,290,290,2023-10-10,TATAMOTORS,620.0,632.5,617.6,630.55,2.016,-0.387,1.702,2.016,0.387,0.387,10,10,2023,0.65,3.9,1.052,52.62300000000002,1.6660568661496813
291,291,291,291,291,291,291,291,2023-10-11,TATAMOTORS,633.0,637.8,632.6,634.0,0.758,-0.063,0.158,0.758,0.063,0.063,11,10,2023,0.65,3.9,-0.492,52.13100000000002,1.657859866368225
292,292,292,292,292,292,292,292,2023-10-12,TATAMOTORS,637.0,640.2,635.05,636.95,0.502,-0.306,-0.008,0.502,0.306,0.306,12,10,2023,0.65,3.9,-0.642,51.48900000000002,1.647216406026141
293,293,293,293,293,293,293,293,2023-10-13,TATAMOTORS,633.95,669.0,633.0,667.1,5.529,-0.15,5.229,5.529,0.15,0.15,13,10,2023,0.65,3.9,3.2500000000000004,54.73900000000002,1.7007509392219904
294,294,294,294,294,294,294,294,2023-10-16,TATAMOTORS,668.55,677.8,661.25,666.2,1.384,-1.092,-0.352,1.384,1.092,1.092,16,10,2023,0.65,3.9,-1.3,53.43900000000002,1.6786411770121046
295,295,295,295,295,295,295,295,2023-10-17,TATAMOTORS,670.0,670.9,654.65,655.7,0.134,-2.291,-2.134,2.291,0.134,0.134,17,10,2023,0.65,3.9,1.484,54.92300000000002,1.7035522120789641
296,296,296,296,296,296,296,296,2023-10-18,TATAMOTORS,658.6,672.25,653.8,668.5,2.073,-0.729,1.503,2.073,0.729,0.729,18,10,2023,0.65,3.9,-1.3,53.623000000000026,1.6814060333219376
297,297,297,297,297,297,297,297,2023-10-19,TATAMOTORS,662.95,672.3,658.6,668.8,1.41,-0.656,0.882,1.41,0.656,0.656,19,10,2023,0.65,3.9,-1.3,52.32300000000003,1.6595477548887525
298,298,298,298,298,298,298,298,2023-10-20,TATAMOTORS,666.65,676.4,660.5,663.2,1.463,-0.923,-0.518,1.463,0.923,0.923,20,10,2023,0.65,3.9,-1.3,51.02300000000003,1.6379736340751987
299,299,299,299,299,299,299,299,2023-10-23,TATAMOTORS,663.65,667.25,645.0,647.35,0.542,-2.81,-2.456,2.81,0.542,0.542,23,10,2023,0.65,3.9,1.806,52.82900000000003,1.6675554379065967
300,300,300,300,300,300,300,300,2023-10-25,TATAMOTORS,650.0,651.9,636.05,637.85,0.292,-2.146,-1.869,2.146,0.292,0.292,25,10,2023,0.65,3.9,1.219,54.04800000000003,1.6878829386946779
301,301,301,301,301,301,301,301,2023-10-26,TATAMOTORS,635.0,635.65,624.15,626.55,0.102,-1.709,-1.331,1.709,0.102,0.102,26,10,2023,0.65,3.9,0.6809999999999999,54.72900000000003,1.6993774215071886
302,302,302,302,302,302,302,302,2023-10-27,TATAMOTORS,630.0,643.95,628.45,641.05,2.214,-0.246,1.754,2.214,0.246,0.246,27,10,2023,0.65,3.9,1.104,55.83300000000003,1.718138548240628
303,303,303,303,303,303,303,303,2023-10-30,TATAMOTORS,643.8,643.8,621.85,628.5,0.0,-3.409,-2.377,3.409,0.0,0.0,30,10,2023,0.65,3.9,1.727,57.560000000000024,1.7478108009687434
304,304,304,304,304,304,304,304,2023-10-31,TATAMOTORS,642.0,642.0,627.3,628.65,0.0,-2.29,-2.079,2.29,0.0,0.0,31,10,2023,0.65,3.9,1.4290000000000005,58.989000000000026,1.7727870173145865
305,305,305,305,305,305,305,305,2023-11-01,TATAMOTORS,630.0,633.8,626.3,627.7,0.603,-0.587,-0.365,0.603,0.587,0.587,1,11,2023,0.65,3.9,-0.285,58.70400000000003,1.76773457431524
306,306,306,306,306,306,306,306,2023-11-02,TATAMOTORS,632.0,638.2,630.1,636.45,0.981,-0.301,0.704,0.981,0.301,0.301,2,11,2023,0.65,3.9,0.0539999999999999,58.75800000000003,1.7686891509853702
307,307,307,307,307,307,307,307,2023-11-03,TATAMOTORS,662.0,666.0,646.2,647.5,0.604,-2.387,-2.19,2.387,0.604,0.604,3,11,2023,0.65,3.9,1.54,60.29800000000003,1.795926963910545
308,308,308,308,308,308,308,308,2023-11-06,TATAMOTORS,652.85,652.85,643.2,646.05,0.0,-1.478,-1.042,1.478,0.0,0.0,6,11,2023,0.65,3.9,0.392,60.69000000000003,1.8029669976090743
309,309,309,309,309,309,309,309,2023-11-07,TATAMOTORS,645.0,649.9,643.3,645.0,0.76,-0.264,0.0,0.76,0.264,0.264,7,11,2023,0.65,3.9,-0.65,60.040000000000035,1.7912477121246153
310,310,310,310,310,310,310,310,2023-11-08,TATAMOTORS,648.0,649.05,641.9,642.55,0.162,-0.941,-0.841,0.941,0.162,0.162,8,11,2023,0.65,3.9,0.1909999999999999,60.23100000000004,1.7946689952547734
311,311,311,311,311,311,311,311,2023-11-09,TATAMOTORS,644.0,653.65,642.7,649.35,1.498,-0.202,0.831,1.498,0.202,0.202,9,11,2023,0.65,3.9,0.1809999999999999,60.412000000000035,1.7979173461361848
312,312,312,312,312,312,312,312,2023-11-10,TATAMOTORS,649.35,652.95,644.0,651.05,0.554,-0.824,0.262,0.824,0.554,0.554,10,11,2023,0.65,3.9,-0.388,60.024000000000036,1.7909414268331765
313,313,313,313,313,313,313,313,2023-11-12,TATAMOTORS,657.95,657.95,652.4,653.55,0.0,-0.844,-0.669,0.844,0.0,0.0,12,11,2023,0.65,3.9,0.019,60.043000000000035,1.7912817057042747
314,314,314,314,314,314,314,314,2023-11-13,TATAMOTORS,653.0,654.0,649.3,653.25,0.153,-0.567,0.038,0.567,0.153,0.153,13,11,2023,0.65,3.9,-0.612,59.43100000000003,1.7803190616653646
315,315,315,315,315,315,315,315,2023-11-15,TATAMOTORS,660.0,673.5,656.55,671.55,2.045,-0.523,1.75,2.045,0.523,0.523,15,11,2023,0.65,3.9,1.1,60.531000000000034,1.7999025713436834
316,316,316,316,316,316,316,316,2023-11-16,TATAMOTORS,674.0,685.5,670.9,680.4,1.706,-0.46,0.95,1.706,0.46,0.46,16,11,2023,0.65,3.9,0.2999999999999999,60.83100000000003,1.8053022790577142
317,317,317,317,317,317,317,317,2023-11-17,TATAMOTORS,682.5,687.65,679.6,681.55,0.755,-0.425,-0.139,0.755,0.425,0.425,17,11,2023,0.65,3.9,-0.511,60.32000000000003,1.7960771844117294
318,318,318,318,318,318,318,318,2023-11-20,TATAMOTORS,682.0,686.75,670.7,674.3,0.696,-1.657,-1.129,1.657,0.696,0.696,20,11,2023,0.65,3.9,-1.3,59.02000000000003,1.772728181014377
319,319,319,319,319,319,319,319,2023-11-21,TATAMOTORS,677.0,683.3,675.0,681.7,0.931,-0.295,0.694,0.931,0.295,0.295,21,11,2023,0.65,3.9,0.0439999999999999,59.06400000000003,1.7735081814140232
320,320,320,320,320,320,320,320,2023-11-22,TATAMOTORS,683.95,687.35,676.05,681.2,0.497,-1.155,-0.402,1.155,0.497,0.497,22,11,2023,0.65,3.9,-0.248,58.81600000000003,1.7691098811241164
321,321,321,321,321,321,321,321,2023-11-23,TATAMOTORS,683.2,685.9,677.05,679.95,0.395,-0.9,-0.476,0.9,0.395,0.395,23,11,2023,0.65,3.9,-0.174,58.64200000000003,1.7660316299309604
322,322,322,322,322,322,322,322,2023-11-24,TATAMOTORS,681.4,681.95,671.25,673.7,0.081,-1.49,-1.13,1.49,0.081,0.081,24,11,2023,0.65,3.9,0.4799999999999998,59.12200000000003,1.7745085817546289
323,323,323,323,323,323,323,323,2023-11-28,TATAMOTORS,677.45,699.45,674.25,697.5,3.247,-0.472,2.96,3.247,0.472,0.472,28,11,2023,0.65,3.9,2.31,61.43200000000003,1.8154997299931606
324,324,324,324,324,324,324,324,2023-11-29,TATAMOTORS,702.75,714.4,694.35,712.35,1.658,-1.195,1.366,1.658,1.195,1.195,29,11,2023,0.65,3.9,-1.3,60.13200000000003,1.7918982335032494
325,325,325,325,325,325,325,325,2023-11-30,TATAMOTORS,716.3,717.25,697.0,706.4,0.133,-2.694,-1.382,2.694,0.133,0.133,30,11,2023,0.65,3.9,0.7319999999999999,60.86400000000003,1.8050149285724932
326,326,326,326,326,326,326,326,2023-12-01,TATAMOTORS,708.0,711.0,703.0,705.45,0.424,-0.706,-0.36,0.706,0.424,0.424,1,12,2023,0.65,3.9,-0.29,60.574000000000034,1.799780385279633
327,327,327,327,327,327,327,327,2023-12-04,TATAMOTORS,716.0,717.0,704.8,705.6,0.14,-1.564,-1.453,1.564,0.14,0.14,4,12,2023,0.65,3.9,0.803,61.37700000000003,1.8142326217734284
328,328,328,328,328,328,328,328,2023-12-05,TATAMOTORS,705.9,714.9,705.0,708.95,1.275,-0.127,0.432,1.275,0.127,0.127,5,12,2023,0.65,3.9,-0.218,61.15900000000003,1.8102775946579623
329,329,329,329,329,329,329,329,2023-12-06,TATAMOTORS,709.05,724.8,709.0,722.45,2.221,-0.007,1.89,2.221,0.007,0.007,6,12,2023,0.65,3.9,1.2399999999999998,62.39900000000003,1.832725036831721
330,330,330,330,330,330,330,330,2023-12-07,TATAMOTORS,725.0,727.5,716.0,721.95,0.345,-1.241,-0.421,1.241,0.345,0.345,7,12,2023,0.65,3.9,-0.229,62.17000000000003,1.8285280964973762
331,331,331,331,331,331,331,331,2023-12-08,TATAMOTORS,722.05,727.6,707.5,714.55,0.769,-2.015,-1.039,2.015,0.769,0.769,8,12,2023,0.65,3.9,-1.3,60.87000000000003,1.8047572312429103
332,332,332,332,332,332,332,332,2023-12-11,TATAMOTORS,717.8,726.5,716.55,720.8,1.212,-0.174,0.418,1.212,0.174,0.174,11,12,2023,0.65,3.9,-0.232,60.638000000000034,1.8005701944664267
333,333,333,333,333,333,333,333,2023-12-12,TATAMOTORS,724.8,724.8,713.0,715.4,0.0,-1.628,-1.297,1.628,0.0,0.0,12,12,2023,0.65,3.9,0.6469999999999999,61.28500000000003,1.8122198836246244
334,334,334,334,334,334,334,334,2023-12-13,TATAMOTORS,716.0,721.45,713.5,720.3,0.761,-0.349,0.601,0.761,0.349,0.349,13,12,2023,0.65,3.9,-0.049,61.23600000000003,1.8113318958816482
335,335,335,335,335,335,335,335,2023-12-14,TATAMOTORS,724.0,724.7,718.6,719.75,0.097,-0.746,-0.587,0.746,0.097,0.097,14,12,2023,0.65,3.9,-0.063,61.17300000000003,1.8101907567872428
336,336,336,336,336,336,336,336,2023-12-15,TATAMOTORS,723.9,734.0,721.25,732.4,1.395,-0.366,1.174,1.395,0.366,0.366,15,12,2023,0.65,3.9,0.5239999999999999,61.69700000000003,1.8196761563528079
337,337,337,337,337,337,337,337,2023-12-18,TATAMOTORS,732.9,734.75,728.1,730.8,0.252,-0.655,-0.287,0.655,0.252,0.252,18,12,2023,0.65,3.9,-0.363,61.33400000000003,1.8130707319052473
338,338,338,338,338,338,338,338,2023-12-19,TATAMOTORS,732.6,732.6,726.0,728.95,0.0,-0.901,-0.498,0.901,0.0,0.0,19,12,2023,0.65,3.9,-0.152,61.18200000000003,1.8103148643927514
339,339,339,339,339,339,339,339,2023-12-20,TATAMOTORS,730.95,733.0,703.05,705.25,0.28,-3.817,-3.516,3.817,0.28,0.28,20,12,2023,0.65,3.9,2.866,64.04800000000003,1.8621984884062475
340,340,340,340,340,340,340,340,2023-12-21,TATAMOTORS,703.0,711.9,696.25,708.85,1.266,-0.96,0.832,1.266,0.96,0.96,21,12,2023,0.65,3.9,-1.3,62.74800000000003,1.8379899080569662
341,341,341,341,341,341,341,341,2023-12-22,TATAMOTORS,716.8,731.0,712.0,724.7,1.981,-0.67,1.102,1.981,0.67,0.67,22,12,2023,0.65,3.9,-1.3,61.448000000000036,1.8140960392522256
342,342,342,342,342,342,342,342,2023-12-26,TATAMOTORS,727.4,727.5,716.6,719.55,0.014,-1.485,-1.079,1.485,0.014,0.014,26,12,2023,0.65,3.9,0.4289999999999999,61.87700000000004,1.8218785112606175
343,343,343,343,343,343,343,343,2023-12-27,TATAMOTORS,728.0,741.85,725.15,740.9,1.902,-0.391,1.772,1.902,0.391,0.391,27,12,2023,0.65,3.9,1.122,62.99900000000004,1.8423199881569616
344,344,344,344,344,344,344,344,2023-12-28,TATAMOTORS,742.65,757.95,739.05,753.9,2.06,-0.485,1.515,2.06,0.485,0.485,28,12,2023,0.65,3.9,0.8649999999999999,63.86400000000004,1.8582560560545194
345,345,345,345,345,345,345,345,2023-12-29,TATAMOTORS,755.0,802.9,754.0,779.95,6.344,-0.132,3.305,6.344,0.132,0.132,29,12,2023,0.65,3.9,3.2500000000000004,67.11400000000005,1.9186493778762912
346,346,346,346,346,346,346,346,2024-01-01,TATAMOTORS,785.0,798.7,781.05,790.6,1.745,-0.503,0.713,1.745,0.503,0.503,1,1,2024,0.65,3.9,0.0629999999999999,67.17700000000005,1.919858126984353
347,347,347,347,347,347,347,347,2024-01-02,TATAMOTORS,800.5,804.0,779.0,784.4,0.437,-2.686,-2.011,2.686,0.437,0.437,2,1,2024,0.65,3.9,1.3610000000000002,68.53800000000005,1.94598739609261
348,348,348,348,348,348,348,348,2024-01-03,TATAMOTORS,786.05,790.0,776.25,781.45,0.503,-1.247,-0.585,1.247,0.503,0.503,3,1,2024,0.65,3.9,-0.065,68.47300000000006,1.9447225042851497
349,349,349,349,349,349,349,349,2024-01-04,TATAMOTORS,798.0,801.8,791.3,795.75,0.476,-0.84,-0.282,0.84,0.476,0.476,4,1,2024,0.65,3.9,-0.368,68.10500000000006,1.9375659254693802
350,350,350,350,350,350,350,350,2024-01-05,TATAMOTORS,799.0,805.9,787.1,790.95,0.864,-1.489,-1.008,1.489,0.864,0.864,5,1,2024,0.65,3.9,-1.3,66.80500000000006,1.9123775684382782
351,351,351,351,351,351,351,351,2024-01-08,TATAMOTORS,798.4,800.35,787.5,789.1,0.244,-1.365,-1.165,1.365,0.244,0.244,8,1,2024,0.65,3.9,0.515,67.32000000000006,1.9222263129157353
352,352,352,352,352,352,352,352,2024-01-09,TATAMOTORS,799.95,809.2,793.15,799.8,1.156,-0.85,-0.019,1.156,0.85,0.85,9,1,2024,0.65,3.9,-1.3,66.02000000000007,1.8972373708478307
353,353,353,353,353,353,353,353,2024-01-10,TATAMOTORS,800.0,811.0,792.65,808.45,1.375,-0.919,1.056,1.375,0.919,0.919,10,1,2024,0.65,3.9,-1.3,64.72000000000007,1.8725732850268089
354,354,354,354,354,354,354,354,2024-01-11,TATAMOTORS,813.5,817.5,808.45,815.65,0.492,-0.621,0.264,0.621,0.492,0.492,11,1,2024,0.65,3.9,-0.386,64.33400000000007,1.8653451521466053
355,355,355,355,355,355,355,355,2024-01-12,TATAMOTORS,818.15,818.55,809.15,816.45,0.049,-1.1,-0.208,1.1,0.049,0.049,12,1,2024,0.65,3.9,-0.442,63.892000000000074,1.8571003265741173
356,356,356,356,356,356,356,356,2024-01-15,TATAMOTORS,820.0,820.4,810.3,812.45,0.049,-1.183,-0.921,1.183,0.049,0.049,15,1,2024,0.65,3.9,0.271,64.16300000000007,1.862133068459133
357,357,357,357,357,357,357,357,2024-01-16,TATAMOTORS,812.45,827.0,812.45,818.85,1.791,0.0,0.788,1.791,0.0,0.0,16,1,2024,0.65,3.9,0.138,64.30100000000007,1.8647028120936064
358,358,358,358,358,358,358,358,2024-01-17,TATAMOTORS,811.0,813.7,804.0,805.55,0.333,-0.863,-0.672,0.863,0.333,0.333,17,1,2024,0.65,3.9,0.022,64.32300000000008,1.8651130467122672
359,359,359,359,359,359,359,359,2024-01-18,TATAMOTORS,807.0,822.95,797.0,819.05,1.976,-1.239,1.493,1.976,1.239,1.239,18,1,2024,0.65,3.9,-1.3,63.02300000000008,1.8408665771050077
360,360,360,360,360,360,360,360,2024-01-19,TATAMOTORS,823.85,826.0,819.5,823.55,0.261,-0.528,-0.036,0.528,0.261,0.261,19,1,2024,0.65,3.9,-0.614,62.409000000000084,1.829563656321583
361,361,361,361,361,361,361,361,2024-01-20,TATAMOTORS,826.0,827.0,817.05,818.9,0.121,-1.084,-0.86,1.084,0.121,0.121,20,1,2024,0.65,3.9,0.2099999999999999,62.619000000000085,1.8334057399998582
362,362,362,362,362,362,362,362,2024-01-23,TATAMOTORS,824.9,827.6,796.3,800.45,0.327,-3.467,-2.964,3.467,0.327,0.327,23,1,2024,0.65,3.9,2.314,64.93300000000008,1.875830748823455
363,363,363,363,363,363,363,363,2024-01-24,TATAMOTORS,802.4,812.0,788.5,810.9,1.196,-1.732,1.059,1.732,1.196,1.196,24,1,2024,0.65,3.9,-1.3,63.63300000000008,1.85144494908875
364,364,364,364,364,364,364,364,2024-01-25,TATAMOTORS,814.0,814.15,800.3,811.85,0.018,-1.683,-0.264,1.683,0.018,0.018,25,1,2024,0.65,3.9,-0.386,63.24700000000008,1.8442983715852674
365,365,365,365,365,365,365,365,2024-01-29,TATAMOTORS,811.85,843.8,811.05,841.0,3.935,-0.099,3.591,3.935,0.099,0.099,29,1,2024,0.65,3.9,3.2500000000000004,66.49700000000009,1.9042380686617886
366,366,366,366,366,366,366,366,2024-01-30,TATAMOTORS,843.0,885.95,842.85,858.85,5.095,-0.018,1.88,5.095,0.018,0.018,30,1,2024,0.65,3.9,3.2500000000000004,69.74700000000009,1.9661258058932967
367,367,367,367,367,367,367,367,2024-01-31,TATAMOTORS,865.2,896.5,865.2,884.2,3.618,0.0,2.196,3.618,0.0,0.0,31,1,2024,0.65,3.9,1.5460000000000005,71.29300000000009,1.9965221108524072
368,368,368,368,368,368,368,368,2024-02-01,TATAMOTORS,900.0,900.15,876.3,878.5,0.017,-2.633,-2.389,2.633,0.017,0.017,1,2,2024,0.65,3.9,1.739,73.0320000000001,2.0312416303601304
369,369,369,369,369,369,369,369,2024-02-02,TATAMOTORS,886.0,895.75,876.85,878.75,1.1,-1.033,-0.818,1.1,1.033,1.033,2,2,2024,0.65,3.9,-1.3,71.7320000000001,2.0048354891654485
370,370,370,370,370,370,370,370,2024-02-05,TATAMOTORS,934.0,950.0,915.35,926.8,1.713,-1.997,-0.771,1.997,1.713,1.713,5,2,2024,0.65,3.9,-1.3,70.4320000000001,1.9787726278062976
371,371,371,371,371,371,371,371,2024-02-06,TATAMOTORS,936.4,941.3,928.4,939.55,0.523,-0.854,0.336,0.854,0.523,0.523,6,2,2024,0.65,3.9,-0.314,70.11800000000011,1.9725592817549857
372,372,372,372,372,372,372,372,2024-02-07,TATAMOTORS,944.0,944.0,928.05,933.8,0.0,-1.69,-1.081,1.69,0.0,0.0,7,2,2024,0.65,3.9,0.4309999999999999,70.5490000000001,1.9810610122593497
373,373,373,373,373,373,373,373,2024-02-08,TATAMOTORS,937.0,939.7,918.8,924.3,0.288,-1.942,-1.355,1.942,0.288,0.288,8,2,2024,0.65,3.9,0.705,71.2540000000001,1.995027492395778
374,374,374,374,374,374,374,374,2024-02-09,TATAMOTORS,926.0,927.4,906.05,915.0,0.151,-2.154,-1.188,2.154,0.151,0.151,9,2,2024,0.65,3.9,0.5379999999999999,71.7920000000001,2.005760740304867
375,375,375,375,375,375,375,375,2024-02-12,TATAMOTORS,916.1,925.0,908.0,911.6,0.972,-0.884,-0.491,0.972,0.884,0.884,12,2,2024,0.65,3.9,-1.3,70.4920000000001,1.9796858506809039
376,376,376,376,376,376,376,376,2024-02-13,TATAMOTORS,911.6,919.1,894.0,906.9,0.823,-1.931,-0.516,1.931,0.823,0.823,13,2,2024,0.65,3.9,-1.3,69.1920000000001,1.9539499346220521
377,377,377,377,377,377,377,377,2024-02-14,TATAMOTORS,900.0,919.95,894.35,918.3,2.217,-0.628,2.033,2.217,0.628,0.628,14,2,2024,0.65,3.9,1.383,70.5750000000001,1.9809730622178752
378,378,378,378,378,378,378,378,2024-02-15,TATAMOTORS,923.7,927.0,916.35,920.55,0.357,-0.796,-0.341,0.796,0.357,0.357,15,2,2024,0.65,3.9,-0.309,70.2660000000001,1.9748518554556218
379,379,379,379,379,379,379,379,2024-02-16,TATAMOTORS,925.0,948.8,924.1,938.6,2.573,-0.097,1.47,2.573,0.097,0.097,16,2,2024,0.65,3.9,0.82,71.0860000000001,1.9910456406703578
380,380,380,380,380,380,380,380,2024-02-19,TATAMOTORS,942.95,942.95,931.05,932.6,0.0,-1.262,-1.098,1.262,0.0,0.0,19,2,2024,0.65,3.9,0.448,71.53400000000009,1.999965525140561
381,381,381,381,381,381,381,381,2024-02-20,TATAMOTORS,934.45,934.65,920.4,926.35,0.021,-1.504,-0.867,1.504,0.021,0.021,20,2,2024,0.65,3.9,0.2169999999999999,71.75100000000009,2.004305450330116
382,382,382,382,382,382,382,382,2024-02-21,TATAMOTORS,926.35,937.2,916.5,921.05,1.171,-1.063,-0.572,1.171,1.063,1.063,21,2,2024,0.65,3.9,-1.3,70.45100000000009,1.9782494794758243
383,383,383,383,383,383,383,383,2024-02-22,TATAMOTORS,924.65,933.85,914.6,932.3,0.995,-1.087,0.827,1.087,0.995,0.995,22,2,2024,0.65,3.9,-1.3,69.1510000000001,1.9525322362426385
384,384,384,384,384,384,384,384,2024-02-23,TATAMOTORS,933.1,939.8,929.4,937.4,0.718,-0.397,0.461,0.718,0.397,0.397,23,2,2024,0.65,3.9,-0.189,68.9620000000001,1.94884195031614
385,385,385,385,385,385,385,385,2024-02-26,TATAMOTORS,937.1,945.0,930.7,936.95,0.843,-0.683,-0.016,0.843,0.683,0.683,26,2,2024,0.65,3.9,-1.3,67.6620000000001,1.9235070049620302
386,386,386,386,386,386,386,386,2024-02-27,TATAMOTORS,936.75,965.0,935.5,962.7,3.016,-0.133,2.77,3.016,0.133,0.133,27,2,2024,0.65,3.9,2.12,69.78200000000011,1.9642853534672255
387,387,387,387,387,387,387,387,2024-02-28,TATAMOTORS,966.15,976.0,950.3,958.05,1.02,-1.641,-0.838,1.641,1.02,1.02,28,2,2024,0.65,3.9,-1.3,68.48200000000011,1.9387496438721517
388,388,388,388,388,388,388,388,2024-02-29,TATAMOTORS,959.0,959.25,942.9,950.2,0.026,-1.679,-0.918,1.679,0.026,0.026,29,2,2024,0.65,3.9,0.268,68.75000000000011,1.9439454929177291
389,389,389,389,389,389,389,389,2024-03-01,TATAMOTORS,958.95,980.4,956.7,977.4,2.237,-0.235,1.924,2.237,0.235,0.235,1,3,2024,0.65,3.9,1.274,70.02400000000011,1.968711358497501
390,390,390,390,390,390,390,390,2024-03-02,TATAMOTORS,987.0,992.6,981.55,988.35,0.567,-0.552,0.137,0.567,0.552,0.552,2,3,2024,0.65,3.9,-0.513,69.51100000000011,1.9586118692284087
391,391,391,391,391,391,391,391,2024-03-04,TATAMOTORS,993.25,995.0,980.1,987.2,0.176,-1.324,-0.609,1.324,0.176,0.176,4,3,2024,0.65,3.9,-0.041,69.47000000000011,1.957808838362025
392,392,392,392,392,392,392,392,2024-03-05,TATAMOTORS,1027.0,1065.6,1005.35,1021.9,3.759,-2.108,-0.497,3.759,2.108,2.108,5,3,2024,0.65,3.9,-1.3,68.17000000000012,1.9323573234633185
393,393,393,393,393,393,393,393,2024-03-06,TATAMOTORS,1025.0,1030.65,1009.0,1017.65,0.551,-1.561,-0.717,1.561,0.551,0.551,6,3,2024,0.65,3.9,0.0669999999999999,68.23700000000011,1.9336520028700388
394,394,394,394,394,394,394,394,2024-03-07,TATAMOTORS,1017.65,1017.65,1017.65,1017.65,0.0,0.0,0.0,0.0,0.0,0.0,7,3,2024,0.65,3.9,-0.65,67.5870000000001,1.9210832648513836
395,395,395,395,395,395,395,395,2024-03-07,TATAMOTORS,1025.0,1047.0,1014.05,1039.3,2.146,-1.068,1.395,2.146,1.068,1.068,7,3,2024,0.65,3.9,-1.3,66.2870000000001,1.8961091824083156
396,396,396,396,396,396,396,396,2024-03-11,TATAMOTORS,1034.75,1035.95,1021.0,1028.0,0.116,-1.329,-0.652,1.329,0.116,0.116,11,3,2024,0.65,3.9,0.002,66.2890000000001,1.8961471045919636
397,397,397,397,397,397,397,397,2024-03-12,TATAMOTORS,1027.8,1037.0,1011.3,1016.5,0.895,-1.605,-1.099,1.605,0.895,0.895,12,3,2024,0.65,3.9,-1.3,64.9890000000001,1.871497192232268
398,398,398,398,398,398,398,398,2024-03-13,TATAMOTORS,1019.0,1021.0,963.55,973.2,0.196,-5.442,-4.495,5.442,0.196,0.196,13,3,2024,0.65,3.9,3.2500000000000004,68.2390000000001,1.9323208509798167
399,399,399,399,399,399,399,399,2024-03-14,TATAMOTORS,964.95,982.0,955.4,967.75,1.767,-0.99,0.29,1.767,0.99,0.99,14,3,2024,0.65,3.9,-1.3,66.9390000000001,1.907200679917079
400,400,400,400,400,400,400,400,2024-03-15,TATAMOTORS,968.4,979.75,940.0,945.85,1.172,-2.933,-2.329,2.933,1.172,1.172,15,3,2024,0.65,3.9,-1.3,65.63900000000011,1.882407071078157
401,401,401,401,401,401,401,401,2024-03-18,TATAMOTORS,945.85,974.8,936.65,972.45,3.061,-0.973,2.812,3.061,0.973,0.973,18,3,2024,0.65,3.9,-1.3,64.33900000000011,1.857935779154141
402,402,402,402,402,402,402,402,2024-03-19,TATAMOTORS,968.55,970.6,951.6,957.75,0.212,-1.75,-1.115,1.75,0.212,0.212,19,3,2024,0.65,3.9,0.4649999999999999,64.80400000000012,1.866575180527208
403,403,403,403,403,403,403,403,2024-03-20,TATAMOTORS,960.9,965.15,921.2,940.45,0.442,-4.132,-2.128,4.132,0.442,0.442,20,3,2024,0.65,3.9,3.2500000000000004,68.05400000000012,1.9272388738943422
404,404,404,404,404,404,404,404,2024-03-21,TATAMOTORS,951.0,969.25,946.0,964.9,1.919,-0.526,1.462,1.919,0.526,0.526,21,3,2024,0.65,3.9,0.8119999999999999,68.86600000000011,1.942888053550364
405,405,405,405,405,405,405,405,2024-03-22,TATAMOTORS,964.9,986.2,950.35,979.8,2.207,-1.508,1.544,2.207,1.508,1.508,22,3,2024,0.65,3.9,-1.3,67.56600000000012,1.9176305088542094
406,406,406,406,406,406,406,406,2024-03-26,TATAMOTORS,977.0,995.0,976.0,986.2,1.842,-0.102,0.942,1.842,0.102,0.102,26,3,2024,0.65,3.9,0.2919999999999999,67.85800000000012,1.9232299899400638
407,407,407,407,407,407,407,407,2024-03-27,TATAMOTORS,991.6,995.0,976.7,978.65,0.343,-1.503,-1.306,1.503,0.343,0.343,27,3,2024,0.65,3.9,0.656,68.51400000000012,1.9358463786740705
408,408,408,408,408,408,408,408,2024-03-28,TATAMOTORS,982.5,999.9,979.0,992.8,1.771,-0.356,1.048,1.771,0.356,0.356,28,3,2024,0.65,3.9,0.398,68.91200000000012,1.9435510472611934
409,409,409,409,409,409,409,409,2024-04-01,TATAMOTORS,1000.0,1009.85,987.45,992.25,0.985,-1.255,-0.775,1.255,0.985,0.985,1,4,2024,0.65,3.9,-1.3,67.61200000000012,1.9182848836467978
410,410,410,410,410,410,410,410,2024-04-02,TATAMOTORS,999.0,1008.0,993.4,1004.65,0.901,-0.561,0.566,0.901,0.561,0.561,2,4,2024,0.65,3.9,-0.084,67.52800000000012,1.9166735243445345
411,411,411,411,411,411,411,411,2024-04-03,TATAMOTORS,1004.0,1014.45,992.55,1009.15,1.041,-1.14,0.513,1.14,1.041,1.041,3,4,2024,0.65,3.9,-1.3,66.22800000000012,1.8917567685280556
412,412,412,412,412,412,412,412,2024-04-04,TATAMOTORS,1016.0,1017.0,998.15,1011.6,0.098,-1.757,-0.433,1.757,0.098,0.098,4,4,2024,0.65,3.9,-0.217,66.01100000000012,1.8876516563403498
413,413,413,413,413,413,413,413,2024-04-05,TATAMOTORS,1011.6,1012.5,1004.4,1007.1,0.089,-0.712,-0.445,0.712,0.089,0.089,5,4,2024,0.65,3.9,-0.205,65.80600000000013,1.8837819704448522
414,414,414,414,414,414,414,414,2024-04-08,TATAMOTORS,1010.05,1016.4,1004.0,1013.2,0.629,-0.599,0.312,0.629,0.599,0.599,8,4,2024,0.65,3.9,-0.338,65.46800000000013,1.8774147873847484
415,415,415,415,415,415,415,415,2024-04-09,TATAMOTORS,1021.0,1029.5,1005.0,1008.5,0.833,-1.567,-1.224,1.567,0.833,0.833,9,4,2024,0.65,3.9,-1.3,64.16800000000013,1.8530083951487466
416,416,416,416,416,416,416,416,2024-04-10,TATAMOTORS,1012.25,1021.0,1010.0,1013.5,0.864,-0.222,0.123,0.864,0.222,0.222,10,4,2024,0.65,3.9,-0.527,63.64100000000013,1.8432430409063127
417,417,417,417,417,417,417,417,2024-04-12,TATAMOTORS,1014.0,1029.0,1013.5,1018.5,1.479,-0.049,0.444,1.479,0.049,0.049,12,4,2024,0.65,3.9,-0.206,63.43500000000013,1.8394459602420459
418,418,418,418,418,418,418,418,2024-04-15,TATAMOTORS,998.1,1006.95,978.5,998.8,0.887,-1.964,0.07,1.964,0.887,0.887,15,4,2024,0.65,3.9,-1.3,62.13500000000013,1.8155331627588993
419,419,419,419,419,419,419,419,2024-04-16,TATAMOTORS,990.0,1004.9,982.1,992.8,1.505,-0.798,0.283,1.505,0.798,0.798,16,4,2024,0.65,3.9,-1.3,60.835000000000136,1.7919312316430336
420,420,420,420,420,420,420,420,2024-04-18,TATAMOTORS,996.35,1003.1,966.25,971.35,0.677,-3.021,-2.509,3.021,0.677,0.677,18,4,2024,0.65,3.9,-1.3,59.53500000000014,1.768636125631674
421,421,421,421,421,421,421,421,2024-04-19,TATAMOTORS,964.0,967.95,944.0,963.2,0.41,-2.075,-0.083,2.075,0.41,0.41,19,4,2024,0.65,3.9,-0.5670000000000001,58.96800000000014,1.7586079587993426
422,422,422,422,422,422,422,422,2024-04-22,TATAMOTORS,978.75,978.75,966.0,973.55,0.0,-1.303,-0.531,1.303,0.0,0.0,22,4,2024,0.65,3.9,-0.119,58.84900000000014,1.7565152153283714
423,423,423,423,423,423,423,423,2024-04-23,TATAMOTORS,976.0,994.5,974.05,986.75,1.895,-0.2,1.101,1.895,0.2,0.2,23,4,2024,0.65,3.9,0.4509999999999999,59.30000000000014,1.7644370989495024
424,424,424,424,424,424,424,424,2024-04-24,TATAMOTORS,992.4,995.9,988.0,991.65,0.353,-0.443,-0.076,0.443,0.353,0.353,24,4,2024,0.65,3.9,-0.5740000000000001,58.72600000000014,1.7543092300015324
425,425,425,425,425,425,425,425,2024-04-25,TATAMOTORS,992.5,1003.3,989.5,1001.25,1.088,-0.302,0.882,1.088,0.302,0.302,25,4,2024,0.65,3.9,0.2319999999999999,58.95800000000014,1.7583792274151362
426,426,426,426,426,426,426,426,2024-04-26,TATAMOTORS,1007.8,1008.95,996.6,999.5,0.114,-1.111,-0.824,1.111,0.114,0.114,26,4,2024,0.65,3.9,0.1739999999999999,59.13200000000014,1.7614388072708387
427,427,427,427,427,427,427,427,2024-04-29,TATAMOTORS,1003.05,1005.75,999.0,1000.6,0.269,-0.404,-0.244,0.404,0.269,0.269,29,4,2024,0.65,3.9,-0.406,58.72600000000014,1.7542873657133191
428,428,428,428,428,428,428,428,2024-04-30,TATAMOTORS,1005.0,1019.45,997.5,1007.9,1.438,-0.746,0.289,1.438,0.746,0.746,30,4,2024,0.65,3.9,-1.3,57.426000000000144,1.7314816299590459
429,429,429,429,429,429,429,429,2024-05-02,TATAMOTORS,1020.0,1030.0,1011.55,1027.8,0.98,-0.828,0.765,0.98,0.828,0.828,2,5,2024,0.65,3.9,-1.3,56.12600000000015,1.7089723687695781
430,430,430,430,430,430,430,430,2024-05-03,TATAMOTORS,1038.0,1040.2,996.0,1013.4,0.212,-4.046,-2.37,4.046,0.212,0.212,3,5,2024,0.65,3.9,3.2500000000000004,59.37600000000015,1.7645139707545894
431,431,431,431,431,431,431,431,2024-05-06,TATAMOTORS,1015.0,1019.8,1005.0,1016.2,0.473,-0.985,0.118,0.985,0.473,0.473,6,5,2024,0.65,3.9,-0.532,58.84400000000015,1.755126756430175
432,432,432,432,432,432,432,432,2024-05-07,TATAMOTORS,1016.2,1017.95,982.05,988.55,0.172,-3.361,-2.721,3.361,0.172,0.172,7,5,2024,0.65,3.9,2.071,60.91500000000015,1.7914754315558439
433,433,433,433,433,433,433,433,2024-05-08,TATAMOTORS,986.95,1015.0,977.0,1012.1,2.842,-1.008,2.548,2.842,1.008,1.008,8,5,2024,0.65,3.9,-1.3,59.61500000000015,1.7681862509456179
434,434,434,434,434,434,434,434,2024-05-09,TATAMOTORS,1011.0,1043.2,1007.3,1030.3,3.185,-0.366,1.909,3.185,0.366,0.366,9,5,2024,0.65,3.9,1.259,60.87400000000015,1.7904477158450234
435,435,435,435,435,435,435,435,2024-05-10,TATAMOTORS,1037.0,1050.35,1030.4,1046.65,1.287,-0.636,0.931,1.287,0.636,0.636,10,5,2024,0.65,3.9,0.281,61.15500000000015,1.795478873926548
436,436,436,436,436,436,436,436,2024-05-13,TATAMOTORS,1005.0,1008.7,947.2,959.75,0.368,-5.751,-4.502,5.751,0.368,0.368,13,5,2024,0.65,3.9,3.2500000000000004,64.40500000000016,1.8538319373291607
437,437,437,437,437,437,437,437,2024-05-14,TATAMOTORS,965.1,968.0,953.25,964.65,0.3,-1.228,-0.047,1.228,0.3,0.3,14,5,2024,0.65,3.9,-0.603,63.802000000000156,1.8426533307470658
438,438,438,438,438,438,438,438,2024-05-15,TATAMOTORS,970.95,972.95,945.1,947.3,0.206,-2.662,-2.436,2.662,0.206,0.206,15,5,2024,0.65,3.9,1.786,65.58800000000015,1.8755631192342084
439,439,439,439,439,439,439,439,2024-05-16,TATAMOTORS,953.2,954.4,919.0,936.4,0.126,-3.588,-1.762,3.588,0.126,0.126,16,5,2024,0.65,3.9,1.112,66.70000000000014,1.896419381120093
440,440,440,440,440,440,440,440,2024-05-17,TATAMOTORS,944.0,953.4,941.0,945.7,0.996,-0.318,0.18,0.996,0.318,0.318,17,5,2024,0.65,3.9,-0.47,66.23000000000015,1.8875062100288285
441,441,441,441,441,441,441,441,2024-05-18,TATAMOTORS,950.0,958.0,947.0,953.95,0.842,-0.316,0.416,0.842,0.316,0.316,18,5,2024,0.65,3.9,-0.234,65.99600000000015,1.883089445497361
442,442,442,442,442,442,442,442,2024-05-21,TATAMOTORS,954.0,956.65,948.7,951.3,0.278,-0.556,-0.283,0.556,0.278,0.278,21,5,2024,0.65,3.9,-0.367,65.62900000000015,1.8761785072323858
443,443,443,443,443,443,443,443,2024-05-22,TATAMOTORS,952.0,954.9,942.55,947.5,0.305,-0.993,-0.473,0.993,0.305,0.305,22,5,2024,0.65,3.9,-0.177,65.45200000000014,1.8728576712745844
444,444,444,444,444,444,444,444,2024-05-23,TATAMOTORS,950.0,963.45,945.05,962.35,1.416,-0.521,1.3,1.416,0.521,0.521,23,5,2024,0.65,3.9,0.65,66.10200000000015,1.885031246137869
445,445,445,445,445,445,445,445,2024-05-24,TATAMOTORS,962.5,970.95,958.0,960.55,0.878,-0.468,-0.203,0.878,0.468,0.468,24,5,2024,0.65,3.9,-0.447,65.65500000000014,1.876605156467633
446,446,446,446,446,446,446,446,2024-05-27,TATAMOTORS,964.9,966.45,952.0,958.5,0.161,-1.337,-0.663,1.337,0.161,0.161,27,5,2024,0.65,3.9,0.013,65.66800000000015,1.8768491151379736
447,447,447,447,447,447,447,447,2024-05-28,TATAMOTORS,959.0,961.9,946.0,947.55,0.302,-1.356,-1.194,1.356,0.302,0.302,28,5,2024,0.65,3.9,0.5439999999999999,66.21200000000015,1.887059174324324
448,448,448,448,448,448,448,448,2024-05-29,TATAMOTORS,946.95,950.5,938.8,943.6,0.375,-0.861,-0.354,0.861,0.375,0.375,29,5,2024,0.65,3.9,-0.296,65.91600000000014,1.881473479168324
449,449,449,449,449,449,449,449,2024-05-30,TATAMOTORS,943.5,951.45,921.0,923.95,0.843,-2.385,-2.072,2.385,0.843,0.843,30,5,2024,0.65,3.9,-1.3,64.61600000000014,1.857014323939136
450,450,450,450,450,450,450,450,2024-05-31,TATAMOTORS,931.65,937.25,920.1,923.0,0.601,-1.24,-0.928,1.24,0.601,0.601,31,5,2024,0.65,3.9,0.278,64.89400000000015,1.8621768237596867
451,451,451,451,451,451,451,451,2024-06-03,TATAMOTORS,963.0,963.0,934.0,950.45,0.0,-3.011,-1.303,3.011,0.0,0.0,3,6,2024,0.65,3.9,0.6529999999999999,65.54700000000015,1.8743368384188372
452,452,452,452,452,452,452,452,2024-06-04,TATAMOTORS,948.0,948.0,855.4,903.9,0.0,-9.768,-4.652,9.768,0.0,0.0,4,6,2024,0.65,3.9,3.2500000000000004,68.79700000000015,1.9352527856674495
453,453,453,453,453,453,453,453,2024-06-05,TATAMOTORS,924.95,933.75,890.0,929.95,0.951,-3.779,0.541,3.779,0.951,0.951,5,6,2024,0.65,3.9,-1.3,67.49700000000016,1.9100944994537727
454,454,454,454,454,454,454,454,2024-06-06,TATAMOTORS,940.0,946.0,931.2,938.25,0.638,-0.936,-0.186,0.936,0.638,0.638,6,6,2024,0.65,3.9,-0.464,67.03300000000016,1.9012316609763074
455,455,455,455,455,455,455,455,2024-06-07,TATAMOTORS,940.0,973.0,935.25,970.5,3.511,-0.505,3.245,3.511,0.505,0.505,7,6,2024,0.65,3.9,2.595,69.62800000000016,1.9505686225786423
456,456,456,456,456,456,456,456,2024-06-10,TATAMOTORS,977.0,984.9,969.1,975.15,0.809,-0.809,-0.189,0.809,0.809,0.809,10,6,2024,0.65,3.9,-1.3,68.32800000000016,1.9252112304851199
457,457,457,457,457,457,457,457,2024-06-11,TATAMOTORS,973.8,992.55,966.65,987.1,1.925,-0.734,1.366,1.925,0.734,0.734,11,6,2024,0.65,3.9,-1.3,67.02800000000016,1.9001834844888132
458,458,458,458,458,458,458,458,2024-06-12,TATAMOTORS,994.5,1010.25,987.0,988.7,1.584,-0.754,-0.583,1.584,0.754,0.754,12,6,2024,0.65,3.9,-1.3,65.72800000000016,1.8754810991904587
459,459,459,459,459,459,459,459,2024-06-13,TATAMOTORS,1002.0,1002.0,980.75,985.85,0.0,-2.121,-1.612,2.121,0.0,0.0,13,6,2024,0.65,3.9,0.962,66.69000000000017,1.893523227364671
460,460,460,460,460,460,460,460,2024-06-14,TATAMOTORS,990.0,997.25,981.4,993.4,0.732,-0.869,0.343,0.869,0.732,0.732,14,6,2024,0.65,3.9,-1.3,65.39000000000017,1.8689074254089302
461,461,461,461,461,461,461,461,2024-06-18,TATAMOTORS,1000.0,1003.55,984.0,985.9,0.355,-1.6,-1.41,1.6,0.355,0.355,18,6,2024,0.65,3.9,0.7599999999999999,66.15000000000018,1.8831111218420382
462,462,462,462,462,462,462,462,2024-06-19,TATAMOTORS,990.0,994.9,975.15,977.35,0.495,-1.5,-1.278,1.5,0.495,0.495,19,6,2024,0.65,3.9,0.628,66.77800000000018,1.8949370596872064
463,463,463,463,463,463,463,463,2024-06-20,TATAMOTORS,980.0,988.4,976.35,978.25,0.857,-0.372,-0.179,0.857,0.372,0.372,20,6,2024,0.65,3.9,-0.471,66.30700000000017,1.8860119061360796
464,464,464,464,464,464,464,464,2024-06-21,TATAMOTORS,979.0,980.9,958.1,961.8,0.194,-2.135,-1.757,2.135,0.194,0.194,21,6,2024,0.65,3.9,1.1069999999999998,67.41400000000017,1.9068900579370058
465,465,465,465,465,465,465,465,2024-06-24,TATAMOTORS,960.9,963.5,950.05,958.05,0.271,-1.129,-0.297,1.129,0.271,0.271,24,6,2024,0.65,3.9,-0.353,67.06100000000018,1.900158736032488
466,466,466,466,466,466,466,466,2024-06-25,TATAMOTORS,960.0,962.85,949.3,955.0,0.297,-1.115,-0.521,1.115,0.297,0.297,25,6,2024,0.65,3.9,-0.129,66.93200000000017,1.897707531263006
467,467,467,467,467,467,467,467,2024-06-26,TATAMOTORS,956.0,962.5,950.1,951.85,0.68,-0.617,-0.434,0.68,0.617,0.617,26,6,2024,0.65,3.9,-0.216,66.71600000000018,1.8936084829954778
468,468,468,468,468,468,468,468,2024-06-27,TATAMOTORS,952.5,974.85,948.05,972.1,2.346,-0.467,2.058,2.346,0.467,0.467,27,6,2024,0.65,3.9,1.408,68.12400000000018,1.9202704904360544
469,469,469,469,469,469,469,469,2024-06-28,TATAMOTORS,975.0,998.5,972.55,989.75,2.41,-0.251,1.513,2.41,0.251,0.251,28,6,2024,0.65,3.9,0.8629999999999999,68.98700000000018,1.9368424247685174
470,470,470,470,470,470,470,470,2024-07-01,TATAMOTORS,989.75,1005.5,985.2,1002.05,1.591,-0.46,1.243,1.591,0.46,0.46,1,7,2024,0.65,3.9,0.5930000000000001,69.58000000000018,1.9483279003473948
471,471,471,471,471,471,471,471,2024-07-02,TATAMOTORS,1004.05,1005.0,979.1,981.3,0.095,-2.485,-2.266,2.485,0.095,0.095,2,7,2024,0.65,3.9,1.616,71.19600000000018,1.9798128792170087
472,472,472,472,472,472,472,472,2024-07-03,TATAMOTORS,984.95,987.35,973.5,975.65,0.244,-1.162,-0.944,1.162,0.244,0.244,3,7,2024,0.65,3.9,0.2939999999999999,71.49000000000018,1.9856335290819065
473,473,473,473,473,473,473,473,2024-07-04,TATAMOTORS,984.0,1004.0,979.6,998.2,2.033,-0.447,1.443,2.033,0.447,0.447,4,7,2024,0.65,3.9,0.793,72.28300000000019,2.001379602967526
474,474,474,474,474,474,474,474,2024-07-05,TATAMOTORS,1005.0,1006.6,989.95,993.65,0.159,-1.498,-1.129,1.498,0.159,0.159,5,7,2024,0.65,3.9,0.479,72.76200000000019,2.0109662112657407
475,475,475,475,475,475,475,475,2024-07-08,TATAMOTORS,1005.0,1016.6,996.2,1002.6,1.154,-0.876,-0.239,1.154,0.876,0.876,8,7,2024,0.65,3.9,-1.3,71.46200000000019,1.984823650519286
476,476,476,476,476,476,476,476,2024-07-09,TATAMOTORS,1000.95,1017.0,998.1,1014.95,1.603,-0.285,1.399,1.603,0.285,0.285,9,7,2024,0.65,3.9,0.749,72.21100000000018,1.9996899796616754
477,477,477,477,477,477,477,477,2024-07-10,TATAMOTORS,1015.0,1019.85,986.05,1005.5,0.478,-2.852,-0.936,2.852,0.478,0.478,10,7,2024,0.65,3.9,0.286,72.49700000000018,2.005409093003508
478,478,478,478,478,478,478,478,2024-07-11,TATAMOTORS,1008.0,1025.5,1007.05,1020.8,1.736,-0.094,1.27,1.736,0.094,0.094,11,7,2024,0.65,3.9,0.62,73.11700000000019,2.0178426293801297
479,479,479,479,479,479,479,479,2024-07-12,TATAMOTORS,1023.85,1025.9,1015.0,1016.75,0.2,-0.864,-0.693,0.864,0.2,0.2,12,7,2024,0.65,3.9,0.0429999999999999,73.1600000000002,2.018710301710763
480,480,480,480,480,480,480,480,2024-07-15,TATAMOTORS,1021.35,1029.8,1017.3,1024.45,0.827,-0.397,0.304,0.827,0.397,0.397,15,7,2024,0.65,3.9,-0.346,72.81400000000019,2.0117255640668437
481,481,481,481,481,481,481,481,2024-07-16,TATAMOTORS,1025.5,1029.6,1019.2,1021.15,0.4,-0.614,-0.424,0.614,0.4,0.4,16,7,2024,0.65,3.9,-0.226,72.58800000000019,2.0071790642920524
482,482,482,482,482,482,482,482,2024-07-18,TATAMOTORS,1022.95,1027.0,1008.0,1024.55,0.396,-1.461,0.156,1.461,0.396,0.396,18,7,2024,0.65,3.9,-0.494,72.0940000000002,1.9972635997144497
483,483,483,483,483,483,483,483,2024-07-19,TATAMOTORS,1024.0,1024.0,986.65,990.0,0.0,-3.647,-3.32,3.647,0.0,0.0,19,7,2024,0.65,3.9,2.67,74.7640000000002,2.0505905378268254
484,484,484,484,484,484,484,484,2024-07-22,TATAMOTORS,990.0,1008.0,976.55,1003.15,1.818,-1.359,1.328,1.818,1.359,1.359,22,7,2024,0.65,3.9,-1.3,73.4640000000002,2.023932860835077
485,485,485,485,485,485,485,485,2024-07-23,TATAMOTORS,1007.9,1008.65,967.2,1001.8,0.074,-4.038,-0.605,4.038,0.074,0.074,23,7,2024,0.65,3.9,3.2500000000000004,76.7140000000002,2.089710678812217
486,486,486,486,486,486,486,486,2024-07-24,TATAMOTORS,997.8,1034.25,995.15,1027.7,3.653,-0.266,2.997,3.653,0.266,0.266,24,7,2024,0.65,3.9,2.347,79.06100000000019,2.13875618844394
487,487,487,487,487,487,487,487,2024-07-25,TATAMOTORS,1029.0,1094.0,1024.35,1090.95,6.317,-0.452,6.02,6.317,0.452,0.452,25,7,2024,0.65,3.9,3.2500000000000004,82.31100000000019,2.208265764568368
488,488,488,488,488,488,488,488,2024-07-26,TATAMOTORS,1111.95,1120.5,1083.6,1118.3,0.769,-2.55,0.571,2.55,0.769,0.769,26,7,2024,0.65,3.9,-1.3,81.0110000000002,2.1795583096289795
489,489,489,489,489,489,489,489,2024-07-29,TATAMOTORS,1124.0,1139.9,1118.6,1124.0,1.415,-0.48,0.0,1.415,0.48,0.48,29,7,2024,0.65,3.9,-0.65,80.36100000000019,2.1653911806163912
490,490,490,490,490,490,490,490,2024-07-30,TATAMOTORS,1125.8,1179.0,1118.6,1161.85,4.726,-0.64,3.202,4.726,0.64,0.64,30,7,2024,0.65,3.9,3.2500000000000004,83.61100000000019,2.235766393986424
491,491,491,491,491,491,491,491,2024-07-31,TATAMOTORS,1164.0,1167.9,1145.3,1156.65,0.335,-1.607,-0.631,1.607,0.335,0.335,31,7,2024,0.65,3.9,-0.019,83.59200000000018,2.2353415983715665
492,492,492,492,492,492,492,492,2024-08-01,TATAMOTORS,1167.0,1176.0,1136.5,1144.4,0.771,-2.614,-1.937,2.614,0.771,0.771,1,8,2024,0.65,3.9,-1.3,82.29200000000019,2.206282157592736
493,493,493,493,493,493,493,493,2024-08-02,TATAMOTORS,1120.0,1120.0,1090.05,1096.65,0.0,-2.674,-2.085,2.674,0.0,0.0,2,8,2024,0.65,3.9,1.435,83.72700000000019,2.237942306554192
494,494,494,494,494,494,494,494,2024-08-05,TATAMOTORS,1059.95,1065.0,1014.05,1016.45,0.476,-4.33,-4.104,4.33,0.476,0.476,5,8,2024,0.65,3.9,3.2500000000000004,86.97700000000019,2.310675431517203
495,495,495,495,495,495,495,495,2024-08-06,TATAMOTORS,1030.0,1060.65,1008.4,1013.75,2.976,-2.097,-1.578,2.976,2.097,2.097,6,8,2024,0.65,3.9,-1.3,85.67700000000019,2.2806366509074794
496,496,496,496,496,496,496,496,2024-08-07,TATAMOTORS,1036.05,1040.2,1015.05,1025.3,0.401,-2.027,-1.038,2.027,0.401,0.401,7,8,2024,0.65,3.9,0.388,86.0650000000002,2.2894855211130007
497,497,497,497,497,497,497,497,2024-08-08,TATAMOTORS,1034.95,1056.4,1027.0,1041.75,2.073,-0.768,0.657,2.073,0.768,0.768,8,8,2024,0.65,3.9,-1.3,84.7650000000002,2.259722209338532
498,498,498,498,498,498,498,498,2024-08-09,TATAMOTORS,1055.0,1082.95,1052.05,1068.1,2.649,-0.28,1.242,2.649,0.28,0.28,9,8,2024,0.65,3.9,0.592,85.3570000000002,2.273099764817816
499,499,499,499,499,499,499,499,2024-08-12,TATAMOTORS,1065.0,1079.9,1055.0,1076.15,1.399,-0.939,1.047,1.399,0.939,0.939,12,8,2024,0.65,3.9,-1.3,84.0570000000002,2.243549467875184
500,500,500,500,500,500,500,500,2024-08-13,TATAMOTORS,1074.85,1075.5,1048.2,1053.45,0.06,-2.479,-1.991,2.479,0.06,0.06,13,8,2024,0.65,3.9,1.3410000000000002,85.3980000000002,2.2736354662393903
501,501,501,501,501,501,501,501,2024-08-14,TATAMOTORS,1057.0,1067.05,1047.0,1062.35,0.951,-0.946,0.506,0.951,0.946,0.946,14,8,2024,0.65,3.9,-1.3,84.0980000000002,2.2440782051782784
