,Unnamed: 0,Date,Symbol,OpenPrice,HighPrice,LowPrice,ClosePrice,High%,Low%,Close%,target_wrt_h&l%,stoploss_wrt_h&l%,profit_decider,Day,Month,Year,stploss,trgt,profit,cumsum,cumprod
0,0,2022-08-16,TATASTEEL,113.7,113.7,111.1,113.0,0.0,-2.287,-0.616,2.287,0.0,0.0,16,8,2022,0.1,15.0,0.516,0.516,1.00516
1,1,2022-08-17,TATASTEEL,113.5,113.5,112.25,112.5,0.0,-1.101,-0.881,1.101,0.0,0.0,17,8,2022,0.1,15.0,0.781,1.2970000000000002,1.0130102996
2,2,2022-08-18,TATASTEEL,112.5,113.0,111.4,112.55,0.444,-0.978,0.044,0.978,0.444,0.444,18,8,2022,0.1,15.0,-0.2,1.0970000000000002,1.0109842790008001
3,3,2022-08-19,TATASTEEL,112.55,112.9,109.55,110.05,0.311,-2.665,-2.221,2.665,0.311,0.311,19,8,2022,0.1,15.0,-0.2,0.8970000000000002,1.0089623104427985
4,4,2022-08-22,TATASTEEL,109.5,109.6,104.7,105.05,0.091,-4.384,-4.064,4.384,0.091,0.091,22,8,2022,0.1,15.0,3.964,4.861000000000001,1.0489575764287509
5,5,2022-08-23,TATASTEEL,104.2,108.25,103.5,107.6,3.887,-0.672,3.263,3.887,0.672,0.672,23,8,2022,0.1,15.0,-0.2,4.6610000000000005,1.0468596612758934
6,6,2022-08-24,TATASTEEL,107.55,108.15,105.75,106.55,0.558,-1.674,-0.93,1.674,0.558,0.558,24,8,2022,0.1,15.0,-0.2,4.461,1.0447659419533415
7,7,2022-08-25,TATASTEEL,107.05,107.9,105.75,106.25,0.794,-1.214,-0.747,1.214,0.794,0.794,25,8,2022,0.1,15.0,-0.2,4.261,1.0426764100694348
8,8,2022-08-26,TATASTEEL,107.25,109.2,107.1,107.35,1.818,-0.14,0.093,1.818,0.14,0.14,26,8,2022,0.1,15.0,-0.2,4.061,1.040591057249296
9,9,2022-08-29,TATASTEEL,104.05,105.65,103.25,104.85,1.538,-0.769,0.769,1.538,0.769,0.769,29,8,2022,0.1,15.0,-0.2,3.8609999999999998,1.0385098751347974
10,10,2022-08-30,TATASTEEL,106.5,108.5,106.05,108.3,1.878,-0.423,1.69,1.878,0.423,0.423,30,8,2022,0.1,15.0,-0.2,3.6609999999999996,1.036432855384528
11,11,2022-09-01,TATASTEEL,107.0,107.75,105.9,106.4,0.701,-1.028,-0.561,1.028,0.701,0.701,1,9,2022,0.1,15.0,-0.2,3.4609999999999994,1.0343599896737588
12,12,2022-09-02,TATASTEEL,107.0,107.0,105.0,105.5,0.0,-1.869,-1.402,1.869,0.0,0.0,2,9,2022,0.1,15.0,1.3019999999999998,4.762999999999999,1.047827356739311
13,13,2022-09-05,TATASTEEL,106.05,107.3,105.8,106.9,1.179,-0.236,0.802,1.179,0.236,0.236,5,9,2022,0.1,15.0,-0.2,4.562999999999999,1.0457317020258323
14,14,2022-09-06,TATASTEEL,107.4,108.8,106.05,108.6,1.304,-1.257,1.117,1.304,1.257,1.257,6,9,2022,0.1,15.0,-0.2,4.362999999999999,1.0436402386217807
15,15,2022-09-07,TATASTEEL,107.55,108.9,107.1,107.6,1.255,-0.418,0.046,1.255,0.418,0.418,7,9,2022,0.1,15.0,-0.2,4.1629999999999985,1.041552958144537
16,16,2022-09-08,TATASTEEL,108.4,108.4,105.35,105.85,0.0,-2.814,-2.352,2.814,0.0,0.0,8,9,2022,0.1,15.0,2.252,6.414999999999998,1.0650087307619522
17,17,2022-09-09,TATASTEEL,107.0,107.35,105.5,105.7,0.327,-1.402,-1.215,1.402,0.327,0.327,9,9,2022,0.1,15.0,-0.2,6.214999999999998,1.0628787133004283
18,18,2022-09-12,TATASTEEL,106.8,107.95,106.5,107.75,1.077,-0.281,0.89,1.077,0.281,0.281,12,9,2022,0.1,15.0,-0.2,6.014999999999998,1.0607529558738273
19,19,2022-09-13,TATASTEEL,108.0,108.7,107.55,107.75,0.648,-0.417,-0.231,0.648,0.417,0.417,13,9,2022,0.1,15.0,-0.2,5.814999999999998,1.0586314499620797
20,20,2022-09-14,TATASTEEL,106.3,110.4,105.8,109.15,3.857,-0.47,2.681,3.857,0.47,0.47,14,9,2022,0.1,15.0,-0.2,5.6149999999999975,1.0565141870621555
21,21,2022-09-15,TATASTEEL,108.65,109.0,106.5,107.0,0.322,-1.979,-1.519,1.979,0.322,0.322,15,9,2022,0.1,15.0,-0.2,5.414999999999997,1.054401158688031
22,22,2022-09-16,TATASTEEL,106.2,107.5,105.0,105.7,1.224,-1.13,-0.471,1.224,1.13,1.13,16,9,2022,0.1,15.0,-0.2,5.214999999999997,1.052292356370655
23,23,2022-09-19,TATASTEEL,106.2,106.2,103.0,103.1,0.0,-3.013,-2.919,3.013,0.0,0.0,19,9,2022,0.1,15.0,2.819,8.033999999999997,1.0819564778967437
24,24,2022-09-20,TATASTEEL,104.2,106.35,104.0,105.8,2.063,-0.192,1.536,2.063,0.192,0.192,20,9,2022,0.1,15.0,-0.2,7.833999999999997,1.07979256494095
25,25,2022-09-21,TATASTEEL,105.8,107.2,104.3,104.45,1.323,-1.418,-1.276,1.418,1.323,1.323,21,9,2022,0.1,15.0,-0.2,7.633999999999997,1.0776329798110682
26,26,2022-09-22,TATASTEEL,104.45,105.3,103.5,103.6,0.814,-0.91,-0.814,0.91,0.814,0.814,22,9,2022,0.1,15.0,-0.2,7.433999999999997,1.075477713851446
27,27,2022-09-23,TATASTEEL,106.2,107.9,103.75,104.3,1.601,-2.307,-1.789,2.307,1.601,1.601,23,9,2022,0.1,15.0,-0.2,7.233999999999996,1.0733267584237431
28,28,2022-09-26,TATASTEEL,104.4,104.45,98.5,99.85,0.048,-5.651,-4.358,5.651,0.048,0.048,26,9,2022,0.1,15.0,4.258,11.491999999999997,1.1190290117974262
29,29,2022-09-27,TATASTEEL,101.35,101.35,96.5,97.65,0.0,-4.785,-3.651,4.785,0.0,0.0,27,9,2022,0.1,15.0,3.551,15.042999999999997,1.1587657320063527
30,30,2022-09-28,TATASTEEL,96.55,97.85,95.0,95.2,1.346,-1.605,-1.398,1.605,1.346,1.346,28,9,2022,0.1,15.0,-0.2,14.842999999999998,1.15644820054234
31,31,2022-09-29,TATASTEEL,97.0,98.25,96.4,96.85,1.289,-0.619,-0.155,1.289,0.619,0.619,29,9,2022,0.1,15.0,-0.2,14.642999999999999,1.1541353041412552
32,32,2022-09-30,TATASTEEL,96.85,100.4,95.7,99.3,3.665,-1.187,2.53,3.665,1.187,1.187,30,9,2022,0.1,15.0,-0.2,14.443,1.1518270335329728
33,33,2022-10-03,TATASTEEL,99.3,99.3,99.3,99.3,0.0,0.0,0.0,0.0,0.0,0.0,3,10,2022,0.1,15.0,-0.1,14.343,1.1506752064994399
34,34,2022-10-03,TATASTEEL,99.6,99.65,98.0,98.35,0.05,-1.606,-1.255,1.606,0.05,0.05,3,10,2022,0.1,15.0,1.1549999999999998,15.498,1.1639655051345084
35,35,2022-10-04,TATASTEEL,100.3,101.5,100.0,101.15,1.196,-0.299,0.847,1.196,0.299,0.299,4,10,2022,0.1,15.0,-0.2,15.298,1.1616375741242393
36,36,2022-10-06,TATASTEEL,102.0,103.8,101.75,103.55,1.765,-0.245,1.52,1.765,0.245,0.245,6,10,2022,0.1,15.0,-0.2,15.098,1.1593142989759908
37,37,2022-10-07,TATASTEEL,103.3,103.5,101.9,103.3,0.194,-1.355,0.0,1.355,0.194,0.194,7,10,2022,0.1,15.0,-0.2,14.898000000000001,1.1569956703780389
38,38,2022-10-10,TATASTEEL,102.0,103.5,101.15,103.2,1.471,-0.833,1.176,1.471,0.833,0.833,10,10,2022,0.1,15.0,-0.2,14.698000000000002,1.1546816790372827
39,39,2022-10-11,TATASTEEL,103.55,103.65,99.8,100.35,0.097,-3.621,-3.09,3.621,0.097,0.097,11,10,2022,0.1,15.0,2.99,17.688000000000002,1.1892066612404975
40,40,2022-10-12,TATASTEEL,100.35,101.2,99.0,100.55,0.847,-1.345,0.199,1.345,0.847,0.847,12,10,2022,0.1,15.0,-0.2,17.488000000000003,1.1868282479180166
41,41,2022-10-13,TATASTEEL,101.1,101.8,98.8,100.1,0.692,-2.275,-0.989,2.275,0.692,0.692,13,10,2022,0.1,15.0,-0.2,17.288000000000004,1.1844545914221805
42,42,2022-10-14,TATASTEEL,101.85,102.8,99.9,100.1,0.933,-1.915,-1.718,1.915,0.933,0.933,14,10,2022,0.1,15.0,-0.2,17.088000000000005,1.1820856822393362
43,43,2022-10-17,TATASTEEL,99.75,100.4,98.1,99.55,0.652,-1.654,-0.201,1.654,0.652,0.652,17,10,2022,0.1,15.0,-0.2,16.888000000000005,1.1797215108748575
44,44,2022-10-18,TATASTEEL,100.3,101.0,99.8,100.65,0.698,-0.499,0.349,0.698,0.499,0.499,18,10,2022,0.1,15.0,-0.2,16.688000000000006,1.1773620678531078
45,45,2022-10-19,TATASTEEL,100.6,101.25,99.7,100.05,0.646,-0.895,-0.547,0.895,0.646,0.646,19,10,2022,0.1,15.0,-0.2,16.488000000000007,1.1750073437174016
46,46,2022-10-20,TATASTEEL,99.5,101.2,98.8,100.9,1.709,-0.704,1.407,1.709,0.704,0.704,20,10,2022,0.1,15.0,-0.2,16.288000000000007,1.1726573290299667
47,47,2022-10-21,TATASTEEL,100.85,101.45,99.35,100.2,0.595,-1.487,-0.645,1.487,0.595,0.595,21,10,2022,0.1,15.0,-0.2,16.088000000000008,1.1703120143719068
48,48,2022-10-24,TATASTEEL,102.0,102.1,101.0,101.2,0.098,-0.98,-0.784,0.98,0.098,0.098,24,10,2022,0.1,15.0,0.684,16.77200000000001,1.1783169485502105
49,49,2022-10-25,TATASTEEL,101.2,101.2,101.2,101.2,0.0,0.0,0.0,0.0,0.0,0.0,25,10,2022,0.1,15.0,-0.1,16.672000000000008,1.1771386316016603
50,50,2022-10-25,TATASTEEL,101.15,102.5,100.7,101.2,1.335,-0.445,0.049,1.335,0.445,0.445,25,10,2022,0.1,15.0,-0.2,16.47200000000001,1.174784354338457
51,51,2022-10-27,TATASTEEL,102.25,104.65,102.05,104.2,2.347,-0.196,1.907,2.347,0.196,0.196,27,10,2022,0.1,15.0,-0.2,16.27200000000001,1.17243478562978
52,52,2022-10-28,TATASTEEL,104.1,104.6,100.8,101.6,0.48,-3.17,-2.402,3.17,0.48,0.48,28,10,2022,0.1,15.0,-0.2,16.07200000000001,1.1700899160585205
53,53,2022-10-31,TATASTEEL,101.9,102.15,100.3,101.55,0.245,-1.57,-0.343,1.57,0.245,0.245,31,10,2022,0.1,15.0,-0.2,15.87200000000001,1.1677497362264035
54,54,2022-11-01,TATASTEEL,98.55,101.45,98.55,101.2,2.943,0.0,2.689,2.943,0.0,0.0,1,11,2022,0.1,15.0,2.589,18.46100000000001,1.197982776897305
55,55,2022-11-02,TATASTEEL,101.0,103.0,100.8,101.25,1.98,-0.198,0.248,1.98,0.198,0.198,2,11,2022,0.1,15.0,-0.2,18.26100000000001,1.1955868113435104
56,56,2022-11-03,TATASTEEL,101.25,101.25,101.25,101.25,0.0,0.0,0.0,0.0,0.0,0.0,3,11,2022,0.1,15.0,-0.1,18.16100000000001,1.1943912245321668
57,57,2022-11-03,TATASTEEL,100.75,102.45,100.0,102.0,1.687,-0.744,1.241,1.687,0.744,0.744,3,11,2022,0.1,15.0,-0.2,17.96100000000001,1.1920024420831026
58,58,2022-11-04,TATASTEEL,102.5,105.0,102.2,104.75,2.439,-0.293,2.195,2.439,0.293,0.293,4,11,2022,0.1,15.0,-0.2,17.76100000000001,1.1896184371989365
59,59,2022-11-07,TATASTEEL,105.9,107.45,104.6,106.7,1.464,-1.228,0.755,1.464,1.228,1.228,7,11,2022,0.1,15.0,-0.2,17.56100000000001,1.1872392003245387
60,60,2022-11-09,TATASTEEL,107.25,107.55,105.55,106.1,0.28,-1.585,-1.072,1.585,0.28,0.28,9,11,2022,0.1,15.0,-0.2,17.36100000000001,1.1848647219238897
61,61,2022-11-10,TATASTEEL,105.2,106.0,104.45,104.7,0.76,-0.713,-0.475,0.76,0.713,0.713,10,11,2022,0.1,15.0,-0.2,17.161000000000012,1.1824949924800419
62,62,2022-11-11,TATASTEEL,106.25,108.2,106.25,107.55,1.835,0.0,1.224,1.835,0.0,0.0,11,11,2022,0.1,15.0,1.124,18.28500000000001,1.1957862361955174
63,63,2022-11-14,TATASTEEL,107.55,107.55,107.55,107.55,0.0,0.0,0.0,0.0,0.0,0.0,14,11,2022,0.1,15.0,-0.1,18.18500000000001,1.1945904499593218
64,64,2022-11-14,TATASTEEL,108.5,110.0,108.25,108.7,1.382,-0.23,0.184,1.382,0.23,0.23,14,11,2022,0.1,15.0,-0.2,17.98500000000001,1.1922012690594033
65,65,2022-11-15,TATASTEEL,109.0,109.35,107.2,108.55,0.321,-1.651,-0.413,1.651,0.321,0.321,15,11,2022,0.1,15.0,-0.2,17.78500000000001,1.1898168665212845
66,66,2022-11-16,TATASTEEL,108.45,108.8,105.2,106.55,0.323,-2.997,-1.752,2.997,0.323,0.323,16,11,2022,0.1,15.0,-0.2,17.58500000000001,1.1874372327882419
67,67,2022-11-17,TATASTEEL,105.9,106.8,104.5,105.85,0.85,-1.322,-0.047,1.322,0.85,0.85,17,11,2022,0.1,15.0,-0.2,17.385000000000012,1.1850623583226654
68,68,2022-11-18,TATASTEEL,105.85,106.3,104.7,105.5,0.425,-1.086,-0.331,1.086,0.425,0.425,18,11,2022,0.1,15.0,-0.2,17.185000000000013,1.18269223360602
69,69,2022-11-21,TATASTEEL,107.7,107.7,103.85,104.25,0.0,-3.575,-3.203,3.575,0.0,0.0,21,11,2022,0.1,15.0,3.103,20.288000000000014,1.2193911736148146
70,70,2022-11-22,TATASTEEL,104.4,105.4,103.55,105.2,0.958,-0.814,0.766,0.958,0.814,0.814,22,11,2022,0.1,15.0,-0.2,20.088000000000015,1.216952391267585
71,71,2022-11-23,TATASTEEL,105.7,106.0,104.95,105.45,0.284,-0.71,-0.237,0.71,0.284,0.284,23,11,2022,0.1,15.0,-0.2,19.888000000000016,1.2145184864850498
72,72,2022-11-24,TATASTEEL,105.85,105.95,104.6,105.5,0.094,-1.181,-0.331,1.181,0.094,0.094,24,11,2022,0.1,15.0,0.231,20.119000000000018,1.2173240241888303
73,73,2022-11-25,TATASTEEL,105.6,106.5,105.1,106.2,0.852,-0.473,0.568,0.852,0.473,0.473,25,11,2022,0.1,15.0,-0.2,19.91900000000002,1.2148893761404527
74,74,2022-11-28,TATASTEEL,106.0,106.4,104.5,104.9,0.377,-1.415,-1.038,1.415,0.377,0.377,28,11,2022,0.1,15.0,-0.2,19.71900000000002,1.2124595973881718
75,75,2022-11-29,TATASTEEL,105.0,107.65,104.95,106.1,2.524,-0.048,1.048,2.524,0.048,0.048,29,11,2022,0.1,15.0,0.948,20.66700000000002,1.2239537143714116
76,76,2022-11-30,TATASTEEL,106.1,107.95,105.9,107.65,1.744,-0.189,1.461,1.744,0.189,0.189,30,11,2022,0.1,15.0,-0.2,20.46700000000002,1.2215058069426687
77,77,2022-12-01,TATASTEEL,108.7,111.3,108.0,110.75,2.392,-0.644,1.886,2.392,0.644,0.644,1,12,2022,0.1,15.0,-0.2,20.26700000000002,1.2190627953287834
78,78,2022-12-02,TATASTEEL,110.8,112.5,110.15,112.0,1.534,-0.587,1.083,1.534,0.587,0.587,2,12,2022,0.1,15.0,-0.2,20.06700000000002,1.2166246697381258
79,79,2022-12-05,TATASTEEL,113.3,116.1,112.65,115.85,2.471,-0.574,2.251,2.471,0.574,0.574,5,12,2022,0.1,15.0,-0.2,19.867000000000022,1.2141914203986495
80,80,2022-12-06,TATASTEEL,115.35,115.35,112.25,112.95,0.0,-2.687,-2.081,2.687,0.0,0.0,6,12,2022,0.1,15.0,1.981,21.848000000000024,1.238244552436747
81,81,2022-12-07,TATASTEEL,113.4,113.5,110.85,111.2,0.088,-2.249,-1.94,2.249,0.088,0.088,7,12,2022,0.1,15.0,1.84,23.688000000000024,1.261028252201583
82,82,2022-12-08,TATASTEEL,111.75,113.0,110.8,111.85,1.119,-0.85,0.089,1.119,0.85,0.85,8,12,2022,0.1,15.0,-0.2,23.488000000000024,1.25850619569718
83,83,2022-12-09,TATASTEEL,112.8,113.75,109.7,110.45,0.842,-2.748,-2.083,2.748,0.842,0.842,9,12,2022,0.1,15.0,-0.2,23.288000000000025,1.2559891833057855
84,84,2022-12-12,TATASTEEL,110.2,112.1,108.7,111.7,1.724,-1.361,1.361,1.724,1.361,1.361,12,12,2022,0.1,15.0,-0.2,23.088000000000026,1.2534772049391738
85,85,2022-12-13,TATASTEEL,112.55,112.85,110.8,111.2,0.267,-1.555,-1.199,1.555,0.267,0.267,13,12,2022,0.1,15.0,-0.2,22.888000000000027,1.2509702505292954
86,86,2022-12-14,TATASTEEL,111.6,113.2,111.1,113.05,1.434,-0.448,1.299,1.434,0.448,0.448,14,12,2022,0.1,15.0,-0.2,22.688000000000027,1.2484683100282368
87,87,2022-12-15,TATASTEEL,112.65,113.45,110.7,110.95,0.71,-1.731,-1.509,1.731,0.71,0.71,15,12,2022,0.1,15.0,-0.2,22.488000000000028,1.2459713734081803
88,88,2022-12-16,TATASTEEL,110.35,112.1,109.45,111.05,1.586,-0.816,0.634,1.586,0.816,0.816,16,12,2022,0.1,15.0,-0.2,22.28800000000003,1.243479430661364
89,89,2022-12-19,TATASTEEL,111.05,112.1,110.8,111.8,0.946,-0.225,0.675,0.946,0.225,0.225,19,12,2022,0.1,15.0,-0.2,22.08800000000003,1.2409924718000411
90,90,2022-12-20,TATASTEEL,111.15,111.5,109.0,110.95,0.315,-1.934,-0.18,1.934,0.315,0.315,20,12,2022,0.1,15.0,-0.2,21.88800000000003,1.238510486856441
91,91,2022-12-21,TATASTEEL,111.8,112.0,108.7,109.4,0.179,-2.773,-2.147,2.773,0.179,0.179,21,12,2022,0.1,15.0,-0.2,21.68800000000003,1.236033465882728
92,92,2022-12-22,TATASTEEL,110.0,110.6,106.35,107.65,0.545,-3.318,-2.136,3.318,0.545,0.545,22,12,2022,0.1,15.0,-0.2,21.48800000000003,1.2335613989509626
93,93,2022-12-23,TATASTEEL,106.0,106.75,101.95,102.25,0.708,-3.821,-3.538,3.821,0.708,0.708,23,12,2022,0.1,15.0,-0.2,21.288000000000032,1.2310942761530608
94,94,2022-12-26,TATASTEEL,102.8,105.55,101.65,105.0,2.675,-1.119,2.14,2.675,1.119,1.119,26,12,2022,0.1,15.0,-0.2,21.088000000000033,1.2286320876007546
95,95,2022-12-27,TATASTEEL,106.65,111.55,105.85,111.15,4.594,-0.75,4.219,4.594,0.75,0.75,27,12,2022,0.1,15.0,-0.2,20.888000000000034,1.2261748234255532
96,96,2022-12-28,TATASTEEL,111.05,112.3,109.7,110.0,1.126,-1.216,-0.946,1.216,1.126,1.126,28,12,2022,0.1,15.0,-0.2,20.688000000000034,1.223722473778702
97,97,2022-12-29,TATASTEEL,109.0,112.0,108.85,111.75,2.752,-0.138,2.523,2.752,0.138,0.138,29,12,2022,0.1,15.0,-0.2,20.488000000000035,1.2212750288311447
98,98,2022-12-30,TATASTEEL,112.9,114.75,112.1,112.65,1.639,-0.709,-0.221,1.639,0.709,0.709,30,12,2022,0.1,15.0,-0.2,20.288000000000036,1.2188324787734823
99,99,2023-01-02,TATASTEEL,114.4,119.7,113.75,119.25,4.633,-0.568,4.24,4.633,0.568,0.568,2,1,2023,0.1,15.0,-0.2,20.088000000000036,1.2163948138159353
100,100,2023-01-03,TATASTEEL,119.8,120.5,117.75,118.45,0.584,-1.711,-1.127,1.711,0.584,0.584,3,1,2023,0.1,15.0,-0.2,19.888000000000037,1.2139620241883033
101,101,2023-01-04,TATASTEEL,118.75,119.05,115.35,115.75,0.253,-2.863,-2.526,2.863,0.253,0.253,4,1,2023,0.1,15.0,-0.2,19.688000000000038,1.2115341001399267
102,102,2023-01-05,TATASTEEL,116.5,117.0,114.5,116.55,0.429,-1.717,0.043,1.717,0.429,0.429,5,1,2023,0.1,15.0,-0.2,19.48800000000004,1.2091110319396468
103,103,2023-01-06,TATASTEEL,117.0,117.85,115.25,115.65,0.726,-1.496,-1.154,1.496,0.726,0.726,6,1,2023,0.1,15.0,-0.2,19.28800000000004,1.2066928098757674
104,104,2023-01-09,TATASTEEL,116.9,118.1,116.55,117.55,1.027,-0.299,0.556,1.027,0.299,0.299,9,1,2023,0.1,15.0,-0.2,19.08800000000004,1.204279424256016
105,105,2023-01-10,TATASTEEL,117.65,119.75,117.55,118.85,1.785,-0.085,1.02,1.785,0.085,0.085,10,1,2023,0.1,15.0,0.92,20.00800000000004,1.2153587949591715
106,106,2023-01-11,TATASTEEL,119.45,120.35,118.0,118.85,0.753,-1.214,-0.502,1.214,0.753,0.753,11,1,2023,0.1,15.0,-0.2,19.808000000000042,1.2129280773692532
107,107,2023-01-12,TATASTEEL,118.95,119.25,117.6,118.1,0.252,-1.135,-0.715,1.135,0.252,0.252,12,1,2023,0.1,15.0,-0.2,19.608000000000043,1.2105022212145147
108,108,2023-01-13,TATASTEEL,118.55,121.6,118.15,120.45,2.573,-0.337,1.603,2.573,0.337,0.337,13,1,2023,0.1,15.0,-0.2,19.408000000000044,1.2080812167720856
109,109,2023-01-16,TATASTEEL,121.45,121.45,118.8,119.95,0.0,-2.182,-1.235,2.182,0.0,0.0,16,1,2023,0.1,15.0,1.135,20.543000000000045,1.2217929385824486
110,110,2023-01-17,TATASTEEL,119.75,119.9,118.0,119.35,0.125,-1.461,-0.334,1.461,0.125,0.125,17,1,2023,0.1,15.0,-0.2,20.343000000000046,1.2193493527052837
111,111,2023-01-18,TATASTEEL,120.0,123.0,120.0,122.45,2.5,0.0,2.042,2.5,0.0,0.0,18,1,2023,0.1,15.0,1.942,22.285000000000046,1.2430291171348202
112,112,2023-01-19,TATASTEEL,121.8,124.3,121.15,123.55,2.053,-0.534,1.437,2.053,0.534,0.534,19,1,2023,0.1,15.0,-0.2,22.085000000000047,1.2405430589005506
113,113,2023-01-20,TATASTEEL,123.4,124.2,122.0,122.95,0.648,-1.135,-0.365,1.135,0.648,0.648,20,1,2023,0.1,15.0,-0.2,21.885000000000048,1.2380619727827495
114,114,2023-01-23,TATASTEEL,123.4,123.85,121.5,122.0,0.365,-1.54,-1.135,1.54,0.365,0.365,23,1,2023,0.1,15.0,-0.2,21.68500000000005,1.235585848837184
115,115,2023-01-24,TATASTEEL,122.5,122.55,120.1,120.4,0.041,-1.959,-1.714,1.959,0.041,0.041,24,1,2023,0.1,15.0,1.614,23.29900000000005,1.2555282044374163
116,116,2023-01-25,TATASTEEL,120.35,122.25,120.1,121.0,1.579,-0.208,0.54,1.579,0.208,0.208,25,1,2023,0.1,15.0,-0.2,23.09900000000005,1.2530171480285415
117,117,2023-01-27,TATASTEEL,121.9,123.25,119.1,120.65,1.107,-2.297,-1.025,2.297,1.107,1.107,27,1,2023,0.1,15.0,-0.2,22.89900000000005,1.2505111137324845
118,118,2023-01-30,TATASTEEL,120.45,121.1,116.9,118.75,0.54,-2.947,-1.411,2.947,0.54,0.54,30,1,2023,0.1,15.0,-0.2,22.69900000000005,1.2480100915050194
119,119,2023-01-31,TATASTEEL,118.75,120.45,117.75,119.7,1.432,-0.842,0.8,1.432,0.842,0.842,31,1,2023,0.1,15.0,-0.2,22.499000000000052,1.2455140713220094
120,120,2023-02-01,TATASTEEL,120.1,124.15,119.3,122.05,3.372,-0.666,1.624,3.372,0.666,0.666,1,2,2023,0.1,15.0,-0.2,22.299000000000053,1.2430230431793654
121,121,2023-02-02,TATASTEEL,121.95,122.5,118.4,119.95,0.451,-2.911,-1.64,2.911,0.451,0.451,2,2,2023,0.1,15.0,-0.2,22.099000000000053,1.2405369970930067
122,122,2023-02-03,TATASTEEL,120.05,121.0,117.2,120.35,0.791,-2.374,0.25,2.374,0.791,0.791,3,2,2023,0.1,15.0,-0.2,21.899000000000054,1.2380559230988206
123,123,2023-02-06,TATASTEEL,120.0,120.0,117.0,117.45,0.0,-2.5,-2.125,2.5,0.0,0.0,6,2,2023,0.1,15.0,2.025,23.924000000000053,1.2631265555415718
124,124,2023-02-07,TATASTEEL,112.6,115.35,110.55,111.45,2.442,-1.821,-1.021,2.442,1.821,1.821,7,2,2023,0.1,15.0,-0.2,23.724000000000053,1.2606003024304886
125,125,2023-02-08,TATASTEEL,111.45,112.75,110.1,111.45,1.166,-1.211,0.0,1.211,1.166,1.166,8,2,2023,0.1,15.0,-0.2,23.524000000000054,1.2580791018256277
126,126,2023-02-09,TATASTEEL,112.15,112.95,109.95,111.25,0.713,-1.962,-0.802,1.962,0.713,0.713,9,2,2023,0.1,15.0,-0.2,23.324000000000055,1.2555629436219764
127,127,2023-02-10,TATASTEEL,111.0,111.25,108.3,108.8,0.225,-2.432,-1.982,2.432,0.225,0.225,10,2,2023,0.1,15.0,-0.2,23.124000000000056,1.2530518177347325
128,128,2023-02-13,TATASTEEL,108.8,110.6,108.4,108.75,1.654,-0.368,-0.046,1.654,0.368,0.368,13,2,2023,0.1,15.0,-0.2,22.924000000000056,1.250545714099263
129,129,2023-02-14,TATASTEEL,109.55,109.9,108.25,109.25,0.319,-1.187,-0.274,1.187,0.319,0.319,14,2,2023,0.1,15.0,-0.2,22.724000000000057,1.2480446226710646
130,130,2023-02-15,TATASTEEL,109.0,110.6,108.8,110.3,1.468,-0.183,1.193,1.468,0.183,0.183,15,2,2023,0.1,15.0,-0.2,22.524000000000058,1.2455485334257226
131,131,2023-02-16,TATASTEEL,111.0,112.2,110.65,112.0,1.081,-0.315,0.901,1.081,0.315,0.315,16,2,2023,0.1,15.0,-0.2,22.32400000000006,1.2430574363588711
132,132,2023-02-17,TATASTEEL,111.55,113.1,111.3,112.25,1.39,-0.224,0.628,1.39,0.224,0.224,17,2,2023,0.1,15.0,-0.2,22.12400000000006,1.2405713214861533
133,133,2023-02-20,TATASTEEL,112.3,112.7,111.05,112.35,0.356,-1.113,0.045,1.113,0.356,0.356,20,2,2023,0.1,15.0,-0.2,21.92400000000006,1.238090178843181
134,134,2023-02-21,TATASTEEL,112.9,114.2,112.75,113.15,1.151,-0.133,0.221,1.151,0.133,0.133,21,2,2023,0.1,15.0,-0.2,21.72400000000006,1.2356139984854948
135,135,2023-02-22,TATASTEEL,113.25,113.7,110.65,111.15,0.397,-2.296,-1.854,2.296,0.397,0.397,22,2,2023,0.1,15.0,-0.2,21.52400000000006,1.2331427704885238
136,136,2023-02-23,TATASTEEL,111.55,113.65,111.35,112.05,1.883,-0.179,0.448,1.883,0.179,0.179,23,2,2023,0.1,15.0,-0.2,21.324000000000062,1.230676484947547
137,137,2023-02-24,TATASTEEL,112.5,112.9,109.55,109.75,0.356,-2.622,-2.444,2.622,0.356,0.356,24,2,2023,0.1,15.0,-0.2,21.124000000000063,1.2282151319776518
138,138,2023-02-27,TATASTEEL,109.8,110.05,105.15,106.1,0.228,-4.235,-3.37,4.235,0.228,0.228,27,2,2023,0.1,15.0,-0.2,20.924000000000063,1.2257587017136964
139,139,2023-02-28,TATASTEEL,106.85,107.05,103.55,103.95,0.187,-3.088,-2.714,3.088,0.187,0.187,28,2,2023,0.1,15.0,-0.2,20.724000000000064,1.223307184310269
140,140,2023-03-01,TATASTEEL,104.7,107.1,104.5,105.5,2.292,-0.191,0.764,2.292,0.191,0.191,1,3,2023,0.1,15.0,-0.2,20.524000000000065,1.2208605699416484
141,141,2023-03-02,TATASTEEL,106.05,106.9,104.35,104.65,0.802,-1.603,-1.32,1.603,0.802,0.802,2,3,2023,0.1,15.0,-0.2,20.324000000000066,1.218418848801765
142,142,2023-03-03,TATASTEEL,106.0,107.45,105.0,107.0,1.368,-0.943,0.943,1.368,0.943,0.943,3,3,2023,0.1,15.0,-0.2,20.124000000000066,1.2159820111041615
143,143,2023-03-06,TATASTEEL,107.5,107.6,105.0,105.65,0.093,-2.326,-1.721,2.326,0.093,0.093,6,3,2023,0.1,15.0,1.621,21.745000000000065,1.23569307950416
144,144,2023-03-08,TATASTEEL,105.3,106.9,104.0,106.5,1.519,-1.235,1.14,1.519,1.235,1.235,8,3,2023,0.1,15.0,-0.2,21.545000000000066,1.2332216933451519
145,145,2023-03-09,TATASTEEL,107.85,108.95,107.5,108.2,1.02,-0.325,0.325,1.02,0.325,0.325,9,3,2023,0.1,15.0,-0.2,21.345000000000066,1.2307552499584615
146,146,2023-03-10,TATASTEEL,107.0,108.35,106.6,108.1,1.262,-0.374,1.028,1.262,0.374,0.374,10,3,2023,0.1,15.0,-0.2,21.145000000000067,1.2282937394585447
147,147,2023-03-13,TATASTEEL,108.25,109.0,106.35,106.8,0.693,-1.755,-1.339,1.755,0.693,0.693,13,3,2023,0.1,15.0,-0.2,20.945000000000068,1.2258371519796276
148,148,2023-03-14,TATASTEEL,107.0,108.55,106.2,106.4,1.449,-0.748,-0.561,1.449,0.748,0.748,14,3,2023,0.1,15.0,-0.2,20.74500000000007,1.2233854776756683
149,149,2023-03-15,TATASTEEL,107.5,109.15,107.4,108.65,1.535,-0.093,1.07,1.535,0.093,0.093,15,3,2023,0.1,15.0,0.97,21.715000000000067,1.2352523168091223
150,150,2023-03-16,TATASTEEL,107.25,107.25,103.7,105.05,0.0,-3.31,-2.051,3.31,0.0,0.0,16,3,2023,0.1,15.0,1.951,23.666000000000068,1.259352089510068
151,151,2023-03-17,TATASTEEL,106.45,107.35,105.0,107.0,0.845,-1.362,0.517,1.362,0.845,0.845,17,3,2023,0.1,15.0,-0.2,23.46600000000007,1.2568333853310478
152,152,2023-03-20,TATASTEEL,106.1,106.45,103.85,104.5,0.33,-2.121,-1.508,2.121,0.33,0.33,20,3,2023,0.1,15.0,-0.2,23.26600000000007,1.2543197185603858
153,153,2023-03-21,TATASTEEL,105.1,105.4,104.3,104.75,0.285,-0.761,-0.333,0.761,0.285,0.285,21,3,2023,0.1,15.0,-0.2,23.06600000000007,1.251811079123265
154,154,2023-03-22,TATASTEEL,104.75,105.95,104.4,104.8,1.146,-0.334,0.048,1.146,0.334,0.334,22,3,2023,0.1,15.0,-0.2,22.86600000000007,1.2493074569650184
155,155,2023-03-23,TATASTEEL,104.4,105.5,104.35,104.9,1.054,-0.048,0.479,1.054,0.048,0.048,23,3,2023,0.1,15.0,0.379,23.245000000000072,1.2540423322269159
156,156,2023-03-24,TATASTEEL,105.0,105.05,101.55,102.1,0.048,-3.286,-2.762,3.286,0.048,0.048,24,3,2023,0.1,15.0,2.662,25.90700000000007,1.2874249391107964
157,157,2023-03-27,TATASTEEL,102.55,103.4,102.1,102.3,0.829,-0.439,-0.244,0.829,0.439,0.439,27,3,2023,0.1,15.0,-0.2,25.707000000000072,1.2848500892325747
158,158,2023-03-28,TATASTEEL,102.85,103.1,102.35,102.5,0.243,-0.486,-0.34,0.486,0.243,0.243,28,3,2023,0.1,15.0,-0.2,25.507000000000073,1.2822803890541095
159,159,2023-03-29,TATASTEEL,102.5,104.5,101.65,103.6,1.951,-0.829,1.073,1.951,0.829,0.829,29,3,2023,0.1,15.0,-0.2,25.307000000000073,1.2797158282760013
160,160,2023-03-31,TATASTEEL,105.0,105.5,104.1,104.5,0.476,-0.857,-0.476,0.857,0.476,0.476,31,3,2023,0.1,15.0,-0.2,25.107000000000074,1.2771563966194492
161,161,2023-04-03,TATASTEEL,105.1,105.25,103.8,104.1,0.143,-1.237,-0.951,1.237,0.143,0.143,3,4,2023,0.1,15.0,-0.2,24.907000000000075,1.2746020838262104
162,162,2023-04-05,TATASTEEL,104.1,105.0,103.2,104.85,0.865,-0.865,0.72,0.865,0.865,0.865,5,4,2023,0.1,15.0,-0.2,24.707000000000075,1.272052879658558
163,163,2023-04-06,TATASTEEL,104.85,105.1,104.2,104.35,0.238,-0.62,-0.477,0.62,0.238,0.238,6,4,2023,0.1,15.0,-0.2,24.507000000000076,1.2695087738992408
164,164,2023-04-10,TATASTEEL,104.5,105.75,104.5,104.95,1.196,0.0,0.431,1.196,0.0,0.0,10,4,2023,0.1,15.0,0.3309999999999999,24.838000000000076,1.2737108479408472
165,165,2023-04-11,TATASTEEL,105.55,107.85,105.1,107.55,2.179,-0.426,1.895,2.179,0.426,0.426,11,4,2023,0.1,15.0,-0.2,24.638000000000076,1.2711634262449656
166,166,2023-04-12,TATASTEEL,108.2,108.4,106.95,107.6,0.185,-1.155,-0.555,1.155,0.185,0.185,12,4,2023,0.1,15.0,-0.2,24.438000000000077,1.2686210993924756
167,167,2023-04-13,TATASTEEL,107.5,108.15,105.9,107.5,0.605,-1.488,0.0,1.488,0.605,0.605,13,4,2023,0.1,15.0,-0.2,24.238000000000078,1.2660838571936905
168,168,2023-04-17,TATASTEEL,107.6,108.3,106.75,107.15,0.651,-0.79,-0.418,0.79,0.651,0.651,17,4,2023,0.1,15.0,-0.2,24.03800000000008,1.263551689479303
169,169,2023-04-18,TATASTEEL,107.2,107.9,106.85,107.6,0.653,-0.326,0.373,0.653,0.326,0.326,18,4,2023,0.1,15.0,-0.2,23.83800000000008,1.2610245861003444
170,170,2023-04-19,TATASTEEL,107.85,110.4,107.75,108.1,2.364,-0.093,0.232,2.364,0.093,0.093,19,4,2023,0.1,15.0,0.132,23.97000000000008,1.262689138553997
171,171,2023-04-20,TATASTEEL,108.2,108.7,107.4,108.0,0.462,-0.739,-0.185,0.739,0.462,0.462,20,4,2023,0.1,15.0,-0.2,23.77000000000008,1.260163760276889
172,172,2023-04-21,TATASTEEL,108.0,108.1,105.35,106.15,0.093,-2.454,-1.713,2.454,0.093,0.093,21,4,2023,0.1,15.0,1.613,25.38300000000008,1.2804902017301552
173,173,2023-04-24,TATASTEEL,106.4,106.7,105.35,106.5,0.282,-0.987,0.094,0.987,0.282,0.282,24,4,2023,0.1,15.0,-0.2,25.18300000000008,1.2779292213266948
174,174,2023-04-25,TATASTEEL,106.7,107.6,106.25,107.05,0.843,-0.422,0.328,0.843,0.422,0.422,25,4,2023,0.1,15.0,-0.2,24.983000000000082,1.2753733628840414
175,175,2023-04-26,TATASTEEL,106.5,107.05,105.85,106.85,0.516,-0.61,0.329,0.61,0.516,0.516,26,4,2023,0.1,15.0,-0.2,24.783000000000083,1.2728226161582732
176,176,2023-04-27,TATASTEEL,106.3,107.85,106.3,107.65,1.458,0.0,1.27,1.458,0.0,0.0,27,4,2023,0.1,15.0,1.17,25.95300000000008,1.287714640767325
177,177,2023-04-28,TATASTEEL,107.8,108.5,107.3,107.95,0.649,-0.464,0.139,0.649,0.464,0.464,28,4,2023,0.1,15.0,-0.2,25.753000000000082,1.2851392114857902
178,178,2023-05-02,TATASTEEL,108.0,110.85,108.0,110.3,2.639,0.0,2.13,2.639,0.0,0.0,2,5,2023,0.1,15.0,2.03,27.783000000000083,1.3112275374789517
179,179,2023-05-03,TATASTEEL,109.8,111.0,108.75,109.7,1.093,-0.956,-0.091,1.093,0.956,0.956,3,5,2023,0.1,15.0,-0.2,27.583000000000084,1.3086050824039939
180,180,2023-05-04,TATASTEEL,110.0,111.9,109.5,111.05,1.727,-0.455,0.955,1.727,0.455,0.455,4,5,2023,0.1,15.0,-0.2,27.383000000000084,1.3059878722391858
181,181,2023-05-05,TATASTEEL,110.85,110.85,108.4,108.65,0.0,-2.21,-1.985,2.21,0.0,0.0,5,5,2023,0.1,15.0,1.885,29.268000000000086,1.3306057436308945
182,182,2023-05-08,TATASTEEL,109.25,109.85,108.25,109.55,0.549,-0.915,0.275,0.915,0.549,0.549,8,5,2023,0.1,15.0,-0.2,29.068000000000087,1.3279445321436327
183,183,2023-05-09,TATASTEEL,109.6,111.2,109.15,109.55,1.46,-0.411,-0.046,1.46,0.411,0.411,9,5,2023,0.1,15.0,-0.2,28.868000000000087,1.3252886430793454
184,184,2023-05-10,TATASTEEL,109.6,110.0,108.6,109.25,0.365,-0.912,-0.319,0.912,0.365,0.365,10,5,2023,0.1,15.0,-0.2,28.668000000000088,1.3226380657931867
185,185,2023-05-11,TATASTEEL,109.2,109.5,108.25,108.55,0.275,-0.87,-0.595,0.87,0.275,0.275,11,5,2023,0.1,15.0,-0.2,28.46800000000009,1.3199927896616004
186,186,2023-05-12,TATASTEEL,108.35,108.4,106.55,106.75,0.046,-1.661,-1.477,1.661,0.046,0.046,12,5,2023,0.1,15.0,1.377,29.845000000000088,1.3381690903752408
187,187,2023-05-15,TATASTEEL,107.05,108.2,105.65,107.7,1.074,-1.308,0.607,1.308,1.074,1.074,15,5,2023,0.1,15.0,-0.2,29.64500000000009,1.3354927521944904
188,188,2023-05-16,TATASTEEL,108.2,108.65,107.2,107.4,0.416,-0.924,-0.739,0.924,0.416,0.416,16,5,2023,0.1,15.0,-0.2,29.44500000000009,1.3328217666901014
189,189,2023-05-17,TATASTEEL,107.4,107.5,105.55,106.0,0.093,-1.723,-1.304,1.723,0.093,0.093,17,5,2023,0.1,15.0,1.204,30.64900000000009,1.3488689407610504
190,190,2023-05-18,TATASTEEL,106.5,107.15,105.1,105.2,0.61,-1.315,-1.221,1.315,0.61,0.61,18,5,2023,0.1,15.0,-0.2,30.44900000000009,1.3461712028795283
191,191,2023-05-19,TATASTEEL,105.6,105.7,104.05,104.65,0.095,-1.468,-0.9,1.468,0.095,0.095,19,5,2023,0.1,15.0,0.8,31.24900000000009,1.3569405725025645
192,192,2023-05-22,TATASTEEL,105.0,105.25,104.3,105.0,0.238,-0.667,0.0,0.667,0.238,0.238,22,5,2023,0.1,15.0,-0.2,31.049000000000092,1.3542266913575594
193,193,2023-05-23,TATASTEEL,105.1,106.05,105.0,105.6,0.904,-0.095,0.476,0.904,0.095,0.095,23,5,2023,0.1,15.0,0.376,31.425000000000093,1.3593185837170638
194,194,2023-05-24,TATASTEEL,105.1,105.8,104.9,105.2,0.666,-0.19,0.095,0.666,0.19,0.19,24,5,2023,0.1,15.0,-0.2,31.225000000000094,1.3565999465496297
195,195,2023-05-25,TATASTEEL,105.0,105.2,104.3,104.85,0.19,-0.667,-0.143,0.667,0.19,0.19,25,5,2023,0.1,15.0,-0.2,31.025000000000095,1.3538867466565303
196,196,2023-05-26,TATASTEEL,105.0,106.75,104.95,106.4,1.667,-0.048,1.333,1.667,0.048,0.048,26,5,2023,0.1,15.0,1.233,32.258000000000095,1.3705801702428053
197,197,2023-05-29,TATASTEEL,107.0,108.85,106.3,108.45,1.729,-0.654,1.355,1.729,0.654,0.654,29,5,2023,0.1,15.0,-0.2,32.05800000000009,1.3678390099023197
198,198,2023-05-30,TATASTEEL,108.95,108.95,106.9,107.05,0.0,-1.882,-1.744,1.882,0.0,0.0,30,5,2023,0.1,15.0,1.644,33.70200000000009,1.3903262832251138
199,199,2023-05-31,TATASTEEL,106.4,106.95,105.6,105.8,0.517,-0.752,-0.564,0.752,0.517,0.517,31,5,2023,0.1,15.0,-0.2,33.50200000000009,1.3875456306586635
200,200,2023-06-01,TATASTEEL,105.9,106.7,105.8,105.95,0.755,-0.094,0.047,0.755,0.094,0.094,1,6,2023,0.1,15.0,-0.053,33.44900000000009,1.3868102314744144
201,201,2023-06-02,TATASTEEL,106.5,108.3,106.5,108.0,1.69,0.0,1.408,1.69,0.0,0.0,2,6,2023,0.1,15.0,1.3079999999999998,34.75700000000009,1.4049497093020997
202,202,2023-06-05,TATASTEEL,108.65,109.9,107.8,109.4,1.15,-0.782,0.69,1.15,0.782,0.782,5,6,2023,0.1,15.0,-0.2,34.55700000000009,1.4021398098834956
203,203,2023-06-06,TATASTEEL,109.75,109.85,108.3,109.0,0.091,-1.321,-0.683,1.321,0.091,0.091,6,6,2023,0.1,15.0,0.5830000000000001,35.140000000000086,1.4103142849751165
204,204,2023-06-07,TATASTEEL,109.5,111.75,108.9,111.5,2.055,-0.548,1.826,2.055,0.548,0.548,7,6,2023,0.1,15.0,-0.2,34.94000000000008,1.4074936564051663
205,205,2023-06-08,TATASTEEL,111.5,113.0,110.95,111.15,1.345,-0.493,-0.314,1.345,0.493,0.493,8,6,2023,0.1,15.0,-0.2,34.74000000000008,1.404678669092356
206,206,2023-06-09,TATASTEEL,111.25,111.65,108.65,108.9,0.36,-2.337,-2.112,2.337,0.36,0.36,9,6,2023,0.1,15.0,-0.2,34.54000000000008,1.4018693117541714
207,207,2023-06-12,TATASTEEL,109.15,110.6,109.15,109.5,1.328,0.0,0.321,1.328,0.0,0.0,12,6,2023,0.1,15.0,0.221,34.761000000000074,1.4049674429331482
208,208,2023-06-13,TATASTEEL,110.0,111.85,109.65,111.15,1.682,-0.318,1.045,1.682,0.318,0.318,13,6,2023,0.1,15.0,-0.2,34.56100000000007,1.402157508047282
209,209,2023-06-14,TATASTEEL,111.5,114.0,111.4,113.8,2.242,-0.09,2.063,2.242,0.09,0.09,14,6,2023,0.1,15.0,1.963,36.52400000000007,1.42968185993025
210,210,2023-06-15,TATASTEEL,113.9,114.2,113.25,113.75,0.263,-0.571,-0.132,0.571,0.263,0.263,15,6,2023,0.1,15.0,-0.2,36.32400000000007,1.4268224962103897
211,211,2023-06-16,TATASTEEL,114.4,114.8,113.85,114.25,0.35,-0.481,-0.131,0.481,0.35,0.35,16,6,2023,0.1,15.0,-0.2,36.124000000000066,1.423968851217969
212,212,2023-06-19,TATASTEEL,115.45,115.6,113.05,114.1,0.13,-2.079,-1.169,2.079,0.13,0.13,19,6,2023,0.1,15.0,-0.2,35.92400000000006,1.421120913515533
213,213,2023-06-20,TATASTEEL,114.1,115.25,113.5,114.25,1.008,-0.526,0.131,1.008,0.526,0.526,20,6,2023,0.1,15.0,-0.2,35.72400000000006,1.4182786716885019
214,214,2023-06-21,TATASTEEL,114.9,114.9,112.85,113.9,0.0,-1.784,-0.87,1.784,0.0,0.0,21,6,2023,0.1,15.0,0.77,36.494000000000064,1.4291994174605034
215,215,2023-06-22,TATASTEEL,110.6,112.2,110.55,111.1,1.447,-0.045,0.452,1.447,0.045,0.045,22,6,2023,0.1,15.0,0.352,36.84600000000006,1.4342301994099642
216,216,2023-06-23,TATASTEEL,110.5,110.75,109.2,109.6,0.226,-1.176,-0.814,1.176,0.226,0.226,23,6,2023,0.1,15.0,-0.2,36.64600000000006,1.4313617390111444
217,217,2023-06-26,TATASTEEL,109.6,110.2,108.1,109.85,0.547,-1.369,0.228,1.369,0.547,0.547,26,6,2023,0.1,15.0,-0.2,36.446000000000055,1.428499015533122
218,218,2023-06-27,TATASTEEL,110.6,111.5,110.15,110.75,0.814,-0.407,0.136,0.814,0.407,0.407,27,6,2023,0.1,15.0,-0.2,36.24600000000005,1.4256420175020559
219,219,2023-06-28,TATASTEEL,111.5,112.05,110.9,111.55,0.493,-0.538,0.045,0.538,0.493,0.493,28,6,2023,0.1,15.0,-0.2,36.04600000000005,1.4227907334670518
220,220,2023-06-30,TATASTEEL,111.6,112.2,110.4,112.0,0.538,-1.075,0.358,1.075,0.538,0.538,30,6,2023,0.1,15.0,-0.2,35.846000000000046,1.4199451520001176
221,221,2023-07-03,TATASTEEL,112.25,114.25,112.05,113.1,1.782,-0.178,0.757,1.782,0.178,0.178,3,7,2023,0.1,15.0,-0.2,35.64600000000004,1.4171052616961173
222,222,2023-07-04,TATASTEEL,113.2,113.4,112.1,112.4,0.177,-0.972,-0.707,0.972,0.177,0.177,4,7,2023,0.1,15.0,-0.2,35.44600000000004,1.414271051172725
223,223,2023-07-05,TATASTEEL,112.55,113.55,112.2,112.95,0.888,-0.311,0.355,0.888,0.311,0.311,5,7,2023,0.1,15.0,-0.2,35.24600000000004,1.4114425090703795
224,224,2023-07-06,TATASTEEL,112.0,112.85,111.5,112.65,0.759,-0.446,0.58,0.759,0.446,0.446,6,7,2023,0.1,15.0,-0.2,35.046000000000035,1.4086196240522388
225,225,2023-07-07,TATASTEEL,112.0,113.3,111.25,111.6,1.161,-0.67,-0.357,1.161,0.67,0.67,7,7,2023,0.1,15.0,-0.2,34.84600000000003,1.4058023848041343
226,226,2023-07-10,TATASTEEL,112.25,115.7,111.65,115.3,3.073,-0.535,2.717,3.073,0.535,0.535,10,7,2023,0.1,15.0,-0.2,34.64600000000003,1.402990780034526
227,227,2023-07-11,TATASTEEL,115.6,116.1,114.8,115.15,0.433,-0.692,-0.389,0.692,0.433,0.433,11,7,2023,0.1,15.0,-0.2,34.446000000000026,1.400184798474457
228,228,2023-07-12,TATASTEEL,115.15,116.05,114.0,114.7,0.782,-0.999,-0.391,0.999,0.782,0.782,12,7,2023,0.1,15.0,-0.2,34.24600000000002,1.3973844288775081
229,229,2023-07-13,TATASTEEL,116.0,116.95,114.5,114.85,0.819,-1.293,-0.991,1.293,0.819,0.819,13,7,2023,0.1,15.0,-0.2,34.04600000000002,1.3945896600197532
230,230,2023-07-14,TATASTEEL,115.7,117.9,114.8,117.15,1.901,-0.778,1.253,1.901,0.778,0.778,14,7,2023,0.1,15.0,-0.2,33.84600000000002,1.3918004806997137
231,231,2023-07-17,TATASTEEL,117.95,119.35,117.1,117.75,1.187,-0.721,-0.17,1.187,0.721,0.721,17,7,2023,0.1,15.0,-0.2,33.646000000000015,1.3890168797383142
232,232,2023-07-18,TATASTEEL,118.0,118.15,116.4,116.6,0.127,-1.356,-1.186,1.356,0.127,0.127,18,7,2023,0.1,15.0,-0.2,33.44600000000001,1.3862388459788375
233,233,2023-07-19,TATASTEEL,116.7,117.2,116.1,116.7,0.428,-0.514,0.0,0.514,0.428,0.428,19,7,2023,0.1,15.0,-0.2,33.24600000000001,1.3834663682868797
234,234,2023-07-20,TATASTEEL,116.7,117.25,116.35,116.95,0.471,-0.3,0.214,0.471,0.3,0.3,20,7,2023,0.1,15.0,-0.2,33.04600000000001,1.380699435550306
235,235,2023-07-21,TATASTEEL,116.6,117.95,115.5,116.6,1.158,-0.943,0.0,1.158,0.943,0.943,21,7,2023,0.1,15.0,-0.2,32.846000000000004,1.3779380366792053
236,236,2023-07-24,TATASTEEL,116.5,116.5,114.35,115.5,0.0,-1.845,-0.858,1.845,0.0,0.0,24,7,2023,0.1,15.0,0.758,33.604000000000006,1.3883828069972337
237,237,2023-07-25,TATASTEEL,115.0,119.9,114.35,119.25,4.261,-0.565,3.696,4.261,0.565,0.565,25,7,2023,0.1,15.0,-0.2,33.404,1.3856060413832392
238,238,2023-07-26,TATASTEEL,119.8,120.6,118.85,119.95,0.668,-0.793,0.125,0.793,0.668,0.668,26,7,2023,0.1,15.0,-0.2,33.204,1.3828348293004726
239,239,2023-07-27,TATASTEEL,120.25,121.45,119.15,119.8,0.998,-0.915,-0.374,0.998,0.915,0.915,27,7,2023,0.1,15.0,-0.2,33.004,1.3800691596418717
240,240,2023-07-28,TATASTEEL,120.2,121.1,118.7,120.6,0.749,-1.248,0.333,1.248,0.749,0.749,28,7,2023,0.1,15.0,-0.2,32.803999999999995,1.377309021322588
241,241,2023-07-31,TATASTEEL,120.6,123.85,120.6,123.15,2.695,0.0,2.114,2.695,0.0,0.0,31,7,2023,0.1,15.0,2.014,34.818,1.405048025012025
242,242,2023-08-01,TATASTEEL,123.55,124.15,122.55,123.2,0.486,-0.809,-0.283,0.809,0.486,0.486,1,8,2023,0.1,15.0,-0.2,34.617999999999995,1.4022379289620008
243,243,2023-08-02,TATASTEEL,122.9,122.9,118.25,118.95,0.0,-3.784,-3.214,3.784,0.0,0.0,2,8,2023,0.1,15.0,3.114,37.73199999999999,1.4459036180698774
244,244,2023-08-03,TATASTEEL,118.7,119.65,117.5,118.2,0.8,-1.011,-0.421,1.011,0.8,0.8,3,8,2023,0.1,15.0,-0.2,37.53199999999999,1.4430118108337378
245,245,2023-08-04,TATASTEEL,119.4,119.75,118.0,119.0,0.293,-1.173,-0.335,1.173,0.293,0.293,4,8,2023,0.1,15.0,-0.2,37.33199999999999,1.4401257872120703
246,246,2023-08-07,TATASTEEL,119.6,119.6,118.0,118.85,0.0,-1.338,-0.627,1.338,0.0,0.0,7,8,2023,0.1,15.0,0.527,37.85899999999999,1.447715250110678
247,247,2023-08-08,TATASTEEL,119.0,119.5,117.95,118.15,0.42,-0.882,-0.714,0.882,0.42,0.42,8,8,2023,0.1,15.0,-0.2,37.658999999999985,1.4448198196104567
248,248,2023-08-09,TATASTEEL,118.35,120.5,116.9,120.2,1.817,-1.225,1.563,1.817,1.225,1.225,9,8,2023,0.1,15.0,-0.2,37.45899999999998,1.4419301799712358
249,249,2023-08-10,TATASTEEL,120.0,120.65,119.25,120.0,0.542,-0.625,0.0,0.625,0.542,0.542,10,8,2023,0.1,15.0,-0.2,37.25899999999998,1.4390463196112935
250,250,2023-08-11,TATASTEEL,120.3,121.4,119.15,120.3,0.914,-0.956,0.0,0.956,0.914,0.914,11,8,2023,0.1,15.0,-0.2,37.058999999999976,1.4361682269720708
251,251,2023-08-14,TATASTEEL,120.3,120.4,117.35,118.15,0.083,-2.452,-1.787,2.452,0.083,0.083,14,8,2023,0.1,15.0,1.6869999999999998,38.745999999999974,1.4603963849610895
252,252,2023-08-16,TATASTEEL,117.95,117.95,115.4,115.95,0.0,-2.162,-1.696,2.162,0.0,0.0,16,8,2023,0.1,15.0,1.596,40.34199999999997,1.4837043112650685
253,253,2023-08-17,TATASTEEL,115.9,116.8,114.7,116.05,0.777,-1.035,0.129,1.035,0.777,0.777,17,8,2023,0.1,15.0,-0.2,40.14199999999997,1.4807369026425383
254,254,2023-08-18,TATASTEEL,116.3,116.4,114.75,115.8,0.086,-1.333,-0.43,1.333,0.086,0.086,18,8,2023,0.1,15.0,0.3299999999999999,40.471999999999966,1.4856233344212588
255,255,2023-08-21,TATASTEEL,116.75,117.1,115.85,116.9,0.3,-0.771,0.128,0.771,0.3,0.3,21,8,2023,0.1,15.0,-0.2,40.27199999999996,1.4826520877524163
256,256,2023-08-22,TATASTEEL,117.15,117.75,116.5,117.55,0.512,-0.555,0.341,0.555,0.512,0.512,22,8,2023,0.1,15.0,-0.2,40.07199999999996,1.4796867835769114
257,257,2023-08-23,TATASTEEL,117.85,119.25,117.65,118.95,1.188,-0.17,0.933,1.188,0.17,0.17,23,8,2023,0.1,15.0,-0.2,39.87199999999996,1.4767274100097576
258,258,2023-08-24,TATASTEEL,119.5,120.1,118.05,118.25,0.502,-1.213,-1.046,1.213,0.502,0.502,24,8,2023,0.1,15.0,-0.2,39.671999999999954,1.4737739551897382
259,259,2023-08-25,TATASTEEL,118.0,118.15,116.7,116.9,0.127,-1.102,-0.932,1.102,0.127,0.127,25,8,2023,0.1,15.0,-0.2,39.47199999999995,1.4708264072793586
260,260,2023-08-28,TATASTEEL,117.0,118.25,117.0,117.6,1.068,0.0,0.513,1.068,0.0,0.0,28,8,2023,0.1,15.0,0.413,39.88499999999995,1.4769009203414223
261,261,2023-08-29,TATASTEEL,118.5,120.15,117.75,119.55,1.392,-0.633,0.886,1.392,0.633,0.633,29,8,2023,0.1,15.0,-0.2,39.684999999999945,1.4739471185007393
262,262,2023-08-30,TATASTEEL,120.5,122.7,120.25,122.1,1.826,-0.207,1.328,1.826,0.207,0.207,30,8,2023,0.1,15.0,-0.2,39.48499999999994,1.4709992242637377
263,263,2023-08-31,TATASTEEL,122.85,123.6,122.15,122.9,0.611,-0.57,0.041,0.611,0.57,0.57,31,8,2023,0.1,15.0,-0.2,39.28499999999994,1.4680572258152103
264,264,2023-09-01,TATASTEEL,123.5,128.7,123.4,127.05,4.211,-0.081,2.874,4.211,0.081,0.081,1,9,2023,0.1,15.0,2.774,42.05899999999994,1.5087811332593244
265,265,2023-09-04,TATASTEEL,129.2,132.9,128.85,131.75,2.864,-0.271,1.974,2.864,0.271,0.271,4,9,2023,0.1,15.0,-0.2,41.85899999999994,1.5057635709928057
266,266,2023-09-05,TATASTEEL,131.75,132.45,128.85,131.7,0.531,-2.201,-0.038,2.201,0.531,0.531,5,9,2023,0.1,15.0,-0.2,41.658999999999935,1.50275204385082
267,267,2023-09-06,TATASTEEL,132.4,132.4,128.2,129.6,0.0,-3.172,-2.115,3.172,0.0,0.0,6,9,2023,0.1,15.0,2.015,43.673999999999936,1.533032497534414
268,268,2023-09-07,TATASTEEL,129.5,130.8,128.6,130.15,1.004,-0.695,0.502,1.004,0.695,0.695,7,9,2023,0.1,15.0,-0.2,43.47399999999993,1.5299664325393452
269,269,2023-09-08,TATASTEEL,131.4,131.65,129.2,129.5,0.19,-1.674,-1.446,1.674,0.19,0.19,8,9,2023,0.1,15.0,-0.2,43.27399999999993,1.5269064996742665
270,270,2023-09-11,TATASTEEL,129.5,131.85,129.2,131.15,1.815,-0.232,1.274,1.815,0.232,0.232,11,9,2023,0.1,15.0,-0.2,43.07399999999993,1.523852686674918
271,271,2023-09-12,TATASTEEL,132.8,133.15,128.65,129.0,0.264,-3.125,-2.861,3.125,0.264,0.264,12,9,2023,0.1,15.0,-0.2,42.873999999999924,1.5208049813015683
272,272,2023-09-13,TATASTEEL,129.6,130.5,127.7,129.55,0.694,-1.466,-0.039,1.466,0.694,0.694,13,9,2023,0.1,15.0,-0.2,42.67399999999992,1.517763371338965
273,273,2023-09-14,TATASTEEL,131.0,134.2,130.8,131.7,2.443,-0.153,0.534,2.443,0.153,0.153,14,9,2023,0.1,15.0,-0.2,42.47399999999992,1.514727844596287
274,274,2023-09-15,TATASTEEL,132.6,133.3,129.85,131.95,0.528,-2.074,-0.49,2.074,0.528,0.528,15,9,2023,0.1,15.0,-0.2,42.273999999999916,1.5116983889070945
275,275,2023-09-18,TATASTEEL,135.0,135.0,130.05,130.45,0.0,-3.667,-3.37,3.667,0.0,0.0,18,9,2023,0.1,15.0,3.27,45.54399999999992,1.5611309262243565
276,276,2023-09-20,TATASTEEL,130.45,131.8,128.0,128.3,1.035,-1.878,-1.648,1.878,1.035,1.035,20,9,2023,0.1,15.0,-0.2,45.343999999999916,1.5580086643719078
277,277,2023-09-21,TATASTEEL,128.3,129.25,127.2,127.8,0.74,-0.857,-0.39,0.857,0.74,0.74,21,9,2023,0.1,15.0,-0.2,45.14399999999991,1.5548926470431639
278,278,2023-09-22,TATASTEEL,127.15,128.7,125.5,126.75,1.219,-1.298,-0.315,1.298,1.219,1.219,22,9,2023,0.1,15.0,-0.2,44.94399999999991,1.5517828617490776
279,279,2023-09-25,TATASTEEL,127.3,128.3,126.1,127.4,0.786,-0.943,0.079,0.943,0.786,0.786,25,9,2023,0.1,15.0,-0.2,44.74399999999991,1.5486792960255795
280,280,2023-09-26,TATASTEEL,129.0,130.55,128.4,128.9,1.202,-0.465,-0.078,1.202,0.465,0.465,26,9,2023,0.1,15.0,-0.2,44.543999999999905,1.5455819374335285
281,281,2023-09-27,TATASTEEL,128.75,128.75,126.7,128.15,0.0,-1.592,-0.466,1.592,0.0,0.0,27,9,2023,0.1,15.0,0.366,44.909999999999904,1.5512387673245351
282,282,2023-09-28,TATASTEEL,128.35,129.3,126.3,126.8,0.74,-1.597,-1.208,1.597,0.74,0.74,28,9,2023,0.1,15.0,-0.2,44.7099999999999,1.548136289789886
283,283,2023-09-29,TATASTEEL,128.2,129.55,127.55,128.9,1.053,-0.507,0.546,1.053,0.507,0.507,29,9,2023,0.1,15.0,-0.2,44.5099999999999,1.5450400172103063
284,284,2023-10-03,TATASTEEL,129.0,129.1,127.25,128.0,0.078,-1.357,-0.775,1.357,0.078,0.078,3,10,2023,0.1,15.0,0.675,45.184999999999896,1.555469037326476
285,285,2023-10-04,TATASTEEL,127.0,127.1,124.5,125.3,0.079,-1.969,-1.339,1.969,0.079,0.079,4,10,2023,0.1,15.0,1.239,46.42399999999989,1.5747412986989509
286,286,2023-10-05,TATASTEEL,125.9,126.15,124.55,125.25,0.199,-1.072,-0.516,1.072,0.199,0.199,5,10,2023,0.1,15.0,-0.2,46.22399999999989,1.571591816101553
287,287,2023-10-06,TATASTEEL,126.5,127.0,125.1,125.9,0.395,-1.107,-0.474,1.107,0.395,0.395,6,10,2023,0.1,15.0,-0.2,46.02399999999989,1.5684486324693498
288,288,2023-10-09,TATASTEEL,124.8,124.9,122.6,123.85,0.08,-1.763,-0.761,1.763,0.08,0.08,9,10,2023,0.1,15.0,0.661,46.68499999999989,1.5788160779299723
289,289,2023-10-10,TATASTEEL,124.7,125.9,123.75,125.3,0.962,-0.762,0.481,0.962,0.762,0.762,10,10,2023,0.1,15.0,-0.2,46.484999999999886,1.5756584457741123
290,290,2023-10-11,TATASTEEL,126.0,126.3,124.7,124.95,0.238,-1.032,-0.833,1.032,0.238,0.238,11,10,2023,0.1,15.0,-0.2,46.28499999999988,1.572507128882564
291,291,2023-10-12,TATASTEEL,125.35,126.9,125.1,125.9,1.237,-0.199,0.439,1.237,0.199,0.199,12,10,2023,0.1,15.0,-0.2,46.08499999999988,1.569362114624799
292,292,2023-10-13,TATASTEEL,125.0,125.75,124.0,125.05,0.6,-0.8,0.04,0.8,0.6,0.6,13,10,2023,0.1,15.0,-0.2,45.88499999999988,1.5662233903955494
293,293,2023-10-16,TATASTEEL,125.1,127.25,124.95,127.0,1.719,-0.12,1.519,1.719,0.12,0.12,16,10,2023,0.1,15.0,-0.2,45.684999999999874,1.5630909436147582
294,294,2023-10-17,TATASTEEL,127.9,128.55,127.0,127.4,0.508,-0.704,-0.391,0.704,0.508,0.508,17,10,2023,0.1,15.0,-0.2,45.48499999999987,1.5599647617275287
295,295,2023-10-18,TATASTEEL,127.85,128.7,126.6,127.1,0.665,-0.978,-0.587,0.978,0.665,0.665,18,10,2023,0.1,15.0,-0.2,45.28499999999987,1.5568448322040738
296,296,2023-10-19,TATASTEEL,125.5,126.5,124.35,126.0,0.797,-0.916,0.398,0.916,0.797,0.797,19,10,2023,0.1,15.0,-0.2,45.084999999999866,1.5537311425396656
297,297,2023-10-20,TATASTEEL,125.0,125.75,122.7,123.1,0.6,-1.84,-1.52,1.84,0.6,0.6,20,10,2023,0.1,15.0,-0.2,44.88499999999986,1.5506236802545863
298,298,2023-10-23,TATASTEEL,123.35,123.4,119.7,120.0,0.041,-2.959,-2.716,2.959,0.041,0.041,23,10,2023,0.1,15.0,2.616,47.50099999999986,1.5911879957300463
299,299,2023-10-25,TATASTEEL,121.2,122.8,120.75,121.35,1.32,-0.371,0.124,1.32,0.371,0.371,25,10,2023,0.1,15.0,-0.2,47.30099999999986,1.5880056197385863
300,300,2023-10-26,TATASTEEL,120.85,120.9,118.9,119.9,0.041,-1.614,-0.786,1.614,0.041,0.041,26,10,2023,0.1,15.0,0.686,47.98699999999986,1.5988993382899932
301,301,2023-10-27,TATASTEEL,120.5,121.8,119.5,119.9,1.079,-0.83,-0.498,1.079,0.83,0.83,27,10,2023,0.1,15.0,-0.2,47.78699999999986,1.595701539613413
302,302,2023-10-30,TATASTEEL,121.05,121.25,118.95,119.15,0.165,-1.735,-1.57,1.735,0.165,0.165,30,10,2023,0.1,15.0,-0.2,47.586999999999854,1.5925101365341863
303,303,2023-10-31,TATASTEEL,120.0,120.15,118.4,118.75,0.125,-1.333,-1.042,1.333,0.125,0.125,31,10,2023,0.1,15.0,-0.2,47.38699999999985,1.589325116261118
304,304,2023-11-01,TATASTEEL,119.0,119.1,116.0,116.6,0.084,-2.521,-2.017,2.521,0.084,0.084,1,11,2023,0.1,15.0,1.917,49.30399999999985,1.6197924787398434
305,305,2023-11-02,TATASTEEL,114.6,118.55,114.6,118.1,3.447,0.0,3.054,3.447,0.0,0.0,2,11,2023,0.1,15.0,2.954,52.25799999999985,1.6676411485618183
306,306,2023-11-03,TATASTEEL,118.2,118.6,117.1,117.3,0.338,-0.931,-0.761,0.931,0.338,0.338,3,11,2023,0.1,15.0,-0.2,52.05799999999985,1.6643058662646948
307,307,2023-11-06,TATASTEEL,118.5,119.65,117.5,119.4,0.97,-0.844,0.759,0.97,0.844,0.844,6,11,2023,0.1,15.0,-0.2,51.85799999999985,1.6609772545321655
308,308,2023-11-07,TATASTEEL,119.3,120.2,118.4,119.65,0.754,-0.754,0.293,0.754,0.754,0.754,7,11,2023,0.1,15.0,-0.2,51.657999999999845,1.6576553000231011
309,309,2023-11-08,TATASTEEL,119.75,120.5,118.55,119.05,0.626,-1.002,-0.585,1.002,0.626,0.626,8,11,2023,0.1,15.0,-0.2,51.45799999999984,1.6543399894230548
310,310,2023-11-09,TATASTEEL,119.2,120.5,118.85,119.65,1.091,-0.294,0.378,1.091,0.294,0.294,9,11,2023,0.1,15.0,-0.2,51.25799999999984,1.6510313094442086
311,311,2023-11-10,TATASTEEL,119.5,120.45,118.8,120.05,0.795,-0.586,0.46,0.795,0.586,0.586,10,11,2023,0.1,15.0,-0.2,51.057999999999836,1.6477292468253202
312,312,2023-11-12,TATASTEEL,121.6,121.6,120.6,120.85,0.0,-0.822,-0.617,0.822,0.0,0.0,12,11,2023,0.1,15.0,0.517,51.57499999999984,1.656248007031407
313,313,2023-11-13,TATASTEEL,120.85,121.25,119.9,121.0,0.331,-0.786,0.124,0.786,0.331,0.331,13,11,2023,0.1,15.0,-0.2,51.37499999999984,1.652935511017344
314,314,2023-11-15,TATASTEEL,121.7,124.4,121.5,124.05,2.219,-0.164,1.931,2.219,0.164,0.164,15,11,2023,0.1,15.0,-0.2,51.174999999999834,1.6496296399953094
315,315,2023-11-16,TATASTEEL,124.0,125.25,123.0,124.7,1.008,-0.806,0.565,1.008,0.806,0.806,16,11,2023,0.1,15.0,-0.2,50.97499999999983,1.646330380715319
316,316,2023-11-17,TATASTEEL,124.7,125.75,124.3,125.2,0.842,-0.321,0.401,0.842,0.321,0.321,17,11,2023,0.1,15.0,-0.2,50.77499999999983,1.6430377199538884
317,317,2023-11-20,TATASTEEL,125.05,125.65,124.05,124.35,0.48,-0.8,-0.56,0.8,0.48,0.48,20,11,2023,0.1,15.0,-0.2,50.574999999999825,1.6397516445139806
318,318,2023-11-21,TATASTEEL,125.05,126.4,124.95,126.25,1.08,-0.08,0.96,1.08,0.08,0.08,21,11,2023,0.1,15.0,0.86,51.434999999999825,1.6538535086568007
319,319,2023-11-22,TATASTEEL,126.4,126.9,125.5,126.1,0.396,-0.712,-0.237,0.712,0.396,0.396,22,11,2023,0.1,15.0,-0.2,51.23499999999982,1.6505458016394872
320,320,2023-11-23,TATASTEEL,126.35,127.4,125.9,126.7,0.831,-0.356,0.277,0.831,0.356,0.356,23,11,2023,0.1,15.0,-0.2,51.03499999999982,1.6472447100362082
321,321,2023-11-24,TATASTEEL,126.7,127.0,125.55,125.95,0.237,-0.908,-0.592,0.908,0.237,0.237,24,11,2023,0.1,15.0,-0.2,50.834999999999816,1.6439502206161358
322,322,2023-11-28,TATASTEEL,127.0,127.0,126.0,126.85,0.0,-0.787,-0.118,0.787,0.0,0.0,28,11,2023,0.1,15.0,0.0179999999999999,50.85299999999982,1.6442461316558468
323,323,2023-11-29,TATASTEEL,127.15,128.15,126.7,127.75,0.786,-0.354,0.472,0.786,0.354,0.354,29,11,2023,0.1,15.0,-0.2,50.652999999999814,1.6409576393925351
324,324,2023-11-30,TATASTEEL,127.8,128.85,126.5,127.9,0.822,-1.017,0.078,1.017,0.822,0.822,30,11,2023,0.1,15.0,-0.2,50.45299999999981,1.63767572411375
325,325,2023-12-01,TATASTEEL,128.9,130.3,128.05,130.0,1.086,-0.659,0.853,1.086,0.659,0.659,1,12,2023,0.1,15.0,-0.2,50.25299999999981,1.6344003726655225
326,326,2023-12-04,TATASTEEL,132.2,132.35,130.4,131.0,0.113,-1.362,-0.908,1.362,0.113,0.113,4,12,2023,0.1,15.0,-0.2,50.052999999999805,1.6311315719201915
327,327,2023-12-05,TATASTEEL,131.0,132.45,130.0,131.6,1.107,-0.763,0.458,1.107,0.763,0.763,5,12,2023,0.1,15.0,-0.2,49.8529999999998,1.6278693087763512
328,328,2023-12-06,TATASTEEL,132.5,133.4,130.8,131.85,0.679,-1.283,-0.491,1.283,0.679,0.679,6,12,2023,0.1,15.0,-0.2,49.6529999999998,1.6246135701587985
329,329,2023-12-07,TATASTEEL,131.7,132.2,129.8,130.0,0.38,-1.443,-1.291,1.443,0.38,0.38,7,12,2023,0.1,15.0,-0.2,49.4529999999998,1.621364343018481
330,330,2023-12-08,TATASTEEL,130.15,131.4,127.95,129.2,0.96,-1.69,-0.73,1.69,0.96,0.96,8,12,2023,0.1,15.0,-0.2,49.252999999999794,1.618121614332444
331,331,2023-12-11,TATASTEEL,129.85,130.5,128.75,130.05,0.501,-0.847,0.154,0.847,0.501,0.501,11,12,2023,0.1,15.0,-0.2,49.05299999999979,1.6148853711037792
332,332,2023-12-12,TATASTEEL,130.05,132.15,129.7,130.1,1.615,-0.269,0.038,1.615,0.269,0.269,12,12,2023,0.1,15.0,-0.2,48.85299999999979,1.6116556003615716
333,333,2023-12-13,TATASTEEL,130.55,131.5,129.15,131.4,0.728,-1.072,0.651,1.072,0.728,0.728,13,12,2023,0.1,15.0,-0.2,48.652999999999786,1.6084322891608485
334,334,2023-12-14,TATASTEEL,132.3,133.25,131.5,132.0,0.718,-0.605,-0.227,0.718,0.605,0.605,14,12,2023,0.1,15.0,-0.2,48.45299999999978,1.6052154245825268
335,335,2023-12-15,TATASTEEL,133.4,136.75,133.0,136.45,2.511,-0.3,2.286,2.511,0.3,0.3,15,12,2023,0.1,15.0,-0.2,48.25299999999978,1.6020049937333618
336,336,2023-12-18,TATASTEEL,136.85,137.6,135.1,136.6,0.548,-1.279,-0.183,1.279,0.548,0.548,18,12,2023,0.1,15.0,-0.2,48.05299999999978,1.5988009837458952
337,337,2023-12-19,TATASTEEL,136.65,137.6,134.8,135.4,0.695,-1.354,-0.915,1.354,0.695,0.695,19,12,2023,0.1,15.0,-0.2,47.852999999999774,1.5956033817784034
338,338,2023-12-20,TATASTEEL,135.9,136.15,128.75,129.75,0.184,-5.261,-4.525,5.261,0.184,0.184,20,12,2023,0.1,15.0,-0.2,47.65299999999977,1.5924121750148466
339,339,2023-12-21,TATASTEEL,128.7,131.45,127.85,131.0,2.137,-0.66,1.787,2.137,0.66,0.66,21,12,2023,0.1,15.0,-0.2,47.45299999999977,1.589227350664817
340,340,2023-12-22,TATASTEEL,132.4,134.75,131.75,133.55,1.775,-0.491,0.869,1.775,0.491,0.491,22,12,2023,0.1,15.0,-0.2,47.252999999999766,1.5860488959634873
341,341,2023-12-26,TATASTEEL,134.7,136.1,134.45,135.2,1.039,-0.186,0.371,1.039,0.186,0.186,26,12,2023,0.1,15.0,-0.2,47.05299999999976,1.5828767981715604
342,342,2023-12-27,TATASTEEL,135.85,138.9,135.5,137.2,2.245,-0.258,0.994,2.245,0.258,0.258,27,12,2023,0.1,15.0,-0.2,46.85299999999976,1.5797110445752172
343,343,2023-12-28,TATASTEEL,138.15,138.75,136.85,138.15,0.434,-0.941,0.0,0.941,0.434,0.434,28,12,2023,0.1,15.0,-0.2,46.65299999999976,1.5765516224860667
344,344,2023-12-29,TATASTEEL,138.6,141.25,137.15,139.6,1.912,-1.046,0.722,1.912,1.046,1.046,29,12,2023,0.1,15.0,-0.2,46.452999999999754,1.5733985192410946
345,345,2024-01-01,TATASTEEL,140.0,140.95,139.05,139.85,0.679,-0.679,-0.107,0.679,0.679,0.679,1,1,2024,0.1,15.0,-0.2,46.25299999999975,1.5702517222026124
346,346,2024-01-02,TATASTEEL,140.5,140.6,137.05,139.6,0.071,-2.456,-0.641,2.456,0.071,0.071,2,1,2024,0.1,15.0,0.541,46.79399999999975,1.5787467840197285
347,347,2024-01-03,TATASTEEL,139.5,139.6,134.35,135.35,0.072,-3.692,-2.975,3.692,0.072,0.072,3,1,2024,0.1,15.0,2.875,49.66899999999975,1.6241357540602956
348,348,2024-01-04,TATASTEEL,136.0,136.35,134.0,134.25,0.257,-1.471,-1.287,1.471,0.257,0.257,4,1,2024,0.1,15.0,-0.2,49.468999999999745,1.620887482552175
349,349,2024-01-05,TATASTEEL,135.0,135.95,132.85,133.65,0.704,-1.593,-1.0,1.593,0.704,0.704,5,1,2024,0.1,15.0,-0.2,49.26899999999974,1.6176457075870707
350,350,2024-01-08,TATASTEEL,135.3,135.95,131.75,132.0,0.48,-2.624,-2.439,2.624,0.48,0.48,8,1,2024,0.1,15.0,-0.2,49.06899999999974,1.6144104161718966
351,351,2024-01-09,TATASTEEL,133.5,134.8,132.5,133.65,0.974,-0.749,0.112,0.974,0.749,0.749,9,1,2024,0.1,15.0,-0.2,48.86899999999974,1.6111815953395527
352,352,2024-01-10,TATASTEEL,133.8,134.7,132.1,134.1,0.673,-1.271,0.224,1.271,0.673,0.673,10,1,2024,0.1,15.0,-0.2,48.668999999999734,1.6079592321488736
353,353,2024-01-11,TATASTEEL,134.85,135.65,134.2,134.9,0.593,-0.482,0.037,0.593,0.482,0.482,11,1,2024,0.1,15.0,-0.2,48.46899999999973,1.604743313684576
354,354,2024-01-12,TATASTEEL,135.8,136.25,134.65,135.3,0.331,-0.847,-0.368,0.847,0.331,0.331,12,1,2024,0.1,15.0,-0.2,48.26899999999973,1.6015338270572068
355,355,2024-01-15,TATASTEEL,136.0,136.25,133.95,134.9,0.184,-1.507,-0.809,1.507,0.184,0.184,15,1,2024,0.1,15.0,-0.2,48.068999999999726,1.5983307594030924
356,356,2024-01-16,TATASTEEL,134.7,138.5,134.0,137.25,2.821,-0.52,1.893,2.821,0.52,0.52,16,1,2024,0.1,15.0,-0.2,47.86899999999972,1.5951340978842863
357,357,2024-01-17,TATASTEEL,135.45,135.75,131.4,131.65,0.221,-2.99,-2.805,2.99,0.221,0.221,17,1,2024,0.1,15.0,-0.2,47.66899999999972,1.5919438296885178
358,358,2024-01-18,TATASTEEL,131.65,132.25,128.2,131.0,0.456,-2.621,-0.494,2.621,0.456,0.456,18,1,2024,0.1,15.0,-0.2,47.46899999999972,1.5887599420291407
359,359,2024-01-19,TATASTEEL,132.6,134.7,131.6,134.25,1.584,-0.754,1.244,1.584,0.754,0.754,19,1,2024,0.1,15.0,-0.2,47.268999999999714,1.5855824221450825
360,360,2024-01-20,TATASTEEL,134.25,135.2,133.3,133.95,0.708,-0.708,-0.223,0.708,0.708,0.708,20,1,2024,0.1,15.0,-0.2,47.06899999999971,1.5824112573007922
361,361,2024-01-23,TATASTEEL,134.8,135.2,129.3,130.1,0.297,-4.08,-3.487,4.08,0.297,0.297,23,1,2024,0.1,15.0,-0.2,46.86899999999971,1.5792464347861908
362,362,2024-01-24,TATASTEEL,130.2,135.55,130.1,135.15,4.109,-0.077,3.802,4.109,0.077,0.077,24,1,2024,0.1,15.0,3.702,50.57099999999971,1.6377101378019756
363,363,2024-01-25,TATASTEEL,135.15,135.15,135.15,135.15,0.0,0.0,0.0,0.0,0.0,0.0,25,1,2024,0.1,15.0,-0.1,50.470999999999705,1.6360724276641736
364,364,2024-01-25,TATASTEEL,136.5,136.5,132.0,133.75,0.0,-3.297,-2.015,3.297,0.0,0.0,25,1,2024,0.1,15.0,1.915,52.385999999999704,1.6674032146539426
365,365,2024-01-29,TATASTEEL,134.7,135.4,133.5,135.0,0.52,-0.891,0.223,0.891,0.52,0.52,29,1,2024,0.1,15.0,-0.2,52.1859999999997,1.6640684082246346
366,366,2024-01-30,TATASTEEL,135.6,137.7,134.5,134.7,1.549,-0.811,-0.664,1.549,0.811,0.811,30,1,2024,0.1,15.0,-0.2,51.9859999999997,1.6607402714081854
367,367,2024-01-31,TATASTEEL,135.0,136.7,134.5,135.95,1.259,-0.37,0.704,1.259,0.37,0.37,31,1,2024,0.1,15.0,-0.2,51.785999999999696,1.657418790865369
368,368,2024-02-01,TATASTEEL,136.4,136.75,134.5,134.8,0.257,-1.393,-1.173,1.393,0.257,0.257,1,2,2024,0.1,15.0,-0.2,51.58599999999969,1.6541039532836384
369,369,2024-02-02,TATASTEEL,135.3,139.6,134.8,138.7,3.178,-0.37,2.513,3.178,0.37,0.37,2,2,2024,0.1,15.0,-0.2,51.38599999999969,1.650795745377071
370,370,2024-02-05,TATASTEEL,140.0,143.35,139.35,141.55,2.393,-0.464,1.107,2.393,0.464,0.464,5,2,2024,0.1,15.0,-0.2,51.18599999999969,1.6474941538863168
371,371,2024-02-06,TATASTEEL,143.0,145.1,140.45,144.65,1.469,-1.783,1.154,1.783,1.469,1.469,6,2,2024,0.1,15.0,-0.2,50.985999999999684,1.6441991655785442
372,372,2024-02-07,TATASTEEL,146.85,147.4,144.05,144.4,0.375,-1.907,-1.668,1.907,0.375,0.375,7,2,2024,0.1,15.0,-0.2,50.78599999999968,1.640910767247387
373,373,2024-02-08,TATASTEEL,145.3,145.65,143.05,143.65,0.241,-1.549,-1.136,1.549,0.241,0.241,8,2,2024,0.1,15.0,-0.2,50.58599999999968,1.6376289457128923
374,374,2024-02-09,TATASTEEL,144.2,144.45,139.15,141.3,0.173,-3.502,-2.011,3.502,0.173,0.173,9,2,2024,0.1,15.0,-0.2,50.385999999999676,1.6343536878214666
375,375,2024-02-12,TATASTEEL,142.0,142.95,136.65,137.4,0.669,-3.768,-3.239,3.768,0.669,0.669,12,2,2024,0.1,15.0,-0.2,50.18599999999967,1.6310849804458236
376,376,2024-02-13,TATASTEEL,137.75,138.25,134.1,137.85,0.363,-2.65,0.073,2.65,0.363,0.363,13,2,2024,0.1,15.0,-0.2,49.98599999999967,1.627822810484932
377,377,2024-02-14,TATASTEEL,137.0,141.5,135.75,141.2,3.285,-0.912,3.066,3.285,0.912,0.912,14,2,2024,0.1,15.0,-0.2,49.78599999999967,1.6245671648639621
378,378,2024-02-15,TATASTEEL,141.5,143.45,141.0,141.2,1.378,-0.353,-0.212,1.378,0.353,0.353,15,2,2024,0.1,15.0,-0.2,49.585999999999665,1.6213180305342343
379,379,2024-02-16,TATASTEEL,142.05,143.45,141.5,142.3,0.986,-0.387,0.176,0.986,0.387,0.387,16,2,2024,0.1,15.0,-0.2,49.38599999999966,1.6180753944731658
380,380,2024-02-19,TATASTEEL,142.95,143.35,141.35,141.95,0.28,-1.119,-0.7,1.119,0.28,0.28,19,2,2024,0.1,15.0,-0.2,49.18599999999966,1.6148392436842196
381,381,2024-02-20,TATASTEEL,141.95,142.25,140.05,141.05,0.211,-1.338,-0.634,1.338,0.211,0.211,20,2,2024,0.1,15.0,-0.2,48.985999999999656,1.6116095651968512
382,382,2024-02-21,TATASTEEL,141.55,146.2,141.45,143.9,3.285,-0.071,1.66,3.285,0.071,0.071,21,2,2024,0.1,15.0,1.5599999999999998,50.54599999999966,1.6367506744139222
383,383,2024-02-22,TATASTEEL,145.0,146.15,143.5,145.9,0.793,-1.034,0.621,1.034,0.793,0.793,22,2,2024,0.1,15.0,-0.2,50.345999999999655,1.6334771730650943
384,384,2024-02-23,TATASTEEL,146.4,147.1,145.0,145.45,0.478,-0.956,-0.649,0.956,0.478,0.478,23,2,2024,0.1,15.0,-0.2,50.14599999999965,1.6302102187189642
385,385,2024-02-26,TATASTEEL,145.85,145.95,142.25,142.65,0.069,-2.468,-2.194,2.468,0.069,0.069,26,2,2024,0.1,15.0,2.094,52.239999999999654,1.6643468206989394
386,386,2024-02-27,TATASTEEL,142.65,144.5,142.0,144.2,1.297,-0.456,1.087,1.297,0.456,0.456,27,2,2024,0.1,15.0,-0.2,52.03999999999965,1.6610181270575415
387,387,2024-02-28,TATASTEEL,144.05,144.95,140.05,140.75,0.625,-2.777,-2.291,2.777,0.625,0.625,28,2,2024,0.1,15.0,-0.2,51.83999999999965,1.6576960908034264
388,388,2024-02-29,TATASTEEL,140.8,141.85,139.4,140.85,0.746,-0.994,0.036,0.994,0.746,0.746,29,2,2024,0.1,15.0,-0.2,51.639999999999645,1.6543806986218195
389,389,2024-03-01,TATASTEEL,143.0,150.65,143.0,149.95,5.35,0.0,4.86,5.35,0.0,0.0,1,3,2024,0.1,15.0,4.760000000000001,56.39999999999964,1.7331292198762183
390,390,2024-03-02,TATASTEEL,152.0,156.2,151.0,155.25,2.763,-0.658,2.138,2.763,0.658,0.658,2,3,2024,0.1,15.0,-0.2,56.19999999999964,1.7296629614364658
391,391,2024-03-04,TATASTEEL,154.9,154.9,151.05,153.1,0.0,-2.485,-1.162,2.485,0.0,0.0,4,3,2024,0.1,15.0,1.0619999999999998,57.26199999999964,1.7480319820869212
392,392,2024-03-05,TATASTEEL,153.2,154.0,150.75,151.85,0.522,-1.599,-0.881,1.599,0.522,0.522,5,3,2024,0.1,15.0,-0.2,57.061999999999635,1.7445359181227473
393,393,2024-03-06,TATASTEEL,151.8,152.65,147.9,151.6,0.56,-2.569,-0.132,2.569,0.56,0.56,6,3,2024,0.1,15.0,-0.2,56.86199999999963,1.7410468462865019
394,394,2024-03-07,TATASTEEL,152.4,159.15,152.25,157.25,4.429,-0.098,3.182,4.429,0.098,0.098,7,3,2024,0.1,15.0,3.082,59.94399999999963,1.794705910089052
395,395,2024-03-11,TATASTEEL,158.9,158.9,153.0,153.45,0.0,-3.713,-3.43,3.713,0.0,0.0,11,3,2024,0.1,15.0,3.33,63.27399999999963,1.8544696168950174
396,396,2024-03-12,TATASTEEL,154.2,154.55,150.9,152.5,0.227,-2.14,-1.102,2.14,0.227,0.227,12,3,2024,0.1,15.0,-0.2,63.07399999999963,1.8507606776612273
397,397,2024-03-13,TATASTEEL,152.8,152.9,142.5,143.65,0.065,-6.741,-5.988,6.741,0.065,0.065,13,3,2024,0.1,15.0,5.888000000000001,68.96199999999963,1.9597334663619204
398,398,2024-03-14,TATASTEEL,143.6,143.95,138.35,142.45,0.244,-3.656,-0.801,3.656,0.244,0.244,14,3,2024,0.1,15.0,-0.2,68.76199999999963,1.9558139994291965
399,399,2024-03-15,TATASTEEL,142.9,143.7,139.85,141.7,0.56,-2.134,-0.84,2.134,0.56,0.56,15,3,2024,0.1,15.0,-0.2,68.56199999999963,1.951902371430338
400,400,2024-03-18,TATASTEEL,142.55,150.25,142.2,149.7,5.402,-0.246,5.016,5.402,0.246,0.246,18,3,2024,0.1,15.0,-0.2,68.36199999999963,1.9479985666874773
401,401,2024-03-19,TATASTEEL,149.0,152.45,147.6,148.75,2.315,-0.94,-0.168,2.315,0.94,0.94,19,3,2024,0.1,15.0,-0.2,68.16199999999962,1.9441025695541023
402,402,2024-03-20,TATASTEEL,149.6,150.65,143.85,145.65,0.702,-3.844,-2.64,3.844,0.702,0.702,20,3,2024,0.1,15.0,-0.2,67.96199999999962,1.940214364414994
403,403,2024-03-21,TATASTEEL,148.0,151.2,147.8,150.1,2.162,-0.135,1.419,2.162,0.135,0.135,21,3,2024,0.1,15.0,-0.2,67.76199999999962,1.936333935686164
404,404,2024-03-22,TATASTEEL,149.0,152.75,148.35,151.8,2.517,-0.436,1.879,2.517,0.436,0.436,22,3,2024,0.1,15.0,-0.2,67.56199999999961,1.9324612678147917
405,405,2024-03-26,TATASTEEL,151.15,153.4,150.5,152.4,1.489,-0.43,0.827,1.489,0.43,0.43,26,3,2024,0.1,15.0,-0.2,67.36199999999961,1.9285963452791621
406,406,2024-03-27,TATASTEEL,152.45,154.1,152.0,152.7,1.082,-0.295,0.164,1.082,0.295,0.295,27,3,2024,0.1,15.0,-0.2,67.16199999999961,1.9247391525886037
407,407,2024-03-28,TATASTEEL,152.7,157.0,152.7,155.85,2.816,0.0,2.063,2.816,0.0,0.0,28,3,2024,0.1,15.0,1.963,69.1249999999996,1.962521782153918
408,408,2024-04-01,TATASTEEL,156.8,163.9,156.5,163.15,4.528,-0.191,4.05,4.528,0.191,0.191,1,4,2024,0.1,15.0,-0.2,68.9249999999996,1.9585967385896101
409,409,2024-04-02,TATASTEEL,162.95,165.5,161.8,164.65,1.565,-0.706,1.043,1.565,0.706,0.706,2,4,2024,0.1,15.0,-0.2,68.7249999999996,1.954679545112431
410,410,2024-04-03,TATASTEEL,164.65,166.25,163.1,163.65,0.972,-0.941,-0.607,0.972,0.941,0.941,3,4,2024,0.1,15.0,-0.2,68.5249999999996,1.9507701860222062
411,411,2024-04-04,TATASTEEL,165.55,165.95,161.0,163.4,0.242,-2.748,-1.299,2.748,0.242,0.242,4,4,2024,0.1,15.0,-0.2,68.32499999999959,1.9468686456501618
412,412,2024-04-05,TATASTEEL,163.9,164.15,160.8,163.35,0.153,-1.891,-0.336,1.891,0.153,0.153,5,4,2024,0.1,15.0,-0.2,68.12499999999959,1.9429749083588614
413,413,2024-04-08,TATASTEEL,166.95,166.95,164.2,165.2,0.0,-1.647,-1.048,1.647,0.0,0.0,8,4,2024,0.1,15.0,0.948,69.07299999999958,1.9613943104901033
414,414,2024-04-09,TATASTEEL,166.0,169.8,165.2,166.0,2.289,-0.482,0.0,2.289,0.482,0.482,9,4,2024,0.1,15.0,-0.2,68.87299999999958,1.957471521869123
415,415,2024-04-10,TATASTEEL,167.3,169.2,164.5,165.05,1.136,-1.674,-1.345,1.674,1.136,1.136,10,4,2024,0.1,15.0,-0.2,68.67299999999958,1.9535565788253848
416,416,2024-04-12,TATASTEEL,166.0,166.0,163.0,163.5,0.0,-1.807,-1.506,1.807,0.0,0.0,12,4,2024,0.1,15.0,1.406,70.07899999999958,1.9810235843236697
417,417,2024-04-15,TATASTEEL,161.8,164.7,158.6,160.85,1.792,-1.978,-0.587,1.978,1.792,1.792,15,4,2024,0.1,15.0,-0.2,69.87899999999958,1.9770615371550222
418,418,2024-04-16,TATASTEEL,160.85,162.45,159.0,160.05,0.995,-1.15,-0.497,1.15,0.995,0.995,16,4,2024,0.1,15.0,-0.2,69.67899999999958,1.973107414080712
419,419,2024-04-18,TATASTEEL,160.9,164.0,159.15,160.05,1.927,-1.088,-0.528,1.927,1.088,1.088,18,4,2024,0.1,15.0,-0.2,69.47899999999957,1.9691611992525506
420,420,2024-04-19,TATASTEEL,160.0,162.5,157.3,162.1,1.562,-1.687,1.312,1.687,1.562,1.562,19,4,2024,0.1,15.0,-0.2,69.27899999999957,1.9652228768540456
421,421,2024-04-22,TATASTEEL,163.8,164.7,161.5,161.85,0.549,-1.404,-1.19,1.404,0.549,0.549,22,4,2024,0.1,15.0,-0.2,69.07899999999957,1.9612924311003375
422,422,2024-04-23,TATASTEEL,163.5,163.5,160.8,161.15,0.0,-1.651,-1.437,1.651,0.0,0.0,23,4,2024,0.1,15.0,1.337,70.41599999999957,1.9875149109041492
423,423,2024-04-24,TATASTEEL,162.45,166.9,161.45,165.55,2.739,-0.616,1.908,2.739,0.616,0.616,24,4,2024,0.1,15.0,-0.2,70.21599999999957,1.983539881082341
424,424,2024-04-25,TATASTEEL,165.4,168.0,164.15,167.7,1.572,-0.756,1.391,1.572,0.756,0.756,25,4,2024,0.1,15.0,-0.2,70.01599999999956,1.9795728013201763
425,425,2024-04-26,TATASTEEL,168.0,170.7,165.25,165.8,1.607,-1.637,-1.31,1.637,1.607,1.607,26,4,2024,0.1,15.0,-0.2,69.81599999999956,1.9756136557175359
426,426,2024-04-29,TATASTEEL,168.2,169.6,166.9,167.4,0.832,-0.773,-0.476,0.832,0.773,0.773,29,4,2024,0.1,15.0,-0.2,69.61599999999956,1.9716624284061008
427,427,2024-04-30,TATASTEEL,168.4,168.4,164.5,165.0,0.0,-2.316,-2.019,2.316,0.0,0.0,30,4,2024,0.1,15.0,1.919,71.53499999999956,2.009498630407214
428,428,2024-05-02,TATASTEEL,165.0,168.9,165.0,167.35,2.364,0.0,1.424,2.364,0.0,0.0,2,5,2024,0.1,15.0,1.3239999999999998,72.85899999999955,2.0361043922738054
429,429,2024-05-03,TATASTEEL,168.95,170.75,165.15,166.5,1.065,-2.249,-1.45,2.249,1.065,1.065,3,5,2024,0.1,15.0,-0.2,72.65899999999955,2.0320321834892576
430,430,2024-05-06,TATASTEEL,167.95,168.65,164.7,167.6,0.417,-1.935,-0.208,1.935,0.417,0.417,6,5,2024,0.1,15.0,-0.2,72.45899999999955,2.027968119122279
431,431,2024-05-07,TATASTEEL,167.95,167.95,162.3,164.25,0.0,-3.364,-2.203,3.364,0.0,0.0,7,5,2024,0.1,15.0,2.103,74.56199999999954,2.070616288667421
432,432,2024-05-08,TATASTEEL,164.2,167.1,163.5,166.05,1.766,-0.426,1.127,1.766,0.426,0.426,8,5,2024,0.1,15.0,-0.2,74.36199999999954,2.066475056090086
433,433,2024-05-09,TATASTEEL,165.95,166.7,161.5,161.9,0.452,-2.682,-2.44,2.682,0.452,0.452,9,5,2024,0.1,15.0,-0.2,74.16199999999954,2.0623421059779057
434,434,2024-05-10,TATASTEEL,163.2,164.35,161.85,162.25,0.705,-0.827,-0.582,0.827,0.705,0.705,10,5,2024,0.1,15.0,-0.2,73.96199999999953,2.0582174217659497
435,435,2024-05-13,TATASTEEL,162.45,164.5,158.05,163.85,1.262,-2.709,0.862,2.709,1.262,1.262,13,5,2024,0.1,15.0,-0.2,73.76199999999953,2.0541009869224176
436,436,2024-05-14,TATASTEEL,164.1,166.55,163.5,164.95,1.493,-0.366,0.518,1.493,0.366,0.366,14,5,2024,0.1,15.0,-0.2,73.56199999999953,2.049992784948573
437,437,2024-05-15,TATASTEEL,164.95,167.55,164.95,165.6,1.576,0.0,0.394,1.576,0.0,0.0,15,5,2024,0.1,15.0,0.294,73.85599999999953,2.0560197637363213
438,438,2024-05-16,TATASTEEL,167.25,168.0,162.3,165.9,0.448,-2.96,-0.807,2.96,0.448,0.448,16,5,2024,0.1,15.0,-0.2,73.65599999999952,2.051907724208849
439,439,2024-05-17,TATASTEEL,166.6,168.45,165.45,167.35,1.11,-0.69,0.45,1.11,0.69,0.69,17,5,2024,0.1,15.0,-0.2,73.45599999999952,2.047803908760431
440,440,2024-05-18,TATASTEEL,168.0,168.3,167.3,167.9,0.179,-0.417,-0.06,0.417,0.179,0.179,18,5,2024,0.1,15.0,-0.2,73.25599999999952,2.0437083009429102
441,441,2024-05-21,TATASTEEL,168.5,175.2,167.95,174.35,3.976,-0.326,3.472,3.976,0.326,0.326,21,5,2024,0.1,15.0,-0.2,73.05599999999951,2.0396208843410246
442,442,2024-05-22,TATASTEEL,175.45,175.5,171.5,173.3,0.028,-2.251,-1.225,2.251,0.028,0.028,22,5,2024,0.1,15.0,1.125,74.18099999999951,2.062566619289861
443,443,2024-05-23,TATASTEEL,173.05,175.8,170.5,175.5,1.589,-1.474,1.416,1.589,1.474,1.474,23,5,2024,0.1,15.0,-0.2,73.98099999999951,2.058441486051281
444,444,2024-05-24,TATASTEEL,174.95,177.55,174.15,174.85,1.486,-0.457,-0.057,1.486,0.457,0.457,24,5,2024,0.1,15.0,-0.2,73.78099999999951,2.0543246030791784
445,445,2024-05-27,TATASTEEL,177.7,177.7,174.85,175.5,0.0,-1.604,-1.238,1.604,0.0,0.0,27,5,2024,0.1,15.0,1.138,74.91899999999951,2.077702817062219
446,446,2024-05-28,TATASTEEL,175.9,177.5,173.45,174.9,0.91,-1.393,-0.569,1.393,0.91,0.91,28,5,2024,0.1,15.0,-0.2,74.71899999999951,2.0735474114280947
447,447,2024-05-29,TATASTEEL,174.75,176.0,173.5,174.25,0.715,-0.715,-0.286,0.715,0.715,0.715,29,5,2024,0.1,15.0,-0.2,74.51899999999951,2.0694003166052384
448,448,2024-05-30,TATASTEEL,172.0,172.0,163.35,164.15,0.0,-5.029,-4.564,5.029,0.0,0.0,30,5,2024,0.1,15.0,4.464,78.9829999999995,2.161778346738496
449,449,2024-05-31,TATASTEEL,166.05,167.95,164.0,167.2,1.144,-1.235,0.693,1.235,1.144,1.144,31,5,2024,0.1,15.0,-0.2,78.7829999999995,2.157454790045019
450,450,2024-06-03,TATASTEEL,173.25,175.0,168.85,174.25,1.01,-2.54,0.577,2.54,1.01,1.01,3,6,2024,0.1,15.0,-0.2,78.5829999999995,2.1531398804649293
451,451,2024-06-04,TATASTEEL,174.5,174.65,148.15,158.95,0.086,-15.1,-8.911,15.1,0.086,0.086,4,6,2024,0.1,15.0,14.9,93.4829999999995,2.473957722654204
452,452,2024-06-05,TATASTEEL,162.15,169.6,159.0,169.2,4.595,-1.943,4.348,4.595,1.943,1.943,5,6,2024,0.1,15.0,-0.2,93.2829999999995,2.4690098072088955
453,453,2024-06-06,TATASTEEL,170.0,174.7,169.4,172.05,2.765,-0.353,1.206,2.765,0.353,0.353,6,6,2024,0.1,15.0,-0.2,93.0829999999995,2.4640717875944778
454,454,2024-06-07,TATASTEEL,172.0,179.65,170.8,178.9,4.448,-0.698,4.012,4.448,0.698,0.698,7,6,2024,0.1,15.0,-0.2,92.8829999999995,2.4591436440192886
455,455,2024-06-10,TATASTEEL,180.21,182.1,177.36,180.29,1.049,-1.581,0.044,1.581,1.049,1.049,10,6,2024,0.1,15.0,-0.2,92.6829999999995,2.45422535673125
456,456,2024-06-11,TATASTEEL,180.5,183.75,180.5,181.33,1.801,0.0,0.46,1.801,0.0,0.0,11,6,2024,0.1,15.0,0.36,93.0429999999995,2.4630605680154827
457,457,2024-06-12,TATASTEEL,182.25,183.87,181.5,182.23,0.889,-0.412,-0.011,0.889,0.412,0.412,12,6,2024,0.1,15.0,-0.2,92.84299999999949,2.458134446879452
458,458,2024-06-13,TATASTEEL,183.4,184.1,180.51,182.56,0.382,-1.576,-0.458,1.576,0.382,0.382,13,6,2024,0.1,15.0,-0.2,92.64299999999949,2.453218177985693
459,459,2024-06-14,TATASTEEL,182.95,183.5,181.4,183.15,0.301,-0.847,0.109,0.847,0.301,0.301,14,6,2024,0.1,15.0,-0.2,92.44299999999949,2.4483117416297215
460,460,2024-06-18,TATASTEEL,183.8,184.6,180.6,181.12,0.435,-1.741,-1.458,1.741,0.435,0.435,18,6,2024,0.1,15.0,-0.2,92.24299999999948,2.4434151181464623
461,461,2024-06-19,TATASTEEL,182.45,182.49,179.31,180.02,0.022,-1.721,-1.332,1.721,0.022,0.022,19,6,2024,0.1,15.0,1.232,93.47499999999948,2.473517992402027
462,462,2024-06-20,TATASTEEL,181.6,182.95,179.37,182.28,0.743,-1.228,0.374,1.228,0.743,0.743,20,6,2024,0.1,15.0,-0.2,93.27499999999948,2.468570956417223
463,463,2024-06-21,TATASTEEL,179.4,180.9,178.18,179.94,0.836,-0.68,0.301,0.836,0.68,0.68,21,6,2024,0.1,15.0,-0.2,93.07499999999948,2.4636338145043886
464,464,2024-06-24,TATASTEEL,177.44,178.95,175.1,177.96,0.851,-1.319,0.293,1.319,0.851,0.851,24,6,2024,0.1,15.0,-0.2,92.87499999999947,2.45870654687538
465,465,2024-06-25,TATASTEEL,177.99,179.0,175.25,175.68,0.567,-1.539,-1.298,1.539,0.567,0.567,25,6,2024,0.1,15.0,-0.2,92.67499999999947,2.4537891337816293
466,466,2024-06-26,TATASTEEL,175.68,176.0,171.84,172.56,0.182,-2.186,-1.776,2.186,0.182,0.182,26,6,2024,0.1,15.0,-0.2,92.47499999999947,2.448881555514066
467,467,2024-06-27,TATASTEEL,172.56,174.95,171.8,174.16,1.385,-0.44,0.927,1.385,0.44,0.44,27,6,2024,0.1,15.0,-0.2,92.27499999999947,2.4439837924030376
468,468,2024-06-28,TATASTEEL,174.17,177.1,173.57,174.01,1.682,-0.344,-0.092,1.682,0.344,0.344,28,6,2024,0.1,15.0,-0.2,92.07499999999946,2.4390958248182315
469,469,2024-07-01,TATASTEEL,174.5,175.99,173.51,174.07,0.854,-0.567,-0.246,0.854,0.567,0.567,1,7,2024,0.1,15.0,-0.2,91.87499999999946,2.434217633168595
470,470,2024-07-02,TATASTEEL,174.47,175.75,173.6,174.54,0.734,-0.499,0.04,0.734,0.499,0.499,2,7,2024,0.1,15.0,-0.2,91.67499999999946,2.429349197902258
471,471,2024-07-03,TATASTEEL,174.54,176.88,174.4,176.37,1.341,-0.08,1.048,1.341,0.08,0.08,3,7,2024,0.1,15.0,0.948,92.62299999999945,2.452379428298371
472,472,2024-07-04,TATASTEEL,177.0,178.19,175.82,176.29,0.672,-0.667,-0.401,0.672,0.667,0.667,4,7,2024,0.1,15.0,-0.2,92.42299999999945,2.447474669441774
473,473,2024-07-05,TATASTEEL,176.2,176.2,173.4,174.71,0.0,-1.589,-0.846,1.589,0.0,0.0,5,7,2024,0.1,15.0,0.746,93.16899999999944,2.46573283047581
474,474,2024-07-08,TATASTEEL,174.6,175.47,172.09,172.28,0.498,-1.438,-1.329,1.438,0.498,0.498,8,7,2024,0.1,15.0,-0.2,92.96899999999944,2.4608013648148583
475,475,2024-07-09,TATASTEEL,173.6,173.7,171.51,171.8,0.058,-1.204,-1.037,1.204,0.058,0.058,9,7,2024,0.1,15.0,0.937,93.90599999999944,2.4838590736031736
476,476,2024-07-10,TATASTEEL,172.5,172.89,167.02,167.98,0.226,-3.177,-2.62,3.177,0.226,0.226,10,7,2024,0.1,15.0,-0.2,93.70599999999943,2.4788913554559673
477,477,2024-07-11,TATASTEEL,170.0,170.95,168.67,168.92,0.559,-0.782,-0.635,0.782,0.559,0.559,11,7,2024,0.1,15.0,-0.2,93.50599999999943,2.4739335727450555
478,478,2024-07-12,TATASTEEL,170.2,170.39,168.01,168.69,0.112,-1.287,-0.887,1.287,0.112,0.112,12,7,2024,0.1,15.0,-0.2,93.30599999999943,2.4689857055995654
479,479,2024-07-15,TATASTEEL,168.69,168.99,165.8,166.76,0.178,-1.713,-1.144,1.713,0.178,0.178,15,7,2024,0.1,15.0,-0.2,93.10599999999943,2.4640477341883664
480,480,2024-07-16,TATASTEEL,167.8,169.82,166.7,167.07,1.204,-0.656,-0.435,1.204,0.656,0.656,16,7,2024,0.1,15.0,-0.2,92.90599999999942,2.4591196387199896
481,481,2024-07-18,TATASTEEL,167.61,167.61,164.44,166.36,0.0,-1.891,-0.746,1.891,0.0,0.0,18,7,2024,0.1,15.0,0.646,93.55199999999942,2.4750055515861207
482,482,2024-07-19,TATASTEEL,166.0,166.09,157.2,157.77,0.054,-5.301,-4.958,5.301,0.054,0.054,19,7,2024,0.1,15.0,4.8580000000000005,98.40999999999943,2.5952413212821748
483,483,2024-07-22,TATASTEEL,158.4,160.7,156.41,160.32,1.452,-1.256,1.212,1.452,1.256,1.256,22,7,2024,0.1,15.0,-0.2,98.20999999999943,2.5900508386396104
484,484,2024-07-23,TATASTEEL,161.6,161.97,155.0,160.02,0.229,-4.084,-0.978,4.084,0.229,0.229,23,7,2024,0.1,15.0,-0.2,98.00999999999942,2.584870736962331
485,485,2024-07-24,TATASTEEL,160.02,162.02,159.19,160.31,1.25,-0.519,0.181,1.25,0.519,0.519,24,7,2024,0.1,15.0,-0.2,97.80999999999942,2.5797009954884067
486,486,2024-07-25,TATASTEEL,158.5,158.5,156.9,157.39,0.0,-1.009,-0.7,1.009,0.0,0.0,25,7,2024,0.1,15.0,0.6,98.40999999999941,2.5951792014613373
487,487,2024-07-26,TATASTEEL,158.75,162.95,158.21,162.55,2.646,-0.34,2.394,2.646,0.34,0.34,26,7,2024,0.1,15.0,-0.2,98.20999999999941,2.5899888430584146
488,488,2024-07-29,TATASTEEL,164.7,164.7,162.33,162.87,0.0,-1.439,-1.111,1.439,0.0,0.0,29,7,2024,0.1,15.0,1.011,99.2209999999994,2.616173630261735
489,489,2024-07-30,TATASTEEL,162.9,165.3,161.31,164.07,1.473,-0.976,0.718,1.473,0.976,0.976,30,7,2024,0.1,15.0,-0.2,99.0209999999994,2.6109412830012118
490,490,2024-07-31,TATASTEEL,166.29,166.5,163.55,165.33,0.126,-1.648,-0.577,1.648,0.126,0.126,31,7,2024,0.1,15.0,-0.2,98.8209999999994,2.605719400435209
491,491,2024-08-01,TATASTEEL,168.2,168.95,160.9,163.06,0.446,-4.34,-3.056,4.34,0.446,0.446,1,8,2024,0.1,15.0,-0.2,98.6209999999994,2.6005079616343387
492,492,2024-08-02,TATASTEEL,161.0,161.19,154.72,158.22,0.118,-3.901,-1.727,3.901,0.118,0.118,2,8,2024,0.1,15.0,-0.2,98.4209999999994,2.5953069457110702
493,493,2024-08-05,TATASTEEL,153.66,154.0,149.0,149.82,0.221,-3.033,-2.499,3.033,0.221,0.221,5,8,2024,0.1,15.0,-0.2,98.22099999999939,2.5901163318196483
494,494,2024-08-06,TATASTEEL,151.21,153.8,149.61,150.32,1.713,-1.058,-0.589,1.713,1.058,1.058,6,8,2024,0.1,15.0,-0.2,98.02099999999939,2.584936099156009
495,495,2024-08-07,TATASTEEL,153.7,154.3,151.9,153.86,0.39,-1.171,0.104,1.171,0.39,0.39,7,8,2024,0.1,15.0,-0.2,97.82099999999939,2.579766226957697
496,496,2024-08-08,TATASTEEL,153.4,153.44,150.0,150.28,0.026,-2.216,-2.034,2.216,0.026,0.026,8,8,2024,0.1,15.0,1.934,99.75499999999938,2.6296589057870583
497,497,2024-08-09,TATASTEEL,153.0,153.0,151.25,151.81,0.0,-1.144,-0.778,1.144,0.0,0.0,9,8,2024,0.1,15.0,0.678,100.43299999999938,2.6474879931682946
498,498,2024-08-12,TATASTEEL,151.0,153.4,149.88,152.06,1.589,-0.742,0.702,1.589,0.742,0.742,12,8,2024,0.1,15.0,-0.2,100.23299999999938,2.642193017181958
499,499,2024-08-13,TATASTEEL,152.1,152.95,148.5,148.88,0.559,-2.367,-2.117,2.367,0.559,0.559,13,8,2024,0.1,15.0,-0.2,100.03299999999938,2.6369086311475938
500,500,2024-08-14,TATASTEEL,149.9,149.9,142.35,146.17,0.0,-5.037,-2.488,5.037,0.0,0.0,14,8,2024,0.1,15.0,2.388,102.42099999999938,2.699878009259398
