Date,Symbol,OpenPrice,HighPrice,LowPrice,ClosePrice,High%,Low%,Close%,target_wrt_h&l%,stoploss_wrt_h&l%,profit_decider,Day,Month,Year,stploss,trgt,profit
2022-08-16,WIPRO,438.5,439.8,436.6,437.1,0.296,-0.433,-0.319,0.433,0.296,0.296,16,8,2022,0.01,4.0,-0.02
2022-08-17,WIPRO,437.25,444.9,436.65,443.05,1.75,-0.137,1.326,1.75,0.137,0.137,17,8,2022,0.01,4.0,-0.02
2022-08-18,WIPRO,441.75,441.75,434.05,435.05,0.0,-1.743,-1.517,1.743,0.0,0.0,18,8,2022,0.01,4.0,1.507
2022-08-19,WIPRO,438.95,442.5,431.0,432.45,0.809,-1.811,-1.481,1.811,0.809,0.809,19,8,2022,0.01,4.0,-0.02
2022-08-22,WIPRO,430.9,430.9,419.05,420.0,0.0,-2.75,-2.53,2.75,0.0,0.0,22,8,2022,0.01,4.0,2.52
2022-08-23,WIPRO,415.0,418.5,410.0,416.65,0.843,-1.205,0.398,1.205,0.843,0.843,23,8,2022,0.01,4.0,-0.02
2022-08-24,WIPRO,417.8,419.5,414.35,416.15,0.407,-0.826,-0.395,0.826,0.407,0.407,24,8,2022,0.01,4.0,-0.02
2022-08-25,WIPRO,419.3,420.1,414.95,415.2,0.191,-1.037,-0.978,1.037,0.191,0.191,25,8,2022,0.01,4.0,-0.02
2022-08-26,WIPRO,418.5,422.5,416.3,417.25,0.956,-0.526,-0.299,0.956,0.526,0.526,26,8,2022,0.01,4.0,-0.02
2022-08-29,WIPRO,405.0,406.35,399.0,404.35,0.333,-1.481,-0.16,1.481,0.333,0.333,29,8,2022,0.01,4.0,-0.02
2022-08-30,WIPRO,409.15,415.95,406.25,413.55,1.662,-0.709,1.075,1.662,0.709,0.709,30,8,2022,0.01,4.0,-0.02
2022-09-01,WIPRO,409.9,411.65,404.85,410.45,0.427,-1.232,0.134,1.232,0.427,0.427,1,9,2022,0.01,4.0,-0.02
2022-09-02,WIPRO,412.55,412.75,407.1,407.7,0.048,-1.321,-1.176,1.321,0.048,0.048,2,9,2022,0.01,4.0,-0.02
2022-09-05,WIPRO,407.0,408.0,404.0,405.5,0.246,-0.737,-0.369,0.737,0.246,0.246,5,9,2022,0.01,4.0,-0.02
2022-09-06,WIPRO,407.0,407.35,401.25,404.45,0.086,-1.413,-0.627,1.413,0.086,0.086,6,9,2022,0.01,4.0,-0.02
2022-09-07,WIPRO,402.1,408.85,401.0,407.45,1.679,-0.274,1.331,1.679,0.274,0.274,7,9,2022,0.01,4.0,-0.02
2022-09-08,WIPRO,410.0,414.35,409.6,412.8,1.061,-0.098,0.683,1.061,0.098,0.098,8,9,2022,0.01,4.0,-0.02
2022-09-09,WIPRO,417.0,419.45,411.35,417.15,0.588,-1.355,0.036,1.355,0.588,0.588,9,9,2022,0.01,4.0,-0.02
2022-09-12,WIPRO,419.85,424.4,418.05,422.0,1.084,-0.429,0.512,1.084,0.429,0.429,12,9,2022,0.01,4.0,-0.02
2022-09-13,WIPRO,424.9,426.0,421.5,422.65,0.259,-0.8,-0.53,0.8,0.259,0.259,13,9,2022,0.01,4.0,-0.02
2022-09-14,WIPRO,409.0,422.7,409.0,416.3,3.35,0.0,1.785,3.35,0.0,0.0,14,9,2022,0.01,4.0,1.775
2022-09-15,WIPRO,419.7,420.9,413.25,415.05,0.286,-1.537,-1.108,1.537,0.286,0.286,15,9,2022,0.01,4.0,-0.02
2022-09-16,WIPRO,412.75,412.75,400.2,401.65,0.0,-3.041,-2.689,3.041,0.0,0.0,16,9,2022,0.01,4.0,2.6790000000000003
2022-09-19,WIPRO,405.0,406.2,397.0,401.95,0.296,-1.975,-0.753,1.975,0.296,0.296,19,9,2022,0.01,4.0,-0.02
2022-09-20,WIPRO,406.0,409.4,404.45,404.9,0.837,-0.382,-0.271,0.837,0.382,0.382,20,9,2022,0.01,4.0,-0.02
2022-09-21,WIPRO,405.9,405.9,399.5,400.75,0.0,-1.577,-1.269,1.577,0.0,0.0,21,9,2022,0.01,4.0,1.259
2022-09-22,WIPRO,398.0,400.35,395.0,397.95,0.59,-0.754,-0.013,0.754,0.59,0.59,22,9,2022,0.01,4.0,-0.02
2022-09-23,WIPRO,398.1,399.4,393.65,394.35,0.327,-1.118,-0.942,1.118,0.327,0.327,23,9,2022,0.01,4.0,-0.02
2022-09-26,WIPRO,392.0,399.2,384.6,394.8,1.837,-1.888,0.714,1.888,1.837,1.837,26,9,2022,0.01,4.0,-0.02
2022-09-27,WIPRO,396.8,401.4,392.0,398.4,1.159,-1.21,0.403,1.21,1.159,1.159,27,9,2022,0.01,4.0,-0.02
2022-09-28,WIPRO,396.0,400.5,395.35,398.05,1.136,-0.164,0.518,1.136,0.164,0.164,28,9,2022,0.01,4.0,-0.02
2022-09-29,WIPRO,401.0,401.9,391.55,392.8,0.224,-2.357,-2.045,2.357,0.224,0.224,29,9,2022,0.01,4.0,-0.02
2022-09-30,WIPRO,392.45,396.7,387.5,394.25,1.083,-1.261,0.459,1.261,1.083,1.083,30,9,2022,0.01,4.0,-0.02
2022-10-03,WIPRO,394.25,394.25,394.25,394.25,0.0,0.0,0.0,0.0,0.0,0.0,3,10,2022,0.01,4.0,-0.01
2022-10-03,WIPRO,393.9,398.0,390.6,394.5,1.041,-0.838,0.152,1.041,0.838,0.838,3,10,2022,0.01,4.0,-0.02
2022-10-04,WIPRO,399.95,406.0,399.0,405.5,1.513,-0.238,1.388,1.513,0.238,0.238,4,10,2022,0.01,4.0,-0.02
2022-10-06,WIPRO,409.35,413.0,407.45,410.15,0.892,-0.464,0.195,0.892,0.464,0.464,6,10,2022,0.01,4.0,-0.02
2022-10-07,WIPRO,409.8,411.75,406.25,408.1,0.476,-0.866,-0.415,0.866,0.476,0.476,7,10,2022,0.01,4.0,-0.02
2022-10-10,WIPRO,400.3,413.5,399.75,411.3,3.298,-0.137,2.748,3.298,0.137,0.137,10,10,2022,0.01,4.0,-0.02
2022-10-11,WIPRO,414.9,417.9,402.3,404.4,0.723,-3.037,-2.531,3.037,0.723,0.723,11,10,2022,0.01,4.0,-0.02
2022-10-12,WIPRO,404.25,409.6,401.6,407.95,1.323,-0.656,0.915,1.323,0.656,0.656,12,10,2022,0.01,4.0,-0.02
2022-10-13,WIPRO,387.0,392.35,378.1,379.1,1.382,-2.3,-2.041,2.3,1.382,1.382,13,10,2022,0.01,4.0,-0.02
2022-10-14,WIPRO,387.0,387.5,376.25,377.3,0.129,-2.778,-2.506,2.778,0.129,0.129,14,10,2022,0.01,4.0,-0.02
2022-10-17,WIPRO,377.3,377.3,377.3,377.3,0.0,0.0,0.0,0.0,0.0,0.0,17,10,2022,0.01,4.0,-0.01
2022-10-17,WIPRO,377.3,378.95,372.4,375.1,0.437,-1.299,-0.583,1.299,0.437,0.437,17,10,2022,0.01,4.0,-0.02
2022-10-18,WIPRO,383.7,384.25,378.4,379.3,0.143,-1.381,-1.147,1.381,0.143,0.143,18,10,2022,0.01,4.0,-0.02
2022-10-19,WIPRO,381.2,381.2,377.05,378.05,0.0,-1.089,-0.826,1.089,0.0,0.0,19,10,2022,0.01,4.0,0.816
2022-10-20,WIPRO,377.0,382.6,376.0,381.5,1.485,-0.265,1.194,1.485,0.265,0.265,20,10,2022,0.01,4.0,-0.02
2022-10-21,WIPRO,382.5,383.3,380.2,382.55,0.209,-0.601,0.013,0.601,0.209,0.209,21,10,2022,0.01,4.0,-0.02
2022-10-24,WIPRO,386.4,386.4,384.0,384.7,0.0,-0.621,-0.44,0.621,0.0,0.0,24,10,2022,0.01,4.0,0.43
2022-10-25,WIPRO,386.45,386.45,383.65,384.65,0.0,-0.725,-0.466,0.725,0.0,0.0,25,10,2022,0.01,4.0,0.456
2022-10-27,WIPRO,386.0,386.95,381.1,382.65,0.246,-1.269,-0.868,1.269,0.246,0.246,27,10,2022,0.01,4.0,-0.02
2022-10-28,WIPRO,382.8,385.85,382.0,383.25,0.797,-0.209,0.118,0.797,0.209,0.209,28,10,2022,0.01,4.0,-0.02
2022-10-31,WIPRO,386.55,388.4,384.75,386.55,0.479,-0.466,0.0,0.479,0.466,0.466,31,10,2022,0.01,4.0,-0.02
2022-11-01,WIPRO,388.0,393.0,386.6,392.4,1.289,-0.361,1.134,1.289,0.361,0.361,1,11,2022,0.01,4.0,-0.02
2022-11-02,WIPRO,392.85,394.85,390.65,393.95,0.509,-0.56,0.28,0.56,0.509,0.509,2,11,2022,0.01,4.0,-0.02
2022-11-03,WIPRO,393.95,393.95,393.95,393.95,0.0,0.0,0.0,0.0,0.0,0.0,3,11,2022,0.01,4.0,-0.01
2022-11-03,WIPRO,389.75,393.75,385.55,388.5,1.026,-1.078,-0.321,1.078,1.026,1.026,3,11,2022,0.01,4.0,-0.02
2022-11-04,WIPRO,388.5,392.4,385.65,390.55,1.004,-0.734,0.528,1.004,0.734,0.734,4,11,2022,0.01,4.0,-0.02
2022-11-07,WIPRO,393.0,394.85,387.6,391.5,0.471,-1.374,-0.382,1.374,0.471,0.471,7,11,2022,0.01,4.0,-0.02
2022-11-09,WIPRO,394.05,394.4,389.15,390.95,0.089,-1.243,-0.787,1.243,0.089,0.089,9,11,2022,0.01,4.0,-0.02
2022-11-10,WIPRO,388.8,391.1,387.0,388.9,0.592,-0.463,0.026,0.592,0.463,0.463,10,11,2022,0.01,4.0,-0.02
2022-11-11,WIPRO,398.5,405.85,397.25,399.7,1.844,-0.314,0.301,1.844,0.314,0.314,11,11,2022,0.01,4.0,-0.02
2022-11-14,WIPRO,399.7,399.7,399.7,399.7,0.0,0.0,0.0,0.0,0.0,0.0,14,11,2022,0.01,4.0,-0.01
2022-11-14,WIPRO,402.65,402.65,395.55,396.55,0.0,-1.763,-1.515,1.763,0.0,0.0,14,11,2022,0.01,4.0,1.505
2022-11-15,WIPRO,398.05,399.55,394.0,397.15,0.377,-1.017,-0.226,1.017,0.377,0.377,15,11,2022,0.01,4.0,-0.02
2022-11-16,WIPRO,399.0,401.7,396.2,398.25,0.677,-0.702,-0.188,0.702,0.677,0.677,16,11,2022,0.01,4.0,-0.02
2022-11-17,WIPRO,397.9,398.0,395.0,396.75,0.025,-0.729,-0.289,0.729,0.025,0.025,17,11,2022,0.01,4.0,-0.02
2022-11-18,WIPRO,397.85,398.9,392.8,393.85,0.264,-1.269,-1.005,1.269,0.264,0.264,18,11,2022,0.01,4.0,-0.02
2022-11-21,WIPRO,393.85,394.45,387.6,388.65,0.152,-1.587,-1.32,1.587,0.152,0.152,21,11,2022,0.01,4.0,-0.02
2022-11-22,WIPRO,389.0,389.4,384.5,388.8,0.103,-1.157,-0.051,1.157,0.103,0.103,22,11,2022,0.01,4.0,-0.02
2022-11-23,WIPRO,390.75,391.95,388.0,388.75,0.307,-0.704,-0.512,0.704,0.307,0.307,23,11,2022,0.01,4.0,-0.02
2022-11-24,WIPRO,389.9,399.75,389.15,398.25,2.526,-0.192,2.142,2.526,0.192,0.192,24,11,2022,0.01,4.0,-0.02
2022-11-25,WIPRO,399.0,404.4,395.9,402.8,1.353,-0.777,0.952,1.353,0.777,0.777,25,11,2022,0.01,4.0,-0.02
2022-11-28,WIPRO,402.8,409.45,402.0,405.65,1.651,-0.199,0.708,1.651,0.199,0.199,28,11,2022,0.01,4.0,-0.02
2022-11-29,WIPRO,403.0,408.9,402.9,405.15,1.464,-0.025,0.533,1.464,0.025,0.025,29,11,2022,0.01,4.0,-0.02
2022-11-30,WIPRO,406.9,408.0,402.65,406.9,0.27,-1.044,0.0,1.044,0.27,0.27,30,11,2022,0.01,4.0,-0.02
2022-12-01,WIPRO,412.85,416.35,411.65,413.7,0.848,-0.291,0.206,0.848,0.291,0.291,1,12,2022,0.01,4.0,-0.02
2022-12-02,WIPRO,413.8,413.9,409.05,412.4,0.024,-1.148,-0.338,1.148,0.024,0.024,2,12,2022,0.01,4.0,-0.02
2022-12-05,WIPRO,413.25,414.95,410.65,412.35,0.411,-0.629,-0.218,0.629,0.411,0.411,5,12,2022,0.01,4.0,-0.02
2022-12-06,WIPRO,410.5,412.6,407.8,411.35,0.512,-0.658,0.207,0.658,0.512,0.512,6,12,2022,0.01,4.0,-0.02
2022-12-07,WIPRO,409.0,409.5,405.3,406.3,0.122,-0.905,-0.66,0.905,0.122,0.122,7,12,2022,0.01,4.0,-0.02
2022-12-08,WIPRO,407.25,408.0,403.3,403.7,0.184,-0.97,-0.872,0.97,0.184,0.184,8,12,2022,0.01,4.0,-0.02
2022-12-09,WIPRO,406.0,406.0,391.25,394.05,0.0,-3.633,-2.943,3.633,0.0,0.0,9,12,2022,0.01,4.0,2.9330000000000003
2022-12-12,WIPRO,392.9,397.5,388.0,396.35,1.171,-1.247,0.878,1.247,1.171,1.171,12,12,2022,0.01,4.0,-0.02
2022-12-13,WIPRO,398.35,399.35,396.0,397.75,0.251,-0.59,-0.151,0.59,0.251,0.251,13,12,2022,0.01,4.0,-0.02
2022-12-14,WIPRO,400.8,404.5,399.25,400.05,0.923,-0.387,-0.187,0.923,0.387,0.387,14,12,2022,0.01,4.0,-0.02
2022-12-15,WIPRO,399.75,399.75,394.05,395.2,0.0,-1.426,-1.138,1.426,0.0,0.0,15,12,2022,0.01,4.0,1.128
2022-12-16,WIPRO,391.4,394.8,388.05,389.75,0.869,-0.856,-0.422,0.869,0.856,0.856,16,12,2022,0.01,4.0,-0.02
2022-12-19,WIPRO,388.45,390.5,385.7,389.05,0.528,-0.708,0.154,0.708,0.528,0.528,19,12,2022,0.01,4.0,-0.02
2022-12-20,WIPRO,388.8,389.9,383.0,388.95,0.283,-1.492,0.039,1.492,0.283,0.283,20,12,2022,0.01,4.0,-0.02
2022-12-21,WIPRO,390.9,393.25,387.85,389.5,0.601,-0.78,-0.358,0.78,0.601,0.601,21,12,2022,0.01,4.0,-0.02
2022-12-22,WIPRO,390.1,391.95,386.0,388.75,0.474,-1.051,-0.346,1.051,0.474,0.474,22,12,2022,0.01,4.0,-0.02
2022-12-23,WIPRO,384.0,385.85,377.0,377.65,0.482,-1.823,-1.654,1.823,0.482,0.482,23,12,2022,0.01,4.0,-0.02
2022-12-26,WIPRO,378.0,381.6,376.3,380.5,0.952,-0.45,0.661,0.952,0.45,0.45,26,12,2022,0.01,4.0,-0.02
2022-12-27,WIPRO,382.5,387.35,380.25,386.6,1.268,-0.588,1.072,1.268,0.588,0.588,27,12,2022,0.01,4.0,-0.02
2022-12-28,WIPRO,385.0,389.55,383.25,387.8,1.182,-0.455,0.727,1.182,0.455,0.455,28,12,2022,0.01,4.0,-0.02
2022-12-29,WIPRO,386.25,392.1,384.8,390.75,1.515,-0.375,1.165,1.515,0.375,0.375,29,12,2022,0.01,4.0,-0.02
2022-12-30,WIPRO,393.0,396.3,391.55,392.75,0.84,-0.369,-0.064,0.84,0.369,0.369,30,12,2022,0.01,4.0,-0.02
2023-01-02,WIPRO,393.0,393.9,390.5,393.05,0.229,-0.636,0.013,0.636,0.229,0.229,2,1,2023,0.01,4.0,-0.02
2023-01-03,WIPRO,393.05,397.75,391.7,397.05,1.196,-0.343,1.018,1.196,0.343,0.343,3,1,2023,0.01,4.0,-0.02
2023-01-04,WIPRO,397.5,397.5,388.6,389.7,0.0,-2.239,-1.962,2.239,0.0,0.0,4,1,2023,0.01,4.0,1.952
2023-01-05,WIPRO,390.0,392.2,383.75,386.9,0.564,-1.603,-0.795,1.603,0.564,0.564,5,1,2023,0.01,4.0,-0.02
2023-01-06,WIPRO,387.0,388.8,381.4,382.0,0.465,-1.447,-1.292,1.447,0.465,0.465,6,1,2023,0.01,4.0,-0.02
2023-01-09,WIPRO,386.0,393.0,385.1,391.8,1.813,-0.233,1.503,1.813,0.233,0.233,9,1,2023,0.01,4.0,-0.02
2023-01-10,WIPRO,392.0,393.9,387.35,393.05,0.485,-1.186,0.268,1.186,0.485,0.485,10,1,2023,0.01,4.0,-0.02
2023-01-11,WIPRO,393.0,396.0,391.5,393.85,0.763,-0.382,0.216,0.763,0.382,0.382,11,1,2023,0.01,4.0,-0.02
2023-01-12,WIPRO,395.75,397.9,390.5,394.5,0.543,-1.327,-0.316,1.327,0.543,0.543,12,1,2023,0.01,4.0,-0.02
2023-01-13,WIPRO,396.0,396.6,386.5,393.9,0.152,-2.399,-0.53,2.399,0.152,0.152,13,1,2023,0.01,4.0,-0.02
2023-01-16,WIPRO,390.0,401.0,389.0,398.6,2.821,-0.256,2.205,2.821,0.256,0.256,16,1,2023,0.01,4.0,-0.02
2023-01-17,WIPRO,400.05,402.05,393.75,396.35,0.5,-1.575,-0.925,1.575,0.5,0.5,17,1,2023,0.01,4.0,-0.02
2023-01-18,WIPRO,398.5,403.85,398.0,403.2,1.343,-0.125,1.179,1.343,0.125,0.125,18,1,2023,0.01,4.0,-0.02
2023-01-19,WIPRO,402.1,404.0,398.75,403.4,0.473,-0.833,0.323,0.833,0.473,0.473,19,1,2023,0.01,4.0,-0.02
2023-01-20,WIPRO,403.55,405.4,401.3,403.15,0.458,-0.558,-0.099,0.558,0.458,0.458,20,1,2023,0.01,4.0,-0.02
2023-01-23,WIPRO,405.2,407.75,402.5,407.0,0.629,-0.666,0.444,0.666,0.629,0.629,23,1,2023,0.01,4.0,-0.02
2023-01-24,WIPRO,408.4,410.2,405.15,406.6,0.441,-0.796,-0.441,0.796,0.441,0.441,24,1,2023,0.01,4.0,-0.02
2023-01-25,WIPRO,405.0,405.9,400.0,401.55,0.222,-1.235,-0.852,1.235,0.222,0.222,25,1,2023,0.01,4.0,-0.02
2023-01-27,WIPRO,401.55,403.6,394.2,398.05,0.511,-1.83,-0.872,1.83,0.511,0.511,27,1,2023,0.01,4.0,-0.02
2023-01-30,WIPRO,398.05,404.8,395.05,402.25,1.696,-0.754,1.055,1.696,0.754,0.754,30,1,2023,0.01,4.0,-0.02
2023-01-31,WIPRO,402.3,402.55,397.7,398.85,0.062,-1.143,-0.858,1.143,0.062,0.062,31,1,2023,0.01,4.0,-0.02
2023-02-01,WIPRO,401.5,403.9,398.35,402.4,0.598,-0.785,0.224,0.785,0.598,0.598,1,2,2023,0.01,4.0,-0.02
2023-02-02,WIPRO,402.4,410.0,402.4,409.45,1.889,0.0,1.752,1.889,0.0,0.0,2,2,2023,0.01,4.0,1.742
2023-02-03,WIPRO,412.55,413.0,406.15,407.9,0.109,-1.551,-1.127,1.551,0.109,0.109,3,2,2023,0.01,4.0,-0.02
2023-02-06,WIPRO,405.4,406.2,401.6,404.65,0.197,-0.937,-0.185,0.937,0.197,0.197,6,2,2023,0.01,4.0,-0.02
2023-02-07,WIPRO,405.5,405.5,399.05,400.5,0.0,-1.591,-1.233,1.591,0.0,0.0,7,2,2023,0.01,4.0,1.223
2023-02-08,WIPRO,401.0,407.6,401.0,406.75,1.646,0.0,1.434,1.646,0.0,0.0,8,2,2023,0.01,4.0,1.424
2023-02-09,WIPRO,406.75,408.95,403.55,408.3,0.541,-0.787,0.381,0.787,0.541,0.541,9,2,2023,0.01,4.0,-0.02
2023-02-10,WIPRO,407.0,407.0,402.8,405.8,0.0,-1.032,-0.295,1.032,0.0,0.0,10,2,2023,0.01,4.0,0.285
2023-02-13,WIPRO,405.65,405.65,399.2,400.6,0.0,-1.59,-1.245,1.59,0.0,0.0,13,2,2023,0.01,4.0,1.235
2023-02-14,WIPRO,403.0,406.45,401.5,405.1,0.856,-0.372,0.521,0.856,0.372,0.372,14,2,2023,0.01,4.0,-0.02
2023-02-15,WIPRO,402.7,407.85,400.35,407.4,1.279,-0.584,1.167,1.279,0.584,0.584,15,2,2023,0.01,4.0,-0.02
2023-02-16,WIPRO,408.8,413.25,408.55,409.9,1.089,-0.061,0.269,1.089,0.061,0.061,16,2,2023,0.01,4.0,-0.02
2023-02-17,WIPRO,406.85,408.0,404.0,406.3,0.283,-0.701,-0.135,0.701,0.283,0.283,17,2,2023,0.01,4.0,-0.02
2023-02-20,WIPRO,405.3,407.8,402.2,407.05,0.617,-0.765,0.432,0.765,0.617,0.617,20,2,2023,0.01,4.0,-0.02
2023-02-21,WIPRO,407.4,408.0,402.1,402.75,0.147,-1.301,-1.141,1.301,0.147,0.147,21,2,2023,0.01,4.0,-0.02
2023-02-22,WIPRO,399.5,400.35,394.45,395.15,0.213,-1.264,-1.089,1.264,0.213,0.213,22,2,2023,0.01,4.0,-0.02
2023-02-23,WIPRO,395.8,398.7,393.4,393.95,0.733,-0.606,-0.467,0.733,0.606,0.606,23,2,2023,0.01,4.0,-0.02
2023-02-24,WIPRO,395.95,396.5,392.55,393.3,0.139,-0.859,-0.669,0.859,0.139,0.139,24,2,2023,0.01,4.0,-0.02
2023-02-27,WIPRO,392.75,393.3,385.45,390.35,0.14,-1.859,-0.611,1.859,0.14,0.14,27,2,2023,0.01,4.0,-0.02
2023-02-28,WIPRO,391.85,393.2,385.7,387.05,0.345,-1.569,-1.225,1.569,0.345,0.345,28,2,2023,0.01,4.0,-0.02
2023-03-01,WIPRO,388.1,391.75,387.3,390.95,0.94,-0.206,0.734,0.94,0.206,0.206,1,3,2023,0.01,4.0,-0.02
2023-03-02,WIPRO,388.7,390.35,387.3,388.05,0.424,-0.36,-0.167,0.424,0.36,0.36,2,3,2023,0.01,4.0,-0.02
2023-03-03,WIPRO,390.6,391.45,389.1,390.45,0.218,-0.384,-0.038,0.384,0.218,0.218,3,3,2023,0.01,4.0,-0.02
2023-03-06,WIPRO,392.45,396.65,392.1,393.75,1.07,-0.089,0.331,1.07,0.089,0.089,6,3,2023,0.01,4.0,-0.02
2023-03-08,WIPRO,391.65,393.0,388.85,392.6,0.345,-0.715,0.243,0.715,0.345,0.345,8,3,2023,0.01,4.0,-0.02
2023-03-09,WIPRO,392.8,393.85,389.6,390.1,0.267,-0.815,-0.687,0.815,0.267,0.267,9,3,2023,0.01,4.0,-0.02
2023-03-10,WIPRO,387.9,389.9,386.6,389.1,0.516,-0.335,0.309,0.516,0.335,0.335,10,3,2023,0.01,4.0,-0.02
2023-03-13,WIPRO,389.0,392.6,383.75,385.45,0.925,-1.35,-0.913,1.35,0.925,0.925,13,3,2023,0.01,4.0,-0.02
2023-03-14,WIPRO,386.55,387.15,377.35,379.45,0.155,-2.38,-1.837,2.38,0.155,0.155,14,3,2023,0.01,4.0,-0.02
2023-03-15,WIPRO,383.7,383.7,374.9,375.75,0.0,-2.293,-2.072,2.293,0.0,0.0,15,3,2023,0.01,4.0,2.0620000000000003
2023-03-16,WIPRO,375.35,376.7,370.0,372.85,0.36,-1.425,-0.666,1.425,0.36,0.36,16,3,2023,0.01,4.0,-0.02
2023-03-17,WIPRO,377.2,378.35,373.85,376.5,0.305,-0.888,-0.186,0.888,0.305,0.305,17,3,2023,0.01,4.0,-0.02
2023-03-20,WIPRO,375.0,375.95,365.15,367.15,0.253,-2.627,-2.093,2.627,0.253,0.253,20,3,2023,0.01,4.0,-0.02
2023-03-21,WIPRO,369.0,370.25,365.45,366.4,0.339,-0.962,-0.705,0.962,0.339,0.339,21,3,2023,0.01,4.0,-0.02
2023-03-22,WIPRO,367.85,370.0,365.85,366.4,0.584,-0.544,-0.394,0.584,0.544,0.544,22,3,2023,0.01,4.0,-0.02
2023-03-23,WIPRO,364.9,364.9,360.35,361.5,0.0,-1.247,-0.932,1.247,0.0,0.0,23,3,2023,0.01,4.0,0.922
2023-03-24,WIPRO,363.35,366.85,361.0,361.75,0.963,-0.647,-0.44,0.963,0.647,0.647,24,3,2023,0.01,4.0,-0.02
2023-03-27,WIPRO,361.75,364.0,359.2,361.25,0.622,-0.705,-0.138,0.705,0.622,0.622,27,3,2023,0.01,4.0,-0.02
2023-03-28,WIPRO,363.0,364.05,355.4,356.2,0.289,-2.094,-1.873,2.094,0.289,0.289,28,3,2023,0.01,4.0,-0.02
2023-03-29,WIPRO,358.0,360.75,355.0,359.05,0.768,-0.838,0.293,0.838,0.768,0.768,29,3,2023,0.01,4.0,-0.02
2023-03-31,WIPRO,363.35,365.75,361.3,365.25,0.661,-0.564,0.523,0.661,0.564,0.564,31,3,2023,0.01,4.0,-0.02
2023-04-03,WIPRO,367.95,368.4,365.15,367.95,0.122,-0.761,0.0,0.761,0.122,0.122,3,4,2023,0.01,4.0,-0.02
2023-04-05,WIPRO,369.7,371.9,367.2,369.75,0.595,-0.676,0.014,0.676,0.595,0.595,5,4,2023,0.01,4.0,-0.02
2023-04-06,WIPRO,369.0,370.45,365.85,366.65,0.393,-0.854,-0.637,0.854,0.393,0.393,6,4,2023,0.01,4.0,-0.02
2023-04-10,WIPRO,368.0,374.4,367.6,373.3,1.739,-0.109,1.44,1.739,0.109,0.109,10,4,2023,0.01,4.0,-0.02
2023-04-11,WIPRO,373.5,374.85,368.6,370.25,0.361,-1.312,-0.87,1.312,0.361,0.361,11,4,2023,0.01,4.0,-0.02
2023-04-12,WIPRO,370.6,373.45,369.35,372.15,0.769,-0.337,0.418,0.769,0.337,0.337,12,4,2023,0.01,4.0,-0.02
2023-04-13,WIPRO,369.9,369.9,366.0,368.3,0.0,-1.054,-0.433,1.054,0.0,0.0,13,4,2023,0.01,4.0,0.423
2023-04-17,WIPRO,359.95,361.95,352.0,361.35,0.556,-2.209,0.389,2.209,0.556,0.556,17,4,2023,0.01,4.0,-0.02
2023-04-18,WIPRO,363.45,368.9,359.25,367.9,1.5,-1.156,1.224,1.5,1.156,1.156,18,4,2023,0.01,4.0,-0.02
2023-04-19,WIPRO,367.9,367.9,360.4,360.8,0.0,-2.039,-1.93,2.039,0.0,0.0,19,4,2023,0.01,4.0,1.92
2023-04-20,WIPRO,360.5,363.7,359.0,362.85,0.888,-0.416,0.652,0.888,0.416,0.416,20,4,2023,0.01,4.0,-0.02
2023-04-21,WIPRO,364.1,368.7,363.65,368.05,1.263,-0.124,1.085,1.263,0.124,0.124,21,4,2023,0.01,4.0,-0.02
2023-04-24,WIPRO,375.0,378.6,370.55,377.95,0.96,-1.187,0.787,1.187,0.96,0.96,24,4,2023,0.01,4.0,-0.02
2023-04-25,WIPRO,378.2,378.9,374.1,375.65,0.185,-1.084,-0.674,1.084,0.185,0.185,25,4,2023,0.01,4.0,-0.02
2023-04-26,WIPRO,377.65,377.65,373.4,374.55,0.0,-1.125,-0.821,1.125,0.0,0.0,26,4,2023,0.01,4.0,0.8109999999999999
2023-04-27,WIPRO,376.4,376.6,372.05,374.4,0.053,-1.156,-0.531,1.156,0.053,0.053,27,4,2023,0.01,4.0,-0.02
2023-04-28,WIPRO,380.0,388.0,380.0,385.0,2.105,0.0,1.316,2.105,0.0,0.0,28,4,2023,0.01,4.0,1.306
2023-05-02,WIPRO,389.0,392.15,387.45,388.35,0.81,-0.398,-0.167,0.81,0.398,0.398,2,5,2023,0.01,4.0,-0.02
2023-05-03,WIPRO,388.35,388.35,382.05,385.1,0.0,-1.622,-0.837,1.622,0.0,0.0,3,5,2023,0.01,4.0,0.827
2023-05-04,WIPRO,384.75,386.15,383.05,383.7,0.364,-0.442,-0.273,0.442,0.364,0.364,4,5,2023,0.01,4.0,-0.02
2023-05-05,WIPRO,382.75,384.4,379.0,379.4,0.431,-0.98,-0.875,0.98,0.431,0.431,5,5,2023,0.01,4.0,-0.02
2023-05-08,WIPRO,381.0,383.0,379.6,380.35,0.525,-0.367,-0.171,0.525,0.367,0.367,8,5,2023,0.01,4.0,-0.02
2023-05-09,WIPRO,382.5,383.45,380.05,382.3,0.248,-0.641,-0.052,0.641,0.248,0.248,9,5,2023,0.01,4.0,-0.02
2023-05-10,WIPRO,384.0,384.55,382.0,383.75,0.143,-0.521,-0.065,0.521,0.143,0.143,10,5,2023,0.01,4.0,-0.02
2023-05-11,WIPRO,385.7,386.85,383.1,384.65,0.298,-0.674,-0.272,0.674,0.298,0.298,11,5,2023,0.01,4.0,-0.02
2023-05-12,WIPRO,384.6,385.25,381.55,383.25,0.169,-0.793,-0.351,0.793,0.169,0.169,12,5,2023,0.01,4.0,-0.02
2023-05-15,WIPRO,383.25,387.0,382.5,385.75,0.978,-0.196,0.652,0.978,0.196,0.196,15,5,2023,0.01,4.0,-0.02
2023-05-16,WIPRO,387.5,388.8,386.5,386.95,0.335,-0.258,-0.142,0.335,0.258,0.258,16,5,2023,0.01,4.0,-0.02
2023-05-17,WIPRO,386.2,387.35,381.35,382.3,0.298,-1.256,-1.01,1.256,0.298,0.298,17,5,2023,0.01,4.0,-0.02
2023-05-18,WIPRO,385.2,385.35,382.25,382.6,0.039,-0.766,-0.675,0.766,0.039,0.039,18,5,2023,0.01,4.0,-0.02
2023-05-19,WIPRO,384.8,388.2,383.5,386.2,0.884,-0.338,0.364,0.884,0.338,0.338,19,5,2023,0.01,4.0,-0.02
2023-05-22,WIPRO,386.5,396.6,385.4,395.75,2.613,-0.285,2.393,2.613,0.285,0.285,22,5,2023,0.01,4.0,-0.02
2023-05-23,WIPRO,397.0,402.1,396.05,397.65,1.285,-0.239,0.164,1.285,0.239,0.239,23,5,2023,0.01,4.0,-0.02
2023-05-24,WIPRO,394.5,400.45,393.35,399.7,1.508,-0.292,1.318,1.508,0.292,0.292,24,5,2023,0.01,4.0,-0.02
2023-05-25,WIPRO,399.0,399.0,392.65,394.1,0.0,-1.591,-1.228,1.591,0.0,0.0,25,5,2023,0.01,4.0,1.218
2023-05-26,WIPRO,395.15,402.55,395.0,401.7,1.873,-0.038,1.658,1.873,0.038,0.038,26,5,2023,0.01,4.0,-0.02
2023-05-29,WIPRO,404.0,406.0,399.35,399.8,0.495,-1.151,-1.04,1.151,0.495,0.495,29,5,2023,0.01,4.0,-0.02
2023-05-30,WIPRO,400.0,403.85,399.45,402.5,0.963,-0.138,0.625,0.963,0.138,0.138,30,5,2023,0.01,4.0,-0.02
2023-05-31,WIPRO,401.75,404.8,400.5,403.65,0.759,-0.311,0.473,0.759,0.311,0.311,31,5,2023,0.01,4.0,-0.02
2023-06-01,WIPRO,405.0,408.0,404.05,407.15,0.741,-0.235,0.531,0.741,0.235,0.235,1,6,2023,0.01,4.0,-0.02
2023-06-02,WIPRO,408.7,409.8,404.0,404.95,0.269,-1.15,-0.918,1.15,0.269,0.269,2,6,2023,0.01,4.0,-0.02
2023-06-05,WIPRO,408.9,409.75,403.7,404.2,0.208,-1.272,-1.149,1.272,0.208,0.208,5,6,2023,0.01,4.0,-0.02
2023-06-06,WIPRO,403.35,403.35,395.55,399.95,0.0,-1.934,-0.843,1.934,0.0,0.0,6,6,2023,0.01,4.0,0.833
2023-06-07,WIPRO,402.4,403.6,401.0,402.8,0.298,-0.348,0.099,0.348,0.298,0.298,7,6,2023,0.01,4.0,-0.02
2023-06-08,WIPRO,404.1,404.75,398.75,399.55,0.161,-1.324,-1.126,1.324,0.161,0.161,8,6,2023,0.01,4.0,-0.02
2023-06-09,WIPRO,399.45,400.35,396.05,397.3,0.225,-0.851,-0.538,0.851,0.225,0.225,9,6,2023,0.01,4.0,-0.02
2023-06-12,WIPRO,399.8,399.8,394.6,395.6,0.0,-1.301,-1.051,1.301,0.0,0.0,12,6,2023,0.01,4.0,1.041
2023-06-13,WIPRO,397.95,398.5,394.5,395.55,0.138,-0.867,-0.603,0.867,0.138,0.138,13,6,2023,0.01,4.0,-0.02
2023-06-14,WIPRO,396.3,397.15,392.7,396.45,0.214,-0.908,0.038,0.908,0.214,0.214,14,6,2023,0.01,4.0,-0.02
2023-06-15,WIPRO,397.1,397.45,388.25,388.95,0.088,-2.229,-2.052,2.229,0.088,0.088,15,6,2023,0.01,4.0,-0.02
2023-06-16,WIPRO,385.55,388.65,379.15,381.3,0.804,-1.66,-1.102,1.66,0.804,0.804,16,6,2023,0.01,4.0,-0.02
2023-06-19,WIPRO,382.0,382.0,377.1,380.15,0.0,-1.283,-0.484,1.283,0.0,0.0,19,6,2023,0.01,4.0,0.474
2023-06-20,WIPRO,381.8,384.95,380.6,382.5,0.825,-0.314,0.183,0.825,0.314,0.314,20,6,2023,0.01,4.0,-0.02
2023-06-21,WIPRO,384.25,387.25,383.1,385.5,0.781,-0.299,0.325,0.781,0.299,0.299,21,6,2023,0.01,4.0,-0.02
2023-06-22,WIPRO,386.0,386.0,381.6,382.3,0.0,-1.14,-0.959,1.14,0.0,0.0,22,6,2023,0.01,4.0,0.949
2023-06-23,WIPRO,382.3,383.0,378.1,379.95,0.183,-1.099,-0.615,1.099,0.183,0.183,23,6,2023,0.01,4.0,-0.02
2023-06-26,WIPRO,380.0,381.9,379.05,380.9,0.5,-0.25,0.237,0.5,0.25,0.25,26,6,2023,0.01,4.0,-0.02
2023-06-27,WIPRO,384.25,384.25,381.5,382.6,0.0,-0.716,-0.429,0.716,0.0,0.0,27,6,2023,0.01,4.0,0.419
2023-06-28,WIPRO,383.75,383.75,380.8,381.7,0.0,-0.769,-0.534,0.769,0.0,0.0,28,6,2023,0.01,4.0,0.524
2023-06-30,WIPRO,385.0,389.75,383.0,389.15,1.234,-0.519,1.078,1.234,0.519,0.519,30,6,2023,0.01,4.0,-0.02
2023-07-03,WIPRO,393.9,393.9,389.5,391.6,0.0,-1.117,-0.584,1.117,0.0,0.0,3,7,2023,0.01,4.0,0.574
2023-07-04,WIPRO,393.75,397.35,393.0,395.95,0.914,-0.19,0.559,0.914,0.19,0.19,4,7,2023,0.01,4.0,-0.02
2023-07-05,WIPRO,394.1,395.4,391.85,393.9,0.33,-0.571,-0.051,0.571,0.33,0.33,5,7,2023,0.01,4.0,-0.02
2023-07-06,WIPRO,394.5,396.95,393.15,396.2,0.621,-0.342,0.431,0.621,0.342,0.342,6,7,2023,0.01,4.0,-0.02
2023-07-07,WIPRO,395.0,397.45,393.2,395.85,0.62,-0.456,0.215,0.62,0.456,0.456,7,7,2023,0.01,4.0,-0.02
2023-07-10,WIPRO,395.85,395.85,389.65,389.95,0.0,-1.566,-1.49,1.566,0.0,0.0,10,7,2023,0.01,4.0,1.48
2023-07-11,WIPRO,390.0,392.8,387.85,392.05,0.718,-0.551,0.526,0.718,0.551,0.551,11,7,2023,0.01,4.0,-0.02
2023-07-12,WIPRO,393.9,393.95,390.35,391.85,0.013,-0.901,-0.52,0.901,0.013,0.013,12,7,2023,0.01,4.0,-0.02
2023-07-13,WIPRO,391.85,398.6,391.25,394.3,1.723,-0.153,0.625,1.723,0.153,0.153,13,7,2023,0.01,4.0,-0.02
2023-07-14,WIPRO,394.75,405.5,392.35,405.05,2.723,-0.608,2.609,2.723,0.608,0.608,14,7,2023,0.01,4.0,-0.02
2023-07-17,WIPRO,407.0,424.95,405.8,415.25,4.41,-0.295,2.027,4.41,0.295,0.295,17,7,2023,0.01,4.0,-0.02
2023-07-18,WIPRO,418.0,420.3,412.25,417.2,0.55,-1.376,-0.191,1.376,0.55,0.55,18,7,2023,0.01,4.0,-0.02
2023-07-19,WIPRO,420.0,421.0,414.15,417.95,0.238,-1.393,-0.488,1.393,0.238,0.238,19,7,2023,0.01,4.0,-0.02
2023-07-20,WIPRO,418.5,420.0,414.65,417.65,0.358,-0.92,-0.203,0.92,0.358,0.358,20,7,2023,0.01,4.0,-0.02
2023-07-21,WIPRO,405.0,414.35,401.0,404.7,2.309,-0.988,-0.074,2.309,0.988,0.988,21,7,2023,0.01,4.0,-0.02
2023-07-24,WIPRO,406.3,408.0,403.5,404.05,0.418,-0.689,-0.554,0.689,0.418,0.418,24,7,2023,0.01,4.0,-0.02
2023-07-25,WIPRO,405.5,405.5,400.0,400.4,0.0,-1.356,-1.258,1.356,0.0,0.0,25,7,2023,0.01,4.0,1.248
2023-07-26,WIPRO,403.5,403.6,401.4,402.75,0.025,-0.52,-0.186,0.52,0.025,0.025,26,7,2023,0.01,4.0,-0.02
2023-07-27,WIPRO,404.0,406.6,399.0,399.95,0.644,-1.238,-1.002,1.238,0.644,0.644,27,7,2023,0.01,4.0,-0.02
2023-07-28,WIPRO,401.05,402.85,396.55,398.75,0.449,-1.122,-0.573,1.122,0.449,0.449,28,7,2023,0.01,4.0,-0.02
2023-07-31,WIPRO,399.75,406.0,398.95,405.05,1.563,-0.2,1.326,1.563,0.2,0.2,31,7,2023,0.01,4.0,-0.02
2023-08-01,WIPRO,405.5,408.0,404.05,406.95,0.617,-0.358,0.358,0.617,0.358,0.358,1,8,2023,0.01,4.0,-0.02
2023-08-02,WIPRO,405.9,405.9,399.0,402.8,0.0,-1.7,-0.764,1.7,0.0,0.0,2,8,2023,0.01,4.0,0.754
2023-08-03,WIPRO,402.0,402.0,397.05,399.65,0.0,-1.231,-0.585,1.231,0.0,0.0,3,8,2023,0.01,4.0,0.575
2023-08-04,WIPRO,400.85,410.0,400.3,408.85,2.283,-0.137,1.996,2.283,0.137,0.137,4,8,2023,0.01,4.0,-0.02
2023-08-07,WIPRO,409.95,413.0,408.05,411.15,0.744,-0.463,0.293,0.744,0.463,0.463,7,8,2023,0.01,4.0,-0.02
2023-08-08,WIPRO,412.4,417.5,409.95,416.35,1.237,-0.594,0.958,1.237,0.594,0.594,8,8,2023,0.01,4.0,-0.02
2023-08-09,WIPRO,415.5,418.5,412.55,417.8,0.722,-0.71,0.554,0.722,0.71,0.71,9,8,2023,0.01,4.0,-0.02
2023-08-10,WIPRO,417.1,420.8,415.55,418.65,0.887,-0.372,0.372,0.887,0.372,0.372,10,8,2023,0.01,4.0,-0.02
2023-08-11,WIPRO,418.65,422.15,412.35,413.05,0.836,-1.505,-1.338,1.505,0.836,0.836,11,8,2023,0.01,4.0,-0.02
2023-08-14,WIPRO,413.25,416.2,409.5,415.15,0.714,-0.907,0.46,0.907,0.714,0.714,14,8,2023,0.01,4.0,-0.02
2023-08-16,WIPRO,414.15,420.2,414.0,418.65,1.461,-0.036,1.087,1.461,0.036,0.036,16,8,2023,0.01,4.0,-0.02
2023-08-17,WIPRO,418.65,420.4,414.5,417.55,0.418,-0.991,-0.263,0.991,0.418,0.418,17,8,2023,0.01,4.0,-0.02
2023-08-18,WIPRO,415.05,416.35,408.0,411.7,0.313,-1.699,-0.807,1.699,0.313,0.313,18,8,2023,0.01,4.0,-0.02
2023-08-21,WIPRO,411.8,417.35,411.65,414.6,1.348,-0.036,0.68,1.348,0.036,0.036,21,8,2023,0.01,4.0,-0.02
2023-08-22,WIPRO,415.0,418.1,412.75,417.1,0.747,-0.542,0.506,0.747,0.542,0.542,22,8,2023,0.01,4.0,-0.02
2023-08-23,WIPRO,417.25,417.95,414.6,415.25,0.168,-0.635,-0.479,0.635,0.168,0.168,23,8,2023,0.01,4.0,-0.02
2023-08-24,WIPRO,418.75,420.0,412.0,412.7,0.299,-1.612,-1.445,1.612,0.299,0.299,24,8,2023,0.01,4.0,-0.02
2023-08-25,WIPRO,410.0,411.3,407.1,409.7,0.317,-0.707,-0.073,0.707,0.317,0.317,25,8,2023,0.01,4.0,-0.02
2023-08-28,WIPRO,411.45,412.45,407.65,408.05,0.243,-0.924,-0.826,0.924,0.243,0.243,28,8,2023,0.01,4.0,-0.02
2023-08-29,WIPRO,409.65,411.9,407.1,408.1,0.549,-0.622,-0.378,0.622,0.549,0.549,29,8,2023,0.01,4.0,-0.02
2023-08-30,WIPRO,410.0,410.2,406.65,407.2,0.049,-0.817,-0.683,0.817,0.049,0.049,30,8,2023,0.01,4.0,-0.02
2023-08-31,WIPRO,408.0,410.0,406.45,408.4,0.49,-0.38,0.098,0.49,0.38,0.38,31,8,2023,0.01,4.0,-0.02
2023-09-01,WIPRO,407.95,417.75,407.5,416.35,2.402,-0.11,2.059,2.402,0.11,0.11,1,9,2023,0.01,4.0,-0.02
2023-09-04,WIPRO,418.0,436.5,416.0,434.1,4.426,-0.478,3.852,4.426,0.478,0.478,4,9,2023,0.01,4.0,-0.02
2023-09-05,WIPRO,435.8,437.5,430.3,431.85,0.39,-1.262,-0.906,1.262,0.39,0.39,5,9,2023,0.01,4.0,-0.02
2023-09-06,WIPRO,433.75,435.55,425.9,429.3,0.415,-1.81,-1.026,1.81,0.415,0.415,6,9,2023,0.01,4.0,-0.02
2023-09-07,WIPRO,429.95,433.7,426.75,432.85,0.872,-0.744,0.674,0.872,0.744,0.744,7,9,2023,0.01,4.0,-0.02
2023-09-08,WIPRO,433.45,433.45,429.3,430.0,0.0,-0.957,-0.796,0.957,0.0,0.0,8,9,2023,0.01,4.0,0.786
2023-09-11,WIPRO,433.0,437.5,430.1,434.85,1.039,-0.67,0.427,1.039,0.67,0.67,11,9,2023,0.01,4.0,-0.02
2023-09-12,WIPRO,437.1,441.5,426.9,435.0,1.007,-2.334,-0.48,2.334,1.007,1.007,12,9,2023,0.01,4.0,-0.02
2023-09-13,WIPRO,434.95,437.95,431.5,435.7,0.69,-0.793,0.172,0.793,0.69,0.69,13,9,2023,0.01,4.0,-0.02
2023-09-14,WIPRO,438.4,443.25,435.3,436.45,1.106,-0.707,-0.445,1.106,0.707,0.707,14,9,2023,0.01,4.0,-0.02
2023-09-15,WIPRO,439.8,443.75,438.25,441.05,0.898,-0.352,0.284,0.898,0.352,0.352,15,9,2023,0.01,4.0,-0.02
2023-09-18,WIPRO,441.05,441.05,435.2,436.1,0.0,-1.326,-1.122,1.326,0.0,0.0,18,9,2023,0.01,4.0,1.112
2023-09-20,WIPRO,434.25,436.85,429.05,430.1,0.599,-1.197,-0.956,1.197,0.599,0.599,20,9,2023,0.01,4.0,-0.02
2023-09-21,WIPRO,429.9,431.25,423.05,428.95,0.314,-1.593,-0.221,1.593,0.314,0.314,21,9,2023,0.01,4.0,-0.02
2023-09-22,WIPRO,424.4,426.75,416.6,418.5,0.554,-1.838,-1.39,1.838,0.554,0.554,22,9,2023,0.01,4.0,-0.02
2023-09-25,WIPRO,418.5,419.75,412.0,414.1,0.299,-1.553,-1.051,1.553,0.299,0.299,25,9,2023,0.01,4.0,-0.02
2023-09-26,WIPRO,416.8,416.8,411.7,412.9,0.0,-1.224,-0.936,1.224,0.0,0.0,26,9,2023,0.01,4.0,0.926
2023-09-27,WIPRO,412.25,416.55,410.3,415.65,1.043,-0.473,0.825,1.043,0.473,0.473,27,9,2023,0.01,4.0,-0.02
2023-09-28,WIPRO,416.5,416.5,404.0,405.35,0.0,-3.001,-2.677,3.001,0.0,0.0,28,9,2023,0.01,4.0,2.6670000000000003
2023-09-29,WIPRO,405.0,409.25,401.5,406.05,1.049,-0.864,0.259,1.049,0.864,0.864,29,9,2023,0.01,4.0,-0.02
2023-10-03,WIPRO,406.45,408.1,403.6,405.45,0.406,-0.701,-0.246,0.701,0.406,0.406,3,10,2023,0.01,4.0,-0.02
2023-10-04,WIPRO,402.7,405.45,400.65,404.9,0.683,-0.509,0.546,0.683,0.509,0.509,4,10,2023,0.01,4.0,-0.02
2023-10-05,WIPRO,407.95,410.4,405.0,406.8,0.601,-0.723,-0.282,0.723,0.601,0.601,5,10,2023,0.01,4.0,-0.02
2023-10-06,WIPRO,408.0,409.8,406.95,407.85,0.441,-0.257,-0.037,0.441,0.257,0.257,6,10,2023,0.01,4.0,-0.02
2023-10-09,WIPRO,404.2,411.0,403.4,405.6,1.682,-0.198,0.346,1.682,0.198,0.198,9,10,2023,0.01,4.0,-0.02
2023-10-10,WIPRO,406.4,408.75,406.2,407.75,0.578,-0.049,0.332,0.578,0.049,0.049,10,10,2023,0.01,4.0,-0.02
2023-10-11,WIPRO,409.0,423.95,409.0,421.15,3.655,0.0,2.971,3.655,0.0,0.0,11,10,2023,0.01,4.0,2.9610000000000003
2023-10-12,WIPRO,421.75,421.9,414.7,417.1,0.036,-1.672,-1.103,1.672,0.036,0.036,12,10,2023,0.01,4.0,-0.02
2023-10-13,WIPRO,411.9,414.4,409.05,411.05,0.607,-0.692,-0.206,0.692,0.607,0.607,13,10,2023,0.01,4.0,-0.02
2023-10-16,WIPRO,411.0,411.9,408.15,410.2,0.219,-0.693,-0.195,0.693,0.219,0.219,16,10,2023,0.01,4.0,-0.02
2023-10-17,WIPRO,411.7,413.85,411.05,411.4,0.522,-0.158,-0.073,0.522,0.158,0.158,17,10,2023,0.01,4.0,-0.02
2023-10-18,WIPRO,409.0,413.65,407.0,407.45,1.137,-0.489,-0.379,1.137,0.489,0.489,18,10,2023,0.01,4.0,-0.02
2023-10-19,WIPRO,391.95,396.75,390.1,395.3,1.225,-0.472,0.855,1.225,0.472,0.472,19,10,2023,0.01,4.0,-0.02
2023-10-20,WIPRO,395.05,396.05,391.0,391.85,0.253,-1.025,-0.81,1.025,0.253,0.253,20,10,2023,0.01,4.0,-0.02
2023-10-23,WIPRO,390.85,393.0,382.2,383.15,0.55,-2.213,-1.97,2.213,0.55,0.55,23,10,2023,0.01,4.0,-0.02
2023-10-25,WIPRO,384.4,387.7,381.1,381.85,0.858,-0.858,-0.663,0.858,0.858,0.858,25,10,2023,0.01,4.0,-0.02
2023-10-26,WIPRO,378.8,380.55,375.05,378.25,0.462,-0.99,-0.145,0.99,0.462,0.462,26,10,2023,0.01,4.0,-0.02
2023-10-27,WIPRO,379.05,384.35,379.05,382.35,1.398,0.0,0.871,1.398,0.0,0.0,27,10,2023,0.01,4.0,0.861
2023-10-30,WIPRO,384.0,384.35,380.4,382.0,0.091,-0.938,-0.521,0.938,0.091,0.091,30,10,2023,0.01,4.0,-0.02
2023-10-31,WIPRO,383.2,384.1,379.15,381.8,0.235,-1.057,-0.365,1.057,0.235,0.235,31,10,2023,0.01,4.0,-0.02
2023-11-01,WIPRO,383.85,385.55,380.15,380.95,0.443,-0.964,-0.756,0.964,0.443,0.443,1,11,2023,0.01,4.0,-0.02
2023-11-02,WIPRO,383.8,385.15,382.1,383.65,0.352,-0.443,-0.039,0.443,0.352,0.352,2,11,2023,0.01,4.0,-0.02
2023-11-03,WIPRO,386.0,386.7,382.65,383.55,0.181,-0.868,-0.635,0.868,0.181,0.181,3,11,2023,0.01,4.0,-0.02
2023-11-06,WIPRO,386.0,386.45,383.0,384.65,0.117,-0.777,-0.35,0.777,0.117,0.117,6,11,2023,0.01,4.0,-0.02
2023-11-07,WIPRO,384.9,387.0,382.85,383.3,0.546,-0.533,-0.416,0.546,0.533,0.533,7,11,2023,0.01,4.0,-0.02
2023-11-08,WIPRO,384.6,385.85,381.5,382.2,0.325,-0.806,-0.624,0.806,0.325,0.325,8,11,2023,0.01,4.0,-0.02
2023-11-09,WIPRO,383.0,384.0,379.7,380.85,0.261,-0.862,-0.561,0.862,0.261,0.261,9,11,2023,0.01,4.0,-0.02
2023-11-10,WIPRO,380.3,381.8,377.0,379.3,0.394,-0.868,-0.263,0.868,0.394,0.394,10,11,2023,0.01,4.0,-0.02
2023-11-12,WIPRO,383.4,383.4,381.45,382.45,0.0,-0.509,-0.248,0.509,0.0,0.0,12,11,2023,0.01,4.0,0.238
2023-11-13,WIPRO,382.6,382.9,380.0,381.65,0.078,-0.68,-0.248,0.68,0.078,0.078,13,11,2023,0.01,4.0,-0.02
2023-11-15,WIPRO,385.55,392.25,384.25,391.65,1.738,-0.337,1.582,1.738,0.337,0.337,15,11,2023,0.01,4.0,-0.02
2023-11-16,WIPRO,391.65,399.5,389.3,397.1,2.004,-0.6,1.392,2.004,0.6,0.6,16,11,2023,0.01,4.0,-0.02
2023-11-17,WIPRO,398.0,399.0,394.5,395.4,0.251,-0.879,-0.653,0.879,0.251,0.251,17,11,2023,0.01,4.0,-0.02
2023-11-20,WIPRO,393.2,401.1,393.2,400.2,2.009,0.0,1.78,2.009,0.0,0.0,20,11,2023,0.01,4.0,1.77
2023-11-21,WIPRO,402.6,402.6,400.05,400.65,0.0,-0.633,-0.484,0.633,0.0,0.0,21,11,2023,0.01,4.0,0.474
2023-11-22,WIPRO,402.5,402.6,399.1,400.25,0.025,-0.845,-0.559,0.845,0.025,0.025,22,11,2023,0.01,4.0,-0.02
2023-11-23,WIPRO,400.5,405.0,400.5,402.5,1.124,0.0,0.499,1.124,0.0,0.0,23,11,2023,0.01,4.0,0.489
2023-11-24,WIPRO,402.5,403.5,395.55,396.0,0.248,-1.727,-1.615,1.727,0.248,0.248,24,11,2023,0.01,4.0,-0.02
2023-11-28,WIPRO,397.0,398.75,393.1,396.85,0.441,-0.982,-0.038,0.982,0.441,0.441,28,11,2023,0.01,4.0,-0.02
2023-11-29,WIPRO,398.0,408.55,398.0,406.25,2.651,0.0,2.073,2.651,0.0,0.0,29,11,2023,0.01,4.0,2.063
2023-11-30,WIPRO,406.95,414.5,404.05,413.05,1.855,-0.713,1.499,1.855,0.713,0.713,30,11,2023,0.01,4.0,-0.02
2023-12-01,WIPRO,413.75,413.75,406.5,407.65,0.0,-1.752,-1.474,1.752,0.0,0.0,1,12,2023,0.01,4.0,1.464
2023-12-04,WIPRO,412.7,413.0,406.75,407.45,0.073,-1.442,-1.272,1.442,0.073,0.073,4,12,2023,0.01,4.0,-0.02
2023-12-05,WIPRO,407.4,409.0,402.1,404.35,0.393,-1.301,-0.749,1.301,0.393,0.393,5,12,2023,0.01,4.0,-0.02
2023-12-06,WIPRO,406.75,420.4,405.95,418.75,3.356,-0.197,2.95,3.356,0.197,0.197,6,12,2023,0.01,4.0,-0.02
2023-12-07,WIPRO,420.0,421.5,416.65,418.25,0.357,-0.798,-0.417,0.798,0.357,0.357,7,12,2023,0.01,4.0,-0.02
2023-12-08,WIPRO,418.8,424.5,415.0,422.6,1.361,-0.907,0.907,1.361,0.907,0.907,8,12,2023,0.01,4.0,-0.02
2023-12-11,WIPRO,420.0,422.2,417.25,420.6,0.524,-0.655,0.143,0.655,0.524,0.524,11,12,2023,0.01,4.0,-0.02
2023-12-12,WIPRO,420.7,427.9,420.15,422.2,1.711,-0.131,0.357,1.711,0.131,0.131,12,12,2023,0.01,4.0,-0.02
2023-12-13,WIPRO,423.55,424.3,415.0,419.65,0.177,-2.019,-0.921,2.019,0.177,0.177,13,12,2023,0.01,4.0,-0.02
2023-12-14,WIPRO,423.5,436.0,423.25,434.4,2.952,-0.059,2.574,2.952,0.059,0.059,14,12,2023,0.01,4.0,-0.02
2023-12-15,WIPRO,436.05,449.5,433.5,446.55,3.085,-0.585,2.408,3.085,0.585,0.585,15,12,2023,0.01,4.0,-0.02
2023-12-18,WIPRO,446.0,453.5,442.0,445.25,1.682,-0.897,-0.168,1.682,0.897,0.897,18,12,2023,0.01,4.0,-0.02
2023-12-19,WIPRO,445.6,447.35,435.0,438.7,0.393,-2.379,-1.548,2.379,0.393,0.393,19,12,2023,0.01,4.0,-0.02
2023-12-20,WIPRO,442.0,449.5,429.35,431.95,1.697,-2.862,-2.274,2.862,1.697,1.697,20,12,2023,0.01,4.0,-0.02
2023-12-21,WIPRO,428.9,436.5,427.2,434.0,1.772,-0.396,1.189,1.772,0.396,0.396,21,12,2023,0.01,4.0,-0.02
2023-12-22,WIPRO,435.3,466.3,434.0,462.65,7.122,-0.299,6.283,7.122,0.299,0.299,22,12,2023,0.01,4.0,-0.02
2023-12-26,WIPRO,454.0,475.8,448.35,470.1,4.802,-1.244,3.546,4.802,1.244,1.244,26,12,2023,0.01,4.0,-0.02
2023-12-27,WIPRO,468.5,475.4,464.1,470.95,1.473,-0.939,0.523,1.473,0.939,0.939,27,12,2023,0.01,4.0,-0.02
2023-12-28,WIPRO,472.55,477.4,467.65,469.45,1.026,-1.037,-0.656,1.037,1.026,1.026,28,12,2023,0.01,4.0,-0.02
2023-12-29,WIPRO,470.95,475.35,466.1,471.3,0.934,-1.03,0.074,1.03,0.934,0.934,29,12,2023,0.01,4.0,-0.02
2024-01-01,WIPRO,473.0,483.5,468.3,477.15,2.22,-0.994,0.877,2.22,0.994,0.994,1,1,2024,0.01,4.0,-0.02
2024-01-02,WIPRO,478.0,478.0,464.3,469.2,0.0,-2.866,-1.841,2.866,0.0,0.0,2,1,2024,0.01,4.0,1.831
2024-01-03,WIPRO,463.9,463.9,455.0,455.9,0.0,-1.919,-1.725,1.919,0.0,0.0,3,1,2024,0.01,4.0,1.715
2024-01-04,WIPRO,457.0,459.85,451.4,452.4,0.624,-1.225,-1.007,1.225,0.624,0.624,4,1,2024,0.01,4.0,-0.02
2024-01-05,WIPRO,455.05,463.0,453.5,456.6,1.747,-0.341,0.341,1.747,0.341,0.341,5,1,2024,0.01,4.0,-0.02
2024-01-08,WIPRO,457.5,460.0,449.05,450.35,0.546,-1.847,-1.563,1.847,0.546,0.546,8,1,2024,0.01,4.0,-0.02
2024-01-09,WIPRO,458.0,462.5,449.95,450.75,0.983,-1.758,-1.583,1.758,0.983,0.983,9,1,2024,0.01,4.0,-0.02
2024-01-10,WIPRO,451.45,456.0,449.0,453.6,1.008,-0.543,0.476,1.008,0.543,0.543,10,1,2024,0.01,4.0,-0.02
2024-01-11,WIPRO,454.95,456.9,446.7,448.2,0.429,-1.813,-1.484,1.813,0.429,0.429,11,1,2024,0.01,4.0,-0.02
2024-01-12,WIPRO,455.0,469.0,455.0,465.45,3.077,0.0,2.297,3.077,0.0,0.0,12,1,2024,0.01,4.0,2.2870000000000004
2024-01-15,WIPRO,511.95,529.0,489.15,494.6,3.33,-4.454,-3.389,4.454,3.33,3.33,15,1,2024,0.01,4.0,-0.02
2024-01-16,WIPRO,495.0,495.0,480.5,485.0,0.0,-2.929,-2.02,2.929,0.0,0.0,16,1,2024,0.01,4.0,2.0100000000000002
2024-01-17,WIPRO,475.15,491.5,472.0,482.4,3.441,-0.663,1.526,3.441,0.663,0.663,17,1,2024,0.01,4.0,-0.02
2024-01-18,WIPRO,482.4,489.0,468.4,482.65,1.368,-2.902,0.052,2.902,1.368,1.368,18,1,2024,0.01,4.0,-0.02
2024-01-19,WIPRO,488.0,493.35,483.6,485.05,1.096,-0.902,-0.605,1.096,0.902,0.902,19,1,2024,0.01,4.0,-0.02
2024-01-20,WIPRO,486.4,488.9,469.05,477.95,0.514,-3.567,-1.737,3.567,0.514,0.514,20,1,2024,0.01,4.0,-0.02
2024-01-23,WIPRO,478.05,486.0,467.05,469.9,1.663,-2.301,-1.705,2.301,1.663,1.663,23,1,2024,0.01,4.0,-0.02
2024-01-24,WIPRO,471.0,479.0,468.05,478.05,1.699,-0.626,1.497,1.699,0.626,0.626,24,1,2024,0.01,4.0,-0.02
2024-01-25,WIPRO,478.05,478.05,478.05,478.05,0.0,0.0,0.0,0.0,0.0,0.0,25,1,2024,0.01,4.0,-0.01
2024-01-25,WIPRO,478.05,479.35,468.55,470.0,0.272,-1.987,-1.684,1.987,0.272,0.272,25,1,2024,0.01,4.0,-0.02
2024-01-29,WIPRO,470.0,477.0,470.0,473.0,1.489,0.0,0.638,1.489,0.0,0.0,29,1,2024,0.01,4.0,0.628
2024-01-30,WIPRO,474.4,482.9,471.5,472.5,1.792,-0.611,-0.401,1.792,0.611,0.611,30,1,2024,0.01,4.0,-0.02
2024-01-31,WIPRO,472.5,479.9,469.0,478.15,1.566,-0.741,1.196,1.566,0.741,0.741,31,1,2024,0.01,4.0,-0.02
2024-02-01,WIPRO,477.55,477.7,470.6,471.35,0.031,-1.455,-1.298,1.455,0.031,0.031,1,2,2024,0.01,4.0,-0.02
2024-02-02,WIPRO,475.0,486.5,475.0,483.15,2.421,0.0,1.716,2.421,0.0,0.0,2,2,2024,0.01,4.0,1.706
2024-02-05,WIPRO,483.0,489.5,479.15,482.35,1.346,-0.797,-0.135,1.346,0.797,0.797,5,2,2024,0.01,4.0,-0.02
2024-02-06,WIPRO,484.7,501.8,483.1,499.65,3.528,-0.33,3.084,3.528,0.33,0.33,6,2,2024,0.01,4.0,-0.02
2024-02-07,WIPRO,500.95,501.7,492.55,495.2,0.15,-1.677,-1.148,1.677,0.15,0.15,7,2,2024,0.01,4.0,-0.02
2024-02-08,WIPRO,495.9,500.1,485.1,488.85,0.847,-2.178,-1.422,2.178,0.847,0.847,8,2,2024,0.01,4.0,-0.02
2024-02-09,WIPRO,490.9,494.75,482.75,490.45,0.784,-1.66,-0.092,1.66,0.784,0.784,9,2,2024,0.01,4.0,-0.02
2024-02-12,WIPRO,491.0,510.8,491.0,501.45,4.033,0.0,2.128,4.033,0.0,0.0,12,2,2024,0.01,4.0,3.99
2024-02-13,WIPRO,503.1,513.0,491.7,511.6,1.968,-2.266,1.69,2.266,1.968,1.968,13,2,2024,0.01,4.0,-0.02
2024-02-14,WIPRO,503.95,517.0,497.05,514.5,2.59,-1.369,2.093,2.59,1.369,1.369,14,2,2024,0.01,4.0,-0.02
2024-02-15,WIPRO,516.95,522.85,513.05,518.5,1.141,-0.754,0.3,1.141,0.754,0.754,15,2,2024,0.01,4.0,-0.02
2024-02-16,WIPRO,522.5,545.0,520.95,543.0,4.306,-0.297,3.923,4.306,0.297,0.297,16,2,2024,0.01,4.0,-0.02
2024-02-19,WIPRO,545.9,545.9,531.35,535.95,0.0,-2.665,-1.823,2.665,0.0,0.0,19,2,2024,0.01,4.0,1.813
2024-02-20,WIPRO,535.8,538.15,526.25,531.95,0.439,-1.782,-0.719,1.782,0.439,0.439,20,2,2024,0.01,4.0,-0.02
2024-02-21,WIPRO,535.9,536.3,519.5,521.4,0.075,-3.06,-2.706,3.06,0.075,0.075,21,2,2024,0.01,4.0,-0.02
2024-02-22,WIPRO,522.8,533.0,521.45,531.05,1.951,-0.258,1.578,1.951,0.258,0.258,22,2,2024,0.01,4.0,-0.02
2024-02-23,WIPRO,535.0,541.25,533.3,536.15,1.168,-0.318,0.215,1.168,0.318,0.318,23,2,2024,0.01,4.0,-0.02
2024-02-26,WIPRO,536.25,536.5,526.05,532.9,0.047,-1.902,-0.625,1.902,0.047,0.047,26,2,2024,0.01,4.0,-0.02
2024-02-27,WIPRO,534.0,537.4,527.55,531.45,0.637,-1.208,-0.478,1.208,0.637,0.637,27,2,2024,0.01,4.0,-0.02
2024-02-28,WIPRO,530.0,530.95,515.0,517.7,0.179,-2.83,-2.321,2.83,0.179,0.179,28,2,2024,0.01,4.0,-0.02
2024-02-29,WIPRO,517.3,524.25,513.2,518.6,1.344,-0.793,0.251,1.344,0.793,0.793,29,2,2024,0.01,4.0,-0.02
2024-03-01,WIPRO,522.4,525.2,517.55,519.1,0.536,-0.928,-0.632,0.928,0.536,0.536,1,3,2024,0.01,4.0,-0.02
2024-03-02,WIPRO,523.45,524.8,522.0,522.85,0.258,-0.277,-0.115,0.277,0.258,0.258,2,3,2024,0.01,4.0,-0.02
2024-03-04,WIPRO,522.95,526.4,518.55,520.5,0.66,-0.841,-0.468,0.841,0.66,0.66,4,3,2024,0.01,4.0,-0.02
2024-03-05,WIPRO,517.75,520.5,510.65,513.3,0.531,-1.371,-0.859,1.371,0.531,0.531,5,3,2024,0.01,4.0,-0.02
2024-03-06,WIPRO,513.7,514.85,500.0,513.15,0.224,-2.667,-0.107,2.667,0.224,0.224,6,3,2024,0.01,4.0,-0.02
2024-03-07,WIPRO,513.75,520.4,510.5,515.5,1.294,-0.633,0.341,1.294,0.633,0.633,7,3,2024,0.01,4.0,-0.02
2024-03-11,WIPRO,517.4,518.95,512.3,514.55,0.3,-0.986,-0.551,0.986,0.3,0.3,11,3,2024,0.01,4.0,-0.02
2024-03-12,WIPRO,512.75,522.5,507.75,510.85,1.902,-0.975,-0.371,1.902,0.975,0.975,12,3,2024,0.01,4.0,-0.02
2024-03-13,WIPRO,513.8,518.7,496.8,504.4,0.954,-3.309,-1.83,3.309,0.954,0.954,13,3,2024,0.01,4.0,-0.02
2024-03-14,WIPRO,501.15,518.9,495.15,517.95,3.542,-1.197,3.352,3.542,1.197,1.197,14,3,2024,0.01,4.0,-0.02
2024-03-15,WIPRO,514.75,518.25,506.4,517.0,0.68,-1.622,0.437,1.622,0.68,0.68,15,3,2024,0.01,4.0,-0.02
2024-03-18,WIPRO,518.0,518.55,509.0,510.2,0.106,-1.737,-1.506,1.737,0.106,0.106,18,3,2024,0.01,4.0,-0.02
2024-03-19,WIPRO,509.0,509.0,493.15,494.85,0.0,-3.114,-2.78,3.114,0.0,0.0,19,3,2024,0.01,4.0,2.77
2024-03-20,WIPRO,496.05,501.25,489.2,493.5,1.048,-1.381,-0.514,1.381,1.048,1.048,20,3,2024,0.01,4.0,-0.02
2024-03-21,WIPRO,499.65,505.3,498.45,500.45,1.131,-0.24,0.16,1.131,0.24,0.24,21,3,2024,0.01,4.0,-0.02
2024-03-22,WIPRO,489.25,490.75,479.55,487.1,0.307,-1.983,-0.439,1.983,0.307,0.307,22,3,2024,0.01,4.0,-0.02
2024-03-26,WIPRO,486.0,490.95,479.05,479.85,1.019,-1.43,-1.265,1.43,1.019,1.019,26,3,2024,0.01,4.0,-0.02
2024-03-27,WIPRO,479.7,480.95,471.25,472.3,0.261,-1.762,-1.543,1.762,0.261,0.261,27,3,2024,0.01,4.0,-0.02
2024-03-28,WIPRO,476.7,483.05,475.3,480.1,1.332,-0.294,0.713,1.332,0.294,0.294,28,3,2024,0.01,4.0,-0.02
2024-04-01,WIPRO,483.7,486.4,481.55,484.95,0.558,-0.444,0.258,0.558,0.444,0.444,1,4,2024,0.01,4.0,-0.02
2024-04-02,WIPRO,481.95,482.7,479.6,481.2,0.156,-0.488,-0.156,0.488,0.156,0.156,2,4,2024,0.01,4.0,-0.02
2024-04-03,WIPRO,480.0,487.7,475.95,483.2,1.604,-0.844,0.667,1.604,0.844,0.844,3,4,2024,0.01,4.0,-0.02
2024-04-04,WIPRO,485.8,491.95,479.6,487.4,1.266,-1.276,0.329,1.276,1.266,1.266,4,4,2024,0.01,4.0,-0.02
2024-04-05,WIPRO,486.5,487.15,482.55,485.05,0.134,-0.812,-0.298,0.812,0.134,0.134,5,4,2024,0.01,4.0,-0.02
2024-04-08,WIPRO,490.0,491.6,478.2,479.9,0.327,-2.408,-2.061,2.408,0.327,0.327,8,4,2024,0.01,4.0,-0.02
2024-04-09,WIPRO,483.95,485.25,475.2,475.8,0.269,-1.808,-1.684,1.808,0.269,0.269,9,4,2024,0.01,4.0,-0.02
2024-04-10,WIPRO,477.5,479.45,473.1,477.3,0.408,-0.921,-0.042,0.921,0.408,0.408,10,4,2024,0.01,4.0,-0.02
2024-04-12,WIPRO,475.0,480.0,470.0,470.75,1.053,-1.053,-0.895,1.053,1.053,1.053,12,4,2024,0.01,4.0,-0.02
2024-04-15,WIPRO,466.45,468.35,458.2,459.35,0.407,-1.769,-1.522,1.769,0.407,0.407,15,4,2024,0.01,4.0,-0.02
2024-04-16,WIPRO,453.05,458.5,444.8,448.35,1.203,-1.821,-1.037,1.821,1.203,1.203,16,4,2024,0.01,4.0,-0.02
2024-04-18,WIPRO,452.5,455.45,442.85,444.35,0.652,-2.133,-1.801,2.133,0.652,0.652,18,4,2024,0.01,4.0,-0.02
2024-04-19,WIPRO,440.0,453.9,437.0,452.75,3.159,-0.682,2.898,3.159,0.682,0.682,19,4,2024,0.01,4.0,-0.02
2024-04-22,WIPRO,452.75,466.15,450.0,462.0,2.96,-0.607,2.043,2.96,0.607,0.607,22,4,2024,0.01,4.0,-0.02
2024-04-23,WIPRO,466.8,466.8,460.2,462.1,0.0,-1.414,-1.007,1.414,0.0,0.0,23,4,2024,0.01,4.0,0.9969999999999999
2024-04-24,WIPRO,463.9,464.65,458.6,459.9,0.162,-1.142,-0.862,1.142,0.162,0.162,24,4,2024,0.01,4.0,-0.02
2024-04-25,WIPRO,458.9,462.55,455.8,461.0,0.795,-0.676,0.458,0.795,0.676,0.676,25,4,2024,0.01,4.0,-0.02
2024-04-26,WIPRO,461.9,475.8,461.6,464.6,3.009,-0.065,0.585,3.009,0.065,0.065,26,4,2024,0.01,4.0,-0.02
2024-04-29,WIPRO,467.65,468.0,461.6,462.95,0.075,-1.294,-1.005,1.294,0.075,0.075,29,4,2024,0.01,4.0,-0.02
2024-04-30,WIPRO,463.0,466.75,461.5,462.4,0.81,-0.324,-0.13,0.81,0.324,0.324,30,4,2024,0.01,4.0,-0.02
2024-05-02,WIPRO,462.4,463.0,455.45,457.4,0.13,-1.503,-1.081,1.503,0.13,0.13,2,5,2024,0.01,4.0,-0.02
2024-05-03,WIPRO,460.4,462.0,453.2,457.35,0.348,-1.564,-0.662,1.564,0.348,0.348,3,5,2024,0.01,4.0,-0.02
2024-05-06,WIPRO,458.8,462.6,456.0,458.65,0.828,-0.61,-0.033,0.828,0.61,0.61,6,5,2024,0.01,4.0,-0.02
2024-05-07,WIPRO,461.8,465.35,454.0,463.9,0.769,-1.689,0.455,1.689,0.769,0.769,7,5,2024,0.01,4.0,-0.02
2024-05-08,WIPRO,465.0,466.4,461.3,463.2,0.301,-0.796,-0.387,0.796,0.301,0.301,8,5,2024,0.01,4.0,-0.02
2024-05-09,WIPRO,461.75,464.4,454.05,455.9,0.574,-1.668,-1.267,1.668,0.574,0.574,9,5,2024,0.01,4.0,-0.02
2024-05-10,WIPRO,456.05,457.5,450.3,451.85,0.318,-1.261,-0.921,1.261,0.318,0.318,10,5,2024,0.01,4.0,-0.02
2024-05-13,WIPRO,451.85,453.25,445.0,451.95,0.31,-1.516,0.022,1.516,0.31,0.31,13,5,2024,0.01,4.0,-0.02
2024-05-14,WIPRO,452.7,459.9,452.2,456.35,1.59,-0.11,0.806,1.59,0.11,0.11,14,5,2024,0.01,4.0,-0.02
2024-05-15,WIPRO,456.35,459.75,454.65,458.3,0.745,-0.373,0.427,0.745,0.373,0.373,15,5,2024,0.01,4.0,-0.02
2024-05-16,WIPRO,462.0,467.5,456.1,464.45,1.19,-1.277,0.53,1.277,1.19,1.19,16,5,2024,0.01,4.0,-0.02
2024-05-17,WIPRO,464.4,464.4,460.05,461.0,0.0,-0.937,-0.732,0.937,0.0,0.0,17,5,2024,0.01,4.0,0.722
2024-05-18,WIPRO,460.7,463.15,459.15,462.55,0.532,-0.336,0.402,0.532,0.336,0.336,18,5,2024,0.01,4.0,-0.02
2024-05-21,WIPRO,463.0,464.8,459.7,460.9,0.389,-0.713,-0.454,0.713,0.389,0.389,21,5,2024,0.01,4.0,-0.02
2024-05-22,WIPRO,462.9,463.45,458.85,461.3,0.119,-0.875,-0.346,0.875,0.119,0.119,22,5,2024,0.01,4.0,-0.02
2024-05-23,WIPRO,462.5,468.0,461.75,465.8,1.189,-0.162,0.714,1.189,0.162,0.162,23,5,2024,0.01,4.0,-0.02
2024-05-24,WIPRO,467.0,470.5,462.0,463.65,0.749,-1.071,-0.717,1.071,0.749,0.749,24,5,2024,0.01,4.0,-0.02
2024-05-27,WIPRO,462.0,462.15,451.6,452.45,0.032,-2.251,-2.067,2.251,0.032,0.032,27,5,2024,0.01,4.0,-0.02
2024-05-28,WIPRO,454.0,457.25,453.1,456.05,0.716,-0.198,0.452,0.716,0.198,0.198,28,5,2024,0.01,4.0,-0.02
2024-05-29,WIPRO,454.0,455.5,449.5,450.8,0.33,-0.991,-0.705,0.991,0.33,0.33,29,5,2024,0.01,4.0,-0.02
2024-05-30,WIPRO,449.0,449.5,435.1,436.95,0.111,-3.096,-2.684,3.096,0.111,0.111,30,5,2024,0.01,4.0,-0.02
2024-05-31,WIPRO,437.55,442.15,435.5,438.2,1.051,-0.469,0.149,1.051,0.469,0.469,31,5,2024,0.01,4.0,-0.02
2024-06-03,WIPRO,450.2,450.55,441.55,444.1,0.078,-1.921,-1.355,1.921,0.078,0.078,3,6,2024,0.01,4.0,-0.02
2024-06-04,WIPRO,445.9,445.9,417.0,438.15,0.0,-6.481,-1.738,6.481,0.0,0.0,4,6,2024,0.01,4.0,3.99
2024-06-05,WIPRO,439.7,455.0,439.05,451.5,3.48,-0.148,2.684,3.48,0.148,0.148,5,6,2024,0.01,4.0,-0.02
2024-06-06,WIPRO,454.95,462.0,452.6,461.0,1.55,-0.517,1.33,1.55,0.517,0.517,6,6,2024,0.01,4.0,-0.02
2024-06-07,WIPRO,470.0,486.4,468.3,484.55,3.489,-0.362,3.096,3.489,0.362,0.362,7,6,2024,0.01,4.0,-0.02
2024-06-10,WIPRO,488.4,488.4,473.35,475.25,0.0,-3.081,-2.692,3.081,0.0,0.0,10,6,2024,0.01,4.0,2.6820000000000004
2024-06-11,WIPRO,479.2,479.2,474.35,476.05,0.0,-1.012,-0.657,1.012,0.0,0.0,11,6,2024,0.01,4.0,0.647
2024-06-12,WIPRO,478.0,484.4,475.55,476.9,1.339,-0.513,-0.23,1.339,0.513,0.513,12,6,2024,0.01,4.0,-0.02
2024-06-13,WIPRO,480.0,485.35,478.15,482.6,1.115,-0.385,0.542,1.115,0.385,0.385,13,6,2024,0.01,4.0,-0.02
2024-06-14,WIPRO,485.0,485.6,476.2,477.5,0.124,-1.814,-1.546,1.814,0.124,0.124,14,6,2024,0.01,4.0,-0.02
2024-06-18,WIPRO,481.0,493.0,480.05,491.85,2.495,-0.198,2.256,2.495,0.198,0.198,18,6,2024,0.01,4.0,-0.02
2024-06-19,WIPRO,492.25,497.15,486.75,495.75,0.995,-1.117,0.711,1.117,0.995,0.995,19,6,2024,0.01,4.0,-0.02
2024-06-20,WIPRO,497.5,497.5,488.25,490.4,0.0,-1.859,-1.427,1.859,0.0,0.0,20,6,2024,0.01,4.0,1.417
2024-06-21,WIPRO,497.95,500.95,489.1,490.55,0.602,-1.777,-1.486,1.777,0.602,0.602,21,6,2024,0.01,4.0,-0.02
2024-06-24,WIPRO,490.1,494.9,489.45,490.55,0.979,-0.133,0.092,0.979,0.133,0.133,24,6,2024,0.01,4.0,-0.02
2024-06-25,WIPRO,490.55,498.0,489.3,496.85,1.519,-0.255,1.284,1.519,0.255,0.255,25,6,2024,0.01,4.0,-0.02
2024-06-26,WIPRO,496.85,499.9,493.8,495.2,0.614,-0.614,-0.332,0.614,0.614,0.614,26,6,2024,0.01,4.0,-0.02
2024-06-27,WIPRO,492.15,511.95,489.2,510.8,4.023,-0.599,3.789,4.023,0.599,0.599,27,6,2024,0.01,4.0,-0.02
2024-06-28,WIPRO,512.0,516.3,505.85,514.85,0.84,-1.201,0.557,1.201,0.84,0.84,28,6,2024,0.01,4.0,-0.02
2024-07-01,WIPRO,517.9,535.8,514.1,527.35,3.456,-0.734,1.825,3.456,0.734,0.734,1,7,2024,0.01,4.0,-0.02
2024-07-02,WIPRO,529.3,545.0,528.3,538.2,2.966,-0.189,1.681,2.966,0.189,0.189,2,7,2024,0.01,4.0,-0.02
2024-07-03,WIPRO,541.9,545.45,535.5,539.0,0.655,-1.181,-0.535,1.181,0.655,0.655,3,7,2024,0.01,4.0,-0.02
2024-07-04,WIPRO,541.4,548.8,529.1,530.7,1.367,-2.272,-1.976,2.272,1.367,1.367,4,7,2024,0.01,4.0,-0.02
2024-07-05,WIPRO,531.35,536.5,529.45,535.1,0.969,-0.358,0.706,0.969,0.358,0.358,5,7,2024,0.01,4.0,-0.02
2024-07-08,WIPRO,535.95,543.0,535.0,541.2,1.315,-0.177,0.98,1.315,0.177,0.177,8,7,2024,0.01,4.0,-0.02
2024-07-09,WIPRO,544.0,544.95,537.6,541.0,0.175,-1.176,-0.551,1.176,0.175,0.175,9,7,2024,0.01,4.0,-0.02
2024-07-10,WIPRO,541.0,543.35,531.75,535.55,0.434,-1.71,-1.007,1.71,0.434,0.434,10,7,2024,0.01,4.0,-0.02
2024-07-11,WIPRO,536.7,539.55,530.0,534.1,0.531,-1.248,-0.484,1.248,0.531,0.531,11,7,2024,0.01,4.0,-0.02
2024-07-12,WIPRO,545.0,564.8,541.55,560.15,3.633,-0.633,2.78,3.633,0.633,0.633,12,7,2024,0.01,4.0,-0.02
2024-07-15,WIPRO,566.9,566.9,556.15,559.7,0.0,-1.896,-1.27,1.896,0.0,0.0,15,7,2024,0.01,4.0,1.26
2024-07-16,WIPRO,561.85,562.6,556.4,559.7,0.133,-0.97,-0.383,0.97,0.133,0.133,16,7,2024,0.01,4.0,-0.02
2024-07-18,WIPRO,556.55,574.4,556.35,573.2,3.207,-0.036,2.992,3.207,0.036,0.036,18,7,2024,0.01,4.0,-0.02
2024-07-19,WIPRO,579.9,579.9,554.7,557.2,0.0,-4.346,-3.914,4.346,0.0,0.0,19,7,2024,0.01,4.0,3.99
2024-07-22,WIPRO,521.0,526.75,501.55,505.8,1.104,-3.733,-2.917,3.733,1.104,1.104,22,7,2024,0.01,4.0,-0.02
2024-07-23,WIPRO,508.0,508.0,486.35,500.55,0.0,-4.262,-1.467,4.262,0.0,0.0,23,7,2024,0.01,4.0,3.99
2024-07-24,WIPRO,502.5,506.35,499.85,500.1,0.766,-0.527,-0.478,0.766,0.527,0.527,24,7,2024,0.01,4.0,-0.02
2024-07-25,WIPRO,496.0,507.5,493.3,506.85,2.319,-0.544,2.188,2.319,0.544,0.544,25,7,2024,0.01,4.0,-0.02
2024-07-26,WIPRO,510.0,528.55,508.5,524.8,3.637,-0.294,2.902,3.637,0.294,0.294,26,7,2024,0.01,4.0,-0.02
2024-07-29,WIPRO,528.0,530.55,522.85,524.4,0.483,-0.975,-0.682,0.975,0.483,0.483,29,7,2024,0.01,4.0,-0.02
2024-07-30,WIPRO,524.4,526.95,519.75,521.5,0.486,-0.887,-0.553,0.887,0.486,0.486,30,7,2024,0.01,4.0,-0.02
2024-07-31,WIPRO,521.8,524.9,519.45,522.0,0.594,-0.45,0.038,0.594,0.45,0.45,31,7,2024,0.01,4.0,-0.02
2024-08-01,WIPRO,523.0,526.8,517.5,521.55,0.727,-1.052,-0.277,1.052,0.727,0.727,1,8,2024,0.01,4.0,-0.02
2024-08-02,WIPRO,515.0,519.25,501.0,502.15,0.825,-2.718,-2.495,2.718,0.825,0.825,2,8,2024,0.01,4.0,-0.02
2024-08-05,WIPRO,490.0,495.85,480.25,485.0,1.194,-1.99,-1.02,1.99,1.194,1.194,5,8,2024,0.01,4.0,-0.02
2024-08-06,WIPRO,489.75,499.35,486.6,489.5,1.96,-0.643,-0.051,1.96,0.643,0.643,6,8,2024,0.01,4.0,-0.02
2024-08-07,WIPRO,498.7,500.1,492.65,497.4,0.281,-1.213,-0.261,1.213,0.281,0.281,7,8,2024,0.01,4.0,-0.02
2024-08-08,WIPRO,494.0,494.0,486.35,487.3,0.0,-1.549,-1.356,1.549,0.0,0.0,8,8,2024,0.01,4.0,1.346
2024-08-09,WIPRO,495.35,496.45,489.65,491.3,0.222,-1.151,-0.818,1.151,0.222,0.222,9,8,2024,0.01,4.0,-0.02
2024-08-12,WIPRO,491.55,494.0,487.4,489.05,0.498,-0.844,-0.509,0.844,0.498,0.498,12,8,2024,0.01,4.0,-0.02
2024-08-13,WIPRO,489.05,492.7,487.15,490.5,0.746,-0.389,0.296,0.746,0.389,0.389,13,8,2024,0.01,4.0,-0.02
2024-08-14,WIPRO,493.0,496.85,490.45,495.15,0.781,-0.517,0.436,0.781,0.517,0.517,14,8,2024,0.01,4.0,-0.02
