,Unnamed: 0.10,Unnamed: 0.9,Unnamed: 0.8,Unnamed: 0.7,Unnamed: 0.6,Unnamed: 0.5,Unnamed: 0.4,Unnamed: 0.3,Unnamed: 0.2,Unnamed: 0.1,Unnamed: 0,Date,Symbol,OpenPrice,HighPrice,LowPrice,ClosePrice,High%,Low%,Close%,target_wrt_h&l%,stoploss_wrt_h&l%,profit_decider,Day,Month,Year,stploss,trgt,profit,cumsum,cumprod
0,0,0,0,0,0,0,0,0,0,0,0,2022-08-16,YESBANK,15.3,16.0,15.3,15.9,4.575,0.0,3.922,4.575,0.0,0.0,16,8,2022,0.01,10.6,3.912,3.912,1.03912
1,1,1,1,1,1,1,1,1,1,1,1,2022-08-17,YESBANK,16.0,16.8,15.95,16.55,5.0,-0.313,3.438,5.0,0.313,0.313,17,8,2022,0.01,10.6,-0.02,3.892,1.038912176
2,2,2,2,2,2,2,2,2,2,2,2,2022-08-18,YESBANK,16.55,16.8,16.35,16.65,1.511,-1.208,0.604,1.511,1.208,1.208,18,8,2022,0.01,10.6,-0.02,3.872,1.0387043935648
3,3,3,3,3,3,3,3,3,3,3,3,2022-08-19,YESBANK,16.65,16.75,16.15,16.55,0.601,-3.003,-0.601,3.003,0.601,0.601,19,8,2022,0.01,10.6,-0.02,3.852,1.038496652686087
4,4,4,4,4,4,4,4,4,4,4,4,2022-08-22,YESBANK,16.5,16.6,16.25,16.35,0.606,-1.515,-0.909,1.515,0.606,0.606,22,8,2022,0.01,10.6,-0.02,3.832,1.03828895335555
5,5,5,5,5,5,5,5,5,5,5,5,2022-08-23,YESBANK,16.15,16.85,16.15,16.3,4.334,0.0,0.929,4.334,0.0,0.0,23,8,2022,0.01,10.6,0.919,4.7509999999999994,1.0478308288368874
6,6,6,6,6,6,6,6,6,6,6,6,2022-08-24,YESBANK,16.35,16.75,16.25,16.6,2.446,-0.612,1.529,2.446,0.612,0.612,24,8,2022,0.01,10.6,-0.02,4.731,1.04762126267112
7,7,7,7,7,7,7,7,7,7,7,7,2022-08-25,YESBANK,16.8,16.95,16.45,16.5,0.893,-2.083,-1.786,2.083,0.893,0.893,25,8,2022,0.01,10.6,-0.02,4.711,1.047411738418586
8,8,8,8,8,8,8,8,8,8,8,8,2022-08-26,YESBANK,16.6,16.7,16.4,16.45,0.602,-1.205,-0.904,1.205,0.602,0.602,26,8,2022,0.01,10.6,-0.02,4.691000000000001,1.0472022560709022
9,9,9,9,9,9,9,9,9,9,9,9,2022-08-29,YESBANK,16.1,16.35,15.85,16.2,1.553,-1.553,0.621,1.553,1.553,1.553,29,8,2022,0.01,10.6,-0.02,4.671000000000001,1.0469928156196882
10,10,10,10,10,10,10,10,10,10,10,10,2022-08-30,YESBANK,16.25,16.6,16.25,16.45,2.154,0.0,1.231,2.154,0.0,0.0,30,8,2022,0.01,10.6,1.221,5.892000000000001,1.0597765978984046
11,11,11,11,11,11,11,11,11,11,11,11,2022-09-01,YESBANK,16.35,16.6,16.35,16.35,1.529,0.0,0.0,1.529,0.0,0.0,1,9,2022,0.01,10.6,-0.01,5.8820000000000014,1.0596706202386148
12,12,12,12,12,12,12,12,12,12,12,12,2022-09-02,YESBANK,16.45,16.5,16.2,16.2,0.304,-1.52,-1.52,1.52,0.304,0.304,2,9,2022,0.01,10.6,-0.02,5.862000000000002,1.0594586861145672
13,13,13,13,13,13,13,13,13,13,13,13,2022-09-05,YESBANK,16.25,17.4,16.2,16.65,7.077,-0.308,2.462,7.077,0.308,0.308,5,9,2022,0.01,10.6,-0.02,5.842000000000002,1.0592467943773443
14,14,14,14,14,14,14,14,14,14,14,14,2022-09-06,YESBANK,16.75,17.2,16.5,16.75,2.687,-1.493,0.0,2.687,1.493,1.493,6,9,2022,0.01,10.6,-0.02,5.822000000000003,1.0590349450184688
15,15,15,15,15,15,15,15,15,15,15,15,2022-09-07,YESBANK,16.6,17.45,16.6,17.3,5.12,0.0,4.217,5.12,0.0,0.0,7,9,2022,0.01,10.6,4.207,10.029000000000003,1.103588545155396
16,16,16,16,16,16,16,16,16,16,16,16,2022-09-08,YESBANK,17.5,18.05,17.4,17.75,3.143,-0.571,1.429,3.143,0.571,0.571,8,9,2022,0.01,10.6,-0.02,10.009000000000004,1.103367827446365
17,17,17,17,17,17,17,17,17,17,17,17,2022-09-09,YESBANK,17.85,18.2,17.3,17.5,1.961,-3.081,-1.961,3.081,1.961,1.961,9,9,2022,0.01,10.6,-0.02,9.989000000000004,1.1031471538808757
18,18,18,18,18,18,18,18,18,18,18,18,2022-09-12,YESBANK,17.7,17.8,17.5,17.55,0.565,-1.13,-0.847,1.13,0.565,0.565,12,9,2022,0.01,10.6,-0.02,9.969000000000005,1.1029265244500996
19,19,19,19,19,19,19,19,19,19,19,19,2022-09-13,YESBANK,17.65,17.7,17.3,17.45,0.283,-1.983,-1.133,1.983,0.283,0.283,13,9,2022,0.01,10.6,-0.02,9.949000000000005,1.1027059391452096
20,20,20,20,20,20,20,20,20,20,20,20,2022-09-14,YESBANK,17.15,17.5,17.1,17.25,2.041,-0.292,0.583,2.041,0.292,0.292,14,9,2022,0.01,10.6,-0.02,9.929000000000006,1.1024853979573805
21,21,21,21,21,21,21,21,21,21,21,21,2022-09-15,YESBANK,17.4,17.6,17.1,17.15,1.149,-1.724,-1.437,1.724,1.149,1.149,15,9,2022,0.01,10.6,-0.02,9.909000000000006,1.1022649008777892
22,22,22,22,22,22,22,22,22,22,22,22,2022-09-16,YESBANK,17.15,17.25,16.65,16.75,0.583,-2.915,-2.332,2.915,0.583,0.583,16,9,2022,0.01,10.6,-0.02,9.889000000000006,1.1020444478976137
23,23,23,23,23,23,23,23,23,23,23,23,2022-09-19,YESBANK,16.75,16.8,16.3,16.35,0.299,-2.687,-2.388,2.687,0.299,0.299,19,9,2022,0.01,10.6,-0.02,9.869000000000007,1.1018240390080343
24,24,24,24,24,24,24,24,24,24,24,24,2022-09-20,YESBANK,16.45,16.85,16.35,16.4,2.432,-0.608,-0.304,2.432,0.608,0.608,20,9,2022,0.01,10.6,-0.02,9.849000000000007,1.1016036742002326
25,25,25,25,25,25,25,25,25,25,25,25,2022-09-21,YESBANK,16.85,17.25,16.65,16.9,2.374,-1.187,0.297,2.374,1.187,1.187,21,9,2022,0.01,10.6,-0.02,9.829000000000008,1.1013833534653925
26,26,26,26,26,26,26,26,26,26,26,26,2022-09-22,YESBANK,16.85,17.15,16.6,16.75,1.78,-1.484,-0.593,1.78,1.484,1.484,22,9,2022,0.01,10.6,-0.02,9.809000000000008,1.1011630767946994
27,27,27,27,27,27,27,27,27,27,27,27,2022-09-23,YESBANK,16.75,16.75,16.0,16.2,0.0,-4.478,-3.284,4.478,0.0,0.0,23,9,2022,0.01,10.6,3.274,13.083000000000009,1.1372151559289578
28,28,28,28,28,28,28,28,28,28,28,28,2022-09-26,YESBANK,16.0,16.0,15.35,15.5,0.0,-4.063,-3.125,4.063,0.0,0.0,26,9,2022,0.01,10.6,3.115,16.198000000000008,1.1726394080361449
29,29,29,29,29,29,29,29,29,29,29,29,2022-09-27,YESBANK,15.6,15.9,15.45,15.75,1.923,-0.962,0.962,1.923,0.962,0.962,27,9,2022,0.01,10.6,-0.02,16.178000000000008,1.1724048801545377
30,30,30,30,30,30,30,30,30,30,30,30,2022-09-28,YESBANK,15.6,15.75,15.4,15.45,0.962,-1.282,-0.962,1.282,0.962,0.962,28,9,2022,0.01,10.6,-0.02,16.15800000000001,1.1721703991785068
31,31,31,31,31,31,31,31,31,31,31,31,2022-09-29,YESBANK,15.6,15.75,15.4,15.5,0.962,-1.282,-0.641,1.282,0.962,0.962,29,9,2022,0.01,10.6,-0.02,16.13800000000001,1.1719359650986712
32,32,32,32,32,32,32,32,32,32,32,32,2022-09-30,YESBANK,15.55,15.85,15.4,15.65,1.929,-0.965,0.643,1.929,0.965,0.965,30,9,2022,0.01,10.6,-0.02,16.11800000000001,1.1717015779056514
33,33,33,33,33,33,33,33,33,33,33,33,2022-10-03,YESBANK,15.65,15.65,15.65,15.65,0.0,0.0,0.0,0.0,0.0,0.0,3,10,2022,0.01,10.6,-0.01,16.108000000000008,1.171584407747861
34,34,34,34,34,34,34,34,34,34,34,34,2022-10-03,YESBANK,15.65,15.75,15.3,15.4,0.639,-2.236,-1.597,2.236,0.639,0.639,3,10,2022,0.01,10.6,-0.02,16.088000000000008,1.1713500908663115
35,35,35,35,35,35,35,35,35,35,35,35,2022-10-04,YESBANK,15.65,16.3,15.6,16.2,4.153,-0.319,3.514,4.153,0.319,0.319,4,10,2022,0.01,10.6,-0.02,16.06800000000001,1.1711158208481383
36,36,36,36,36,36,36,36,36,36,36,36,2022-10-06,YESBANK,16.35,16.85,16.25,16.5,3.058,-0.612,0.917,3.058,0.612,0.612,6,10,2022,0.01,10.6,-0.02,16.04800000000001,1.1708815976839686
37,37,37,37,37,37,37,37,37,37,37,37,2022-10-07,YESBANK,16.75,16.75,16.35,16.55,0.0,-2.388,-1.194,2.388,0.0,0.0,7,10,2022,0.01,10.6,1.184,17.23200000000001,1.1847448358005468
38,38,38,38,38,38,38,38,38,38,38,38,2022-10-10,YESBANK,16.4,16.55,16.2,16.45,0.915,-1.22,0.305,1.22,0.915,0.915,10,10,2022,0.01,10.6,-0.02,17.21200000000001,1.1845078868333867
39,39,39,39,39,39,39,39,39,39,39,39,2022-10-11,YESBANK,16.5,16.6,16.05,16.15,0.606,-2.727,-2.121,2.727,0.606,0.606,11,10,2022,0.01,10.6,-0.02,17.19200000000001,1.18427098525602
40,40,40,40,40,40,40,40,40,40,40,40,2022-10-12,YESBANK,16.25,16.3,15.8,16.0,0.308,-2.769,-1.538,2.769,0.308,0.308,12,10,2022,0.01,10.6,-0.02,17.17200000000001,1.1840341310589688
41,41,41,41,41,41,41,41,41,41,41,41,2022-10-13,YESBANK,15.95,16.0,15.6,15.8,0.313,-2.194,-0.94,2.194,0.313,0.313,13,10,2022,0.01,10.6,-0.02,17.15200000000001,1.183797324232757
42,42,42,42,42,42,42,42,42,42,42,42,2022-10-14,YESBANK,16.05,16.15,15.7,15.8,0.623,-2.181,-1.558,2.181,0.623,0.623,14,10,2022,0.01,10.6,-0.02,17.132000000000012,1.1835605647679106
43,43,43,43,43,43,43,43,43,43,43,43,2022-10-17,YESBANK,15.7,16.05,15.65,15.75,2.229,-0.318,0.318,2.229,0.318,0.318,17,10,2022,0.01,10.6,-0.02,17.112000000000013,1.183323852654957
44,44,44,44,44,44,44,44,44,44,44,44,2022-10-18,YESBANK,15.85,15.95,15.7,15.85,0.631,-0.946,0.0,0.946,0.631,0.631,18,10,2022,0.01,10.6,-0.02,17.092000000000013,1.183087187884426
45,45,45,45,45,45,45,45,45,45,45,45,2022-10-19,YESBANK,15.85,16.05,15.8,15.9,1.262,-0.315,0.315,1.262,0.315,0.315,19,10,2022,0.01,10.6,-0.02,17.072000000000013,1.182850570446849
46,46,46,46,46,46,46,46,46,46,46,46,2022-10-20,YESBANK,15.85,16.0,15.75,15.95,0.946,-0.631,0.631,0.946,0.631,0.631,20,10,2022,0.01,10.6,-0.02,17.052000000000014,1.1826140003327597
47,47,47,47,47,47,47,47,47,47,47,47,2022-10-21,YESBANK,16.15,16.35,15.9,16.05,1.238,-1.548,-0.619,1.548,1.238,1.238,21,10,2022,0.01,10.6,-0.02,17.032000000000014,1.1823774775326932
48,48,48,48,48,48,48,48,48,48,48,48,2022-10-24,YESBANK,16.0,16.0,15.6,15.75,0.0,-2.5,-1.562,2.5,0.0,0.0,24,10,2022,0.01,10.6,1.552,18.584000000000014,1.2007279759840006
49,49,49,49,49,49,49,49,49,49,49,49,2022-10-25,YESBANK,15.7,15.85,15.55,15.6,0.955,-0.955,-0.637,0.955,0.955,0.955,25,10,2022,0.01,10.6,-0.02,18.564000000000014,1.2004878303888038
50,50,50,50,50,50,50,50,50,50,50,50,2022-10-27,YESBANK,15.65,16.0,15.5,15.75,2.236,-0.958,0.639,2.236,0.958,0.958,27,10,2022,0.01,10.6,-0.02,18.544000000000015,1.2002477328227261
51,51,51,51,51,51,51,51,51,51,51,51,2022-10-28,YESBANK,15.8,15.8,15.6,15.65,0.0,-1.266,-0.949,1.266,0.0,0.0,28,10,2022,0.01,10.6,0.939,19.483000000000015,1.2115180590339316
52,52,52,52,52,52,52,52,52,52,52,52,2022-10-31,YESBANK,15.75,15.8,15.45,15.55,0.317,-1.905,-1.27,1.905,0.317,0.317,31,10,2022,0.01,10.6,-0.02,19.463000000000015,1.211275755422125
53,53,53,53,53,53,53,53,53,53,53,53,2022-11-01,YESBANK,15.6,15.85,15.25,15.5,1.603,-2.244,-0.641,2.244,1.603,1.603,1,11,2022,0.01,10.6,-0.02,19.443000000000016,1.2110335002710406
54,54,54,54,54,54,54,54,54,54,54,54,2022-11-02,YESBANK,15.5,15.7,15.4,15.5,1.29,-0.645,0.0,1.29,0.645,0.645,2,11,2022,0.01,10.6,-0.02,19.423000000000016,1.2107912935709864
55,55,55,55,55,55,55,55,55,55,55,55,2022-11-03,YESBANK,15.5,16.3,15.5,16.1,5.161,0.0,3.871,5.161,0.0,0.0,3,11,2022,0.01,10.6,3.861,23.284000000000017,1.257539945415762
56,56,56,56,56,56,56,56,56,56,56,56,2022-11-04,YESBANK,16.25,16.6,16.15,16.45,2.154,-0.615,1.231,2.154,0.615,0.615,4,11,2022,0.01,10.6,-0.02,23.264000000000017,1.257288437426679
57,57,57,57,57,57,57,57,57,57,57,57,2022-11-07,YESBANK,16.55,16.75,16.4,16.55,1.208,-0.906,0.0,1.208,0.906,0.906,7,11,2022,0.01,10.6,-0.02,23.244000000000018,1.2570369797391938
58,58,58,58,58,58,58,58,58,58,58,58,2022-11-09,YESBANK,16.55,16.7,16.4,16.55,0.906,-0.906,0.0,0.906,0.906,0.906,9,11,2022,0.01,10.6,-0.02,23.224000000000018,1.256785572343246
59,59,59,59,59,59,59,59,59,59,59,59,2022-11-10,YESBANK,16.5,16.65,16.25,16.5,0.909,-1.515,0.0,1.515,0.909,0.909,10,11,2022,0.01,10.6,-0.02,23.20400000000002,1.2565342152287773
60,60,60,60,60,60,60,60,60,60,60,60,2022-11-11,YESBANK,16.65,16.95,16.4,16.85,1.802,-1.502,1.201,1.802,1.502,1.502,11,11,2022,0.01,10.6,-0.02,23.18400000000002,1.2562829083857316
61,61,61,61,61,61,61,61,61,61,61,61,2022-11-14,YESBANK,16.85,17.4,16.75,17.1,3.264,-0.593,1.484,3.264,0.593,0.593,14,11,2022,0.01,10.6,-0.02,23.16400000000002,1.2560316518040546
62,62,62,62,62,62,62,62,62,62,62,62,2022-11-15,YESBANK,17.1,17.25,16.9,17.05,0.877,-1.17,-0.292,1.17,0.877,0.877,15,11,2022,0.01,10.6,-0.02,23.14400000000002,1.2557804454736938
63,63,63,63,63,63,63,63,63,63,63,63,2022-11-16,YESBANK,17.05,17.35,16.9,17.05,1.76,-0.88,0.0,1.76,0.88,0.88,16,11,2022,0.01,10.6,-0.02,23.12400000000002,1.255529289384599
64,64,64,64,64,64,64,64,64,64,64,64,2022-11-17,YESBANK,17.0,17.25,16.9,16.95,1.471,-0.588,-0.294,1.471,0.588,0.588,17,11,2022,0.01,10.6,-0.02,23.10400000000002,1.2552781835267222
65,65,65,65,65,65,65,65,65,65,65,65,2022-11-18,YESBANK,16.95,17.05,16.7,16.85,0.59,-1.475,-0.59,1.475,0.59,0.59,18,11,2022,0.01,10.6,-0.02,23.08400000000002,1.255027127890017
66,66,66,66,66,66,66,66,66,66,66,66,2022-11-21,YESBANK,16.85,16.95,16.5,16.65,0.593,-2.077,-1.187,2.077,0.593,0.593,21,11,2022,0.01,10.6,-0.02,23.06400000000002,1.254776122464439
67,67,67,67,67,67,67,67,67,67,67,67,2022-11-22,YESBANK,16.65,17.4,16.65,17.05,4.505,0.0,2.402,4.505,0.0,0.0,22,11,2022,0.01,10.6,2.3920000000000003,25.45600000000002,1.2847903673137882
68,68,68,68,68,68,68,68,68,68,68,68,2022-11-23,YESBANK,17.05,17.15,16.8,16.85,0.587,-1.466,-1.173,1.466,0.587,0.587,23,11,2022,0.01,10.6,-0.02,25.43600000000002,1.2845334092403253
69,69,69,69,69,69,69,69,69,69,69,69,2022-11-24,YESBANK,16.9,17.0,16.85,16.95,0.592,-0.296,0.296,0.592,0.296,0.296,24,11,2022,0.01,10.6,-0.02,25.41600000000002,1.2842765025584773
70,70,70,70,70,70,70,70,70,70,70,70,2022-11-25,YESBANK,16.95,17.2,16.75,16.95,1.475,-1.18,0.0,1.475,1.18,1.18,25,11,2022,0.01,10.6,-0.02,25.396000000000022,1.2840196472579657
71,71,71,71,71,71,71,71,71,71,71,71,2022-11-28,YESBANK,16.95,17.55,16.9,17.15,3.54,-0.295,1.18,3.54,0.295,0.295,28,11,2022,0.01,10.6,-0.02,25.376000000000023,1.2837628433285142
72,72,72,72,72,72,72,72,72,72,72,72,2022-11-29,YESBANK,17.2,17.3,17.0,17.05,0.581,-1.163,-0.872,1.163,0.581,0.581,29,11,2022,0.01,10.6,-0.02,25.356000000000023,1.2835060907598486
73,73,73,73,73,73,73,73,73,73,73,73,2022-11-30,YESBANK,17.1,17.35,16.95,17.15,1.462,-0.877,0.292,1.462,0.877,0.877,30,11,2022,0.01,10.6,-0.02,25.336000000000023,1.2832493895416965
74,74,74,74,74,74,74,74,74,74,74,74,2022-12-01,YESBANK,17.2,17.3,17.0,17.05,0.581,-1.163,-0.872,1.163,0.581,0.581,1,12,2022,0.01,10.6,-0.02,25.316000000000024,1.2829927396637881
75,75,75,75,75,75,75,75,75,75,75,75,2022-12-02,YESBANK,17.3,17.9,17.25,17.4,3.468,-0.289,0.578,3.468,0.289,0.289,2,12,2022,0.01,10.6,-0.02,25.296000000000024,1.2827361411158553
76,76,76,76,76,76,76,76,76,76,76,76,2022-12-05,YESBANK,17.6,17.8,17.35,17.45,1.136,-1.42,-0.852,1.42,1.136,1.136,5,12,2022,0.01,10.6,-0.02,25.276000000000025,1.282479593887632
77,77,77,77,77,77,77,77,77,77,77,77,2022-12-06,YESBANK,17.35,17.9,17.3,17.5,3.17,-0.288,0.865,3.17,0.288,0.288,6,12,2022,0.01,10.6,-0.02,25.256000000000025,1.2822230979688547
78,78,78,78,78,78,78,78,78,78,78,78,2022-12-07,YESBANK,17.5,17.65,17.35,17.45,0.857,-0.857,-0.286,0.857,0.857,0.857,7,12,2022,0.01,10.6,-0.02,25.236000000000026,1.2819666533492609
79,79,79,79,79,79,79,79,79,79,79,79,2022-12-08,YESBANK,17.5,17.8,17.45,17.75,1.714,-0.286,1.429,1.714,0.286,0.286,8,12,2022,0.01,10.6,-0.02,25.216000000000026,1.281710260018591
80,80,80,80,80,80,80,80,80,80,80,80,2022-12-09,YESBANK,17.7,20.5,17.65,19.7,15.819,-0.282,11.299,15.819,0.282,0.282,9,12,2022,0.01,10.6,-0.02,25.196000000000026,1.2814539179665874
81,81,81,81,81,81,81,81,81,81,81,81,2022-12-12,YESBANK,19.95,21.4,19.65,21.1,7.268,-1.504,5.764,7.268,1.504,1.504,12,12,2022,0.01,10.6,-0.02,25.176000000000027,1.2811976271829941
82,82,82,82,82,82,82,82,82,82,82,82,2022-12-13,YESBANK,21.5,24.35,21.45,23.95,13.256,-0.233,11.395,13.256,0.233,0.233,13,12,2022,0.01,10.6,-0.02,25.156000000000027,1.2809413876575575
83,83,83,83,83,83,83,83,83,83,83,83,2022-12-14,YESBANK,24.05,24.75,21.9,22.1,2.911,-8.94,-8.108,8.94,2.911,2.911,14,12,2022,0.01,10.6,-0.02,25.136000000000028,1.2806851993800261
84,84,84,84,84,84,84,84,84,84,84,84,2022-12-15,YESBANK,22.0,22.9,21.45,22.45,4.091,-2.5,2.045,4.091,2.5,2.5,15,12,2022,0.01,10.6,-0.02,25.116000000000028,1.2804290623401502
85,85,85,85,85,85,85,85,85,85,85,85,2022-12-16,YESBANK,22.2,22.45,21.05,21.2,1.126,-5.18,-4.505,5.18,1.126,1.126,16,12,2022,0.01,10.6,-0.02,25.09600000000003,1.2801729765276821
86,86,86,86,86,86,86,86,86,86,86,86,2022-12-19,YESBANK,21.5,22.1,21.25,21.4,2.791,-1.163,-0.465,2.791,1.163,1.163,19,12,2022,0.01,10.6,-0.02,25.07600000000003,1.2799169419323766
87,87,87,87,87,87,87,87,87,87,87,87,2022-12-20,YESBANK,21.35,21.5,20.6,21.3,0.703,-3.513,-0.234,3.513,0.703,0.703,20,12,2022,0.01,10.6,-0.02,25.05600000000003,1.2796609585439902
88,88,88,88,88,88,88,88,88,88,88,88,2022-12-21,YESBANK,21.45,21.65,19.65,19.85,0.932,-8.392,-7.459,8.392,0.932,0.932,21,12,2022,0.01,10.6,-0.02,25.03600000000003,1.2794050263522814
89,89,89,89,89,89,89,89,89,89,89,89,2022-12-22,YESBANK,20.05,20.2,18.85,18.95,0.748,-5.985,-5.486,5.985,0.748,0.748,22,12,2022,0.01,10.6,-0.02,25.01600000000003,1.279149145347011
90,90,90,90,90,90,90,90,90,90,90,90,2022-12-23,YESBANK,18.55,18.9,17.25,17.45,1.887,-7.008,-5.93,7.008,1.887,1.887,23,12,2022,0.01,10.6,-0.02,24.99600000000003,1.2788933155179416
91,91,91,91,91,91,91,91,91,91,91,91,2022-12-26,YESBANK,17.6,19.95,17.55,19.6,13.352,-0.284,11.364,13.352,0.284,0.284,26,12,2022,0.01,10.6,-0.02,24.97600000000003,1.278637536854838
92,92,92,92,92,92,92,92,92,92,92,92,2022-12-27,YESBANK,20.2,20.7,19.6,20.15,2.475,-2.97,-0.248,2.97,2.475,2.475,27,12,2022,0.01,10.6,-0.02,24.95600000000003,1.278381809347467
93,93,93,93,93,93,93,93,93,93,93,93,2022-12-28,YESBANK,20.15,20.7,19.65,20.15,2.73,-2.481,0.0,2.73,2.481,2.481,28,12,2022,0.01,10.6,-0.02,24.936000000000032,1.2781261329855975
94,94,94,94,94,94,94,94,94,94,94,94,2022-12-29,YESBANK,19.9,20.35,19.75,20.15,2.261,-0.754,1.256,2.261,0.754,0.754,29,12,2022,0.01,10.6,-0.02,24.916000000000032,1.2778705077590005
95,95,95,95,95,95,95,95,95,95,95,95,2022-12-30,YESBANK,20.5,20.85,20.3,20.6,1.707,-0.976,0.488,1.707,0.976,0.976,30,12,2022,0.01,10.6,-0.02,24.896000000000033,1.2776149336574487
96,96,96,96,96,96,96,96,96,96,96,96,2023-01-02,YESBANK,20.85,22.1,20.75,21.65,5.995,-0.48,3.837,5.995,0.48,0.48,2,1,2023,0.01,10.6,-0.02,24.876000000000033,1.2773594106707173
97,97,97,97,97,97,97,97,97,97,97,97,2023-01-03,YESBANK,21.9,22.25,21.75,22.05,1.598,-0.685,0.685,1.598,0.685,0.685,3,1,2023,0.01,10.6,-0.02,24.856000000000034,1.2771039387885832
98,98,98,98,98,98,98,98,98,98,98,98,2023-01-04,YESBANK,22.2,22.4,20.9,21.35,0.901,-5.856,-3.829,5.856,0.901,0.901,4,1,2023,0.01,10.6,-0.02,24.836000000000034,1.2768485180008255
99,99,99,99,99,99,99,99,99,99,99,99,2023-01-05,YESBANK,21.5,21.7,21.15,21.45,0.93,-1.628,-0.233,1.628,0.93,0.93,5,1,2023,0.01,10.6,-0.02,24.816000000000034,1.2765931482972255
100,100,100,100,100,100,100,100,100,100,100,100,2023-01-06,YESBANK,21.6,21.75,20.95,21.1,0.694,-3.009,-2.315,3.009,0.694,0.694,6,1,2023,0.01,10.6,-0.02,24.796000000000035,1.276337829667566
101,101,101,101,101,101,101,101,101,101,101,101,2023-01-09,YESBANK,21.4,21.5,21.05,21.25,0.467,-1.636,-0.701,1.636,0.467,0.467,9,1,2023,0.01,10.6,-0.02,24.776000000000035,1.2760825621016325
102,102,102,102,102,102,102,102,102,102,102,102,2023-01-10,YESBANK,21.2,21.2,20.35,20.65,0.0,-4.009,-2.594,4.009,0.0,0.0,10,1,2023,0.01,10.6,2.584,27.360000000000035,1.3090565355063388
103,103,103,103,103,103,103,103,103,103,103,103,2023-01-11,YESBANK,20.65,20.65,20.0,20.05,0.0,-3.148,-2.906,3.148,0.0,0.0,11,1,2023,0.01,10.6,2.8960000000000004,30.256000000000036,1.3469668127746026
104,104,104,104,104,104,104,104,104,104,104,104,2023-01-12,YESBANK,20.1,20.15,19.65,19.9,0.249,-2.239,-0.995,2.239,0.249,0.249,12,1,2023,0.01,10.6,-0.02,30.236000000000036,1.3466974194120478
105,105,105,105,105,105,105,105,105,105,105,105,2023-01-13,YESBANK,19.9,20.3,19.65,20.15,2.01,-1.256,1.256,2.01,1.256,1.256,13,1,2023,0.01,10.6,-0.02,30.216000000000037,1.3464280799281654
106,106,106,106,106,106,106,106,106,106,106,106,2023-01-16,YESBANK,20.45,20.55,20.05,20.15,0.489,-1.956,-1.467,1.956,0.489,0.489,16,1,2023,0.01,10.6,-0.02,30.196000000000037,1.3461587943121798
107,107,107,107,107,107,107,107,107,107,107,107,2023-01-17,YESBANK,20.2,20.2,19.95,20.1,0.0,-1.238,-0.495,1.238,0.0,0.0,17,1,2023,0.01,10.6,0.485,30.681000000000036,1.3526876644645938
108,108,108,108,108,108,108,108,108,108,108,108,2023-01-18,YESBANK,20.15,20.45,20.0,20.35,1.489,-0.744,0.993,1.489,0.744,0.744,18,1,2023,0.01,10.6,-0.02,30.661000000000037,1.352417126931701
109,109,109,109,109,109,109,109,109,109,109,109,2023-01-19,YESBANK,20.25,20.35,20.05,20.15,0.494,-0.988,-0.494,0.988,0.494,0.494,19,1,2023,0.01,10.6,-0.02,30.641000000000037,1.3521466435063145
110,110,110,110,110,110,110,110,110,110,110,110,2023-01-20,YESBANK,20.15,20.15,19.65,19.75,0.0,-2.481,-1.985,2.481,0.0,0.0,20,1,2023,0.01,10.6,1.975,32.616000000000035,1.378851539715564
111,111,111,111,111,111,111,111,111,111,111,111,2023-01-23,YESBANK,17.75,18.6,17.45,18.15,4.789,-1.69,2.254,4.789,1.69,1.69,23,1,2023,0.01,10.6,-0.02,32.59600000000003,1.378575769407621
112,112,112,112,112,112,112,112,112,112,112,112,2023-01-24,YESBANK,18.2,18.5,18.1,18.2,1.648,-0.549,0.0,1.648,0.549,0.549,24,1,2023,0.01,10.6,-0.02,32.57600000000003,1.3783000542537396
113,113,113,113,113,113,113,113,113,113,113,113,2023-01-25,YESBANK,18.2,18.2,17.55,17.9,0.0,-3.571,-1.648,3.571,0.0,0.0,25,1,2023,0.01,10.6,1.638,34.21400000000003,1.4008766091424159
114,114,114,114,114,114,114,114,114,114,114,114,2023-01-27,YESBANK,18.2,18.2,17.3,17.5,0.0,-4.945,-3.846,4.945,0.0,0.0,27,1,2023,0.01,10.6,3.836,38.050000000000026,1.4546142358691188
115,115,115,115,115,115,115,115,115,115,115,115,2023-01-30,YESBANK,17.5,17.9,17.0,17.1,2.286,-2.857,-2.286,2.857,2.286,2.286,30,1,2023,0.01,10.6,-0.02,38.03000000000002,1.454323313021945
116,116,116,116,116,116,116,116,116,116,116,116,2023-01-31,YESBANK,17.1,17.6,16.75,17.25,2.924,-2.047,0.877,2.924,2.047,2.047,31,1,2023,0.01,10.6,-0.02,38.01000000000002,1.4540324483593408
117,117,117,117,117,117,117,117,117,117,117,117,2023-02-01,YESBANK,17.3,17.55,16.65,16.9,1.445,-3.757,-2.312,3.757,1.445,1.445,1,2,2023,0.01,10.6,-0.02,37.990000000000016,1.453741641869669
118,118,118,118,118,118,118,118,118,118,118,118,2023-02-02,YESBANK,16.85,17.25,16.7,16.85,2.374,-0.89,0.0,2.374,0.89,0.89,2,2,2023,0.01,10.6,-0.02,37.97000000000001,1.453450893541295
119,119,119,119,119,119,119,119,119,119,119,119,2023-02-03,YESBANK,16.95,17.15,16.15,16.45,1.18,-4.72,-2.95,4.72,1.18,1.18,3,2,2023,0.01,10.6,-0.02,37.95000000000001,1.4531602033625868
120,120,120,120,120,120,120,120,120,120,120,120,2023-02-06,YESBANK,16.5,17.0,16.4,16.65,3.03,-0.606,0.909,3.03,0.606,0.606,6,2,2023,0.01,10.6,-0.02,37.93000000000001,1.4528695713219142
121,121,121,121,121,121,121,121,121,121,121,121,2023-02-07,YESBANK,16.7,16.95,16.55,16.85,1.497,-0.898,0.898,1.497,0.898,0.898,7,2,2023,0.01,10.6,-0.02,37.910000000000004,1.4525789974076497
122,122,122,122,122,122,122,122,122,122,122,122,2023-02-08,YESBANK,16.95,17.35,16.75,17.1,2.36,-1.18,0.885,2.36,1.18,1.18,8,2,2023,0.01,10.6,-0.02,37.89,1.4522884816081683
123,123,123,123,123,123,123,123,123,123,123,123,2023-02-09,YESBANK,17.15,17.15,16.75,16.85,0.0,-2.332,-1.749,2.332,0.0,0.0,9,2,2023,0.01,10.6,1.739,39.629,1.4775437783033343
124,124,124,124,124,124,124,124,124,124,124,124,2023-02-10,YESBANK,16.8,17.3,16.7,17.05,2.976,-0.595,1.488,2.976,0.595,0.595,10,2,2023,0.01,10.6,-0.02,39.608999999999995,1.4772482695476736
125,125,125,125,125,125,125,125,125,125,125,125,2023-02-13,YESBANK,17.05,17.15,16.55,16.7,0.587,-2.933,-2.053,2.933,0.587,0.587,13,2,2023,0.01,10.6,-0.02,39.58899999999999,1.476952819893764
126,126,126,126,126,126,126,126,126,126,126,126,2023-02-14,YESBANK,16.75,16.85,16.25,16.4,0.597,-2.985,-2.09,2.985,0.597,0.597,14,2,2023,0.01,10.6,-0.02,39.56899999999999,1.4766574293297854
127,127,127,127,127,127,127,127,127,127,127,127,2023-02-15,YESBANK,16.3,16.5,16.2,16.4,1.227,-0.613,0.613,1.227,0.613,0.613,15,2,2023,0.01,10.6,-0.02,39.548999999999985,1.4763620978439194
128,128,128,128,128,128,128,128,128,128,128,128,2023-02-16,YESBANK,16.4,16.5,16.2,16.25,0.61,-1.22,-0.915,1.22,0.61,0.61,16,2,2023,0.01,10.6,-0.02,39.52899999999998,1.4760668254243505
129,129,129,129,129,129,129,129,129,129,129,129,2023-02-17,YESBANK,16.25,16.35,16.0,16.1,0.615,-1.538,-0.923,1.538,0.615,0.615,17,2,2023,0.01,10.6,-0.02,39.50899999999998,1.4757716120592657
130,130,130,130,130,130,130,130,130,130,130,130,2023-02-20,YESBANK,16.2,16.75,16.1,16.6,3.395,-0.617,2.469,3.395,0.617,0.617,20,2,2023,0.01,10.6,-0.02,39.488999999999976,1.4754764577368538
131,131,131,131,131,131,131,131,131,131,131,131,2023-02-21,YESBANK,16.75,17.0,16.45,16.7,1.493,-1.791,-0.299,1.791,1.493,1.493,21,2,2023,0.01,10.6,-0.02,39.46899999999997,1.4751813624453065
132,132,132,132,132,132,132,132,132,132,132,132,2023-02-22,YESBANK,16.65,16.7,16.1,16.3,0.3,-3.303,-2.102,3.303,0.3,0.3,22,2,2023,0.01,10.6,-0.02,39.44899999999997,1.4748863261728176
133,133,133,133,133,133,133,133,133,133,133,133,2023-02-23,YESBANK,16.25,16.55,16.15,16.4,1.846,-0.615,0.923,1.846,0.615,0.615,23,2,2023,0.01,10.6,-0.02,39.42899999999997,1.474591348907583
134,134,134,134,134,134,134,134,134,134,134,134,2023-02-24,YESBANK,16.45,16.55,16.1,16.15,0.608,-2.128,-1.824,2.128,0.608,0.608,24,2,2023,0.01,10.6,-0.02,39.40899999999996,1.4742964306378015
135,135,135,135,135,135,135,135,135,135,135,135,2023-02-27,YESBANK,16.15,16.55,16.0,16.4,2.477,-0.929,1.548,2.477,0.929,0.929,27,2,2023,0.01,10.6,-0.02,39.38899999999996,1.4740015713516739
136,136,136,136,136,136,136,136,136,136,136,136,2023-02-28,YESBANK,16.4,17.65,16.3,17.45,7.622,-0.61,6.402,7.622,0.61,0.61,28,2,2023,0.01,10.6,-0.02,39.36899999999996,1.4737067710374037
137,137,137,137,137,137,137,137,137,137,137,137,2023-03-01,YESBANK,17.55,18.4,17.55,18.3,4.843,0.0,4.274,4.843,0.0,0.0,1,3,2023,0.01,10.6,4.264,43.63299999999996,1.5365456277544385
138,138,138,138,138,138,138,138,138,138,138,138,2023-03-02,YESBANK,18.4,18.6,17.3,17.5,1.087,-5.978,-4.891,5.978,1.087,1.087,2,3,2023,0.01,10.6,-0.02,43.61299999999996,1.5362383186288877
139,139,139,139,139,139,139,139,139,139,139,139,2023-03-03,YESBANK,17.5,17.7,16.8,16.85,1.143,-4.0,-3.714,4.0,1.143,1.143,3,3,2023,0.01,10.6,-0.02,43.592999999999954,1.535931070965162
140,140,140,140,140,140,140,140,140,140,140,140,2023-03-06,YESBANK,16.8,17.25,16.5,16.9,2.679,-1.786,0.595,2.679,1.786,1.786,6,3,2023,0.01,10.6,-0.02,43.57299999999995,1.535623884750969
141,141,141,141,141,141,141,141,141,141,141,141,2023-03-08,YESBANK,16.85,16.85,16.4,16.7,0.0,-2.671,-0.89,2.671,0.0,0.0,8,3,2023,0.01,10.6,0.88,44.45299999999995,1.5491373749367774
142,142,142,142,142,142,142,142,142,142,142,142,2023-03-09,YESBANK,16.65,16.95,16.5,16.55,1.802,-0.901,-0.601,1.802,0.901,0.901,9,3,2023,0.01,10.6,-0.02,44.43299999999995,1.54882754746179
143,143,143,143,143,143,143,143,143,143,143,143,2023-03-10,YESBANK,16.4,16.75,16.3,16.5,2.134,-0.61,0.61,2.134,0.61,0.61,10,3,2023,0.01,10.6,-0.02,44.41299999999995,1.5485177819522977
144,144,144,144,144,144,144,144,144,144,144,144,2023-03-13,YESBANK,14.4,16.3,14.4,15.65,13.194,0.0,8.681,13.194,0.0,0.0,13,3,2023,0.01,10.6,10.590000000000002,55.00299999999995,1.7125058150610462
145,145,145,145,145,145,145,145,145,145,145,145,2023-03-14,YESBANK,15.7,15.95,15.45,15.55,1.592,-1.592,-0.955,1.592,1.592,1.592,14,3,2023,0.01,10.6,-0.02,54.98299999999995,1.712163313898034
146,146,146,146,146,146,146,146,146,146,146,146,2023-03-15,YESBANK,15.5,15.85,15.3,15.35,2.258,-1.29,-0.968,2.258,1.29,1.29,15,3,2023,0.01,10.6,-0.02,54.962999999999944,1.7118208812352542
147,147,147,147,147,147,147,147,147,147,147,147,2023-03-16,YESBANK,15.35,15.35,14.8,14.9,0.0,-3.583,-2.932,3.583,0.0,0.0,16,3,2023,0.01,10.6,2.922,57.88499999999994,1.7618402873849484
148,148,148,148,148,148,148,148,148,148,148,148,2023-03-17,YESBANK,15.0,15.85,14.5,15.05,5.667,-3.333,0.333,5.667,3.333,3.333,17,3,2023,0.01,10.6,-0.02,57.86499999999994,1.7614879193274715
149,149,149,149,149,149,149,149,149,149,149,149,2023-03-20,YESBANK,15.4,15.5,15.0,15.35,0.649,-2.597,-0.325,2.597,0.649,0.649,20,3,2023,0.01,10.6,-0.02,57.844999999999935,1.761135621743606
150,150,150,150,150,150,150,150,150,150,150,150,2023-03-21,YESBANK,15.45,15.55,15.15,15.25,0.647,-1.942,-1.294,1.942,0.647,0.647,21,3,2023,0.01,10.6,-0.02,57.82499999999993,1.7607833946192573
151,151,151,151,151,151,151,151,151,151,151,151,2023-03-22,YESBANK,15.3,15.5,15.2,15.3,1.307,-0.654,0.0,1.307,0.654,0.654,22,3,2023,0.01,10.6,-0.02,57.80499999999993,1.7604312379403335
152,152,152,152,152,152,152,152,152,152,152,152,2023-03-23,YESBANK,15.25,15.4,14.9,15.2,0.984,-2.295,-0.328,2.295,0.984,0.984,23,3,2023,0.01,10.6,-0.02,57.784999999999926,1.7600791516927454
153,153,153,153,153,153,153,153,153,153,153,153,2023-03-24,YESBANK,15.05,15.25,15.0,15.05,1.329,-0.332,0.0,1.329,0.332,0.332,24,3,2023,0.01,10.6,-0.02,57.76499999999992,1.759727135862407
154,154,154,154,154,154,154,154,154,154,154,154,2023-03-27,YESBANK,15.1,15.3,15.0,15.05,1.325,-0.662,-0.331,1.325,0.662,0.662,27,3,2023,0.01,10.6,-0.02,57.74499999999992,1.7593751904352344
155,155,155,155,155,155,155,155,155,155,155,155,2023-03-28,YESBANK,15.1,15.15,14.7,14.75,0.331,-2.649,-2.318,2.649,0.331,0.331,28,3,2023,0.01,10.6,-0.02,57.724999999999916,1.7590233153971473
156,156,156,156,156,156,156,156,156,156,156,156,2023-03-29,YESBANK,14.8,15.1,14.75,14.95,2.027,-0.338,1.014,2.027,0.338,0.338,29,3,2023,0.01,10.6,-0.02,57.70499999999991,1.7586715107340678
157,157,157,157,157,157,157,157,157,157,157,157,2023-03-31,YESBANK,15.0,15.2,14.95,15.05,1.333,-0.333,0.333,1.333,0.333,0.333,31,3,2023,0.01,10.6,-0.02,57.68499999999991,1.758319776431921
158,158,158,158,158,158,158,158,158,158,158,158,2023-04-03,YESBANK,15.1,15.45,15.05,15.35,2.318,-0.331,1.656,2.318,0.331,0.331,3,4,2023,0.01,10.6,-0.02,57.66499999999991,1.7579681124766346
159,159,159,159,159,159,159,159,159,159,159,159,2023-04-05,YESBANK,15.45,15.55,15.15,15.25,0.647,-1.942,-1.294,1.942,0.647,0.647,5,4,2023,0.01,10.6,-0.02,57.644999999999904,1.7576165188541393
160,160,160,160,160,160,160,160,160,160,160,160,2023-04-06,YESBANK,15.25,15.6,15.2,15.4,2.295,-0.328,0.984,2.295,0.328,0.328,6,4,2023,0.01,10.6,-0.02,57.6249999999999,1.7572649955503685
161,161,161,161,161,161,161,161,161,161,161,161,2023-04-10,YESBANK,15.45,15.45,15.15,15.2,0.0,-1.942,-1.618,1.942,0.0,0.0,10,4,2023,0.01,10.6,1.608,59.2329999999999,1.7855218166788187
162,162,162,162,162,162,162,162,162,162,162,162,2023-04-11,YESBANK,15.25,15.4,15.15,15.2,0.984,-0.656,-0.328,0.984,0.656,0.656,11,4,2023,0.01,10.6,-0.02,59.212999999999894,1.785164712315483
163,163,163,163,163,163,163,163,163,163,163,163,2023-04-12,YESBANK,15.25,15.5,15.15,15.4,1.639,-0.656,0.984,1.639,0.656,0.656,12,4,2023,0.01,10.6,-0.02,59.19299999999989,1.7848076793730199
164,164,164,164,164,164,164,164,164,164,164,164,2023-04-13,YESBANK,15.5,15.55,15.2,15.35,0.323,-1.935,-0.968,1.935,0.323,0.323,13,4,2023,0.01,10.6,-0.02,59.17299999999989,1.7844507178371454
165,165,165,165,165,165,165,165,165,165,165,165,2023-04-17,YESBANK,15.35,15.4,15.25,15.35,0.326,-0.651,0.0,0.651,0.326,0.326,17,4,2023,0.01,10.6,-0.02,59.152999999999885,1.784093827693578
166,166,166,166,166,166,166,166,166,166,166,166,2023-04-18,YESBANK,15.35,16.8,15.3,16.65,9.446,-0.326,8.469,9.446,0.326,0.326,18,4,2023,0.01,10.6,-0.02,59.13299999999988,1.7837370089280393
167,167,167,167,167,167,167,167,167,167,167,167,2023-04-19,YESBANK,16.8,17.3,16.4,16.55,2.976,-2.381,-1.488,2.976,2.381,2.381,19,4,2023,0.01,10.6,-0.02,59.11299999999988,1.7833802615262537
168,168,168,168,168,168,168,168,168,168,168,168,2023-04-20,YESBANK,16.6,16.75,16.45,16.5,0.904,-0.904,-0.602,0.904,0.904,0.904,20,4,2023,0.01,10.6,-0.02,59.092999999999876,1.7830235854739485
169,169,169,169,169,169,169,169,169,169,169,169,2023-04-21,YESBANK,16.6,16.6,16.1,16.2,0.0,-3.012,-2.41,3.012,0.0,0.0,21,4,2023,0.01,10.6,2.4000000000000004,61.492999999999874,1.8258161515253233
170,170,170,170,170,170,170,170,170,170,170,170,2023-04-24,YESBANK,15.5,16.0,15.5,15.7,3.226,0.0,1.29,3.226,0.0,0.0,24,4,2023,0.01,10.6,1.28,62.772999999999875,1.8491865982648472
171,171,171,171,171,171,171,171,171,171,171,171,2023-04-25,YESBANK,15.75,15.8,15.45,15.55,0.317,-1.905,-1.27,1.905,0.317,0.317,25,4,2023,0.01,10.6,-0.02,62.75299999999987,1.8488167609451942
172,172,172,172,172,172,172,172,172,172,172,172,2023-04-26,YESBANK,15.5,15.95,15.4,15.5,2.903,-0.645,0.0,2.903,0.645,0.645,26,4,2023,0.01,10.6,-0.02,62.73299999999987,1.8484469975930051
173,173,173,173,173,173,173,173,173,173,173,173,2023-04-27,YESBANK,15.5,15.7,15.5,15.6,1.29,0.0,0.645,1.29,0.0,0.0,27,4,2023,0.01,10.6,0.635,63.36799999999987,1.8601846360277208
174,174,174,174,174,174,174,174,174,174,174,174,2023-04-28,YESBANK,15.65,15.85,15.6,15.7,1.278,-0.319,0.319,1.278,0.319,0.319,28,4,2023,0.01,10.6,-0.02,63.347999999999864,1.8598125991005152
175,175,175,175,175,175,175,175,175,175,175,175,2023-05-02,YESBANK,15.75,16.1,15.7,15.95,2.222,-0.317,1.27,2.222,0.317,0.317,2,5,2023,0.01,10.6,-0.02,63.32799999999986,1.8594406365806952
176,176,176,176,176,176,176,176,176,176,176,176,2023-05-03,YESBANK,15.95,16.4,15.85,16.15,2.821,-0.627,1.254,2.821,0.627,0.627,3,5,2023,0.01,10.6,-0.02,63.30799999999986,1.8590687484533792
177,177,177,177,177,177,177,177,177,177,177,177,2023-05-04,YESBANK,16.2,16.3,16.0,16.05,0.617,-1.235,-0.926,1.235,0.617,0.617,4,5,2023,0.01,10.6,-0.02,63.287999999999855,1.8586969347036886
178,178,178,178,178,178,178,178,178,178,178,178,2023-05-05,YESBANK,16.0,16.15,15.9,15.95,0.937,-0.625,-0.313,0.937,0.625,0.625,5,5,2023,0.01,10.6,-0.02,63.26799999999985,1.858325195316748
179,179,179,179,179,179,179,179,179,179,179,179,2023-05-08,YESBANK,16.0,16.2,15.95,16.1,1.25,-0.313,0.625,1.25,0.313,0.313,8,5,2023,0.01,10.6,-0.02,63.24799999999985,1.8579535302776846
180,180,180,180,180,180,180,180,180,180,180,180,2023-05-09,YESBANK,16.1,16.25,16.0,16.1,0.932,-0.621,0.0,0.932,0.621,0.621,9,5,2023,0.01,10.6,-0.02,63.227999999999845,1.857581939571629
181,181,181,181,181,181,181,181,181,181,181,181,2023-05-10,YESBANK,16.05,16.15,15.8,15.95,0.623,-1.558,-0.623,1.558,0.623,0.623,10,5,2023,0.01,10.6,-0.02,63.20799999999984,1.8572104231837148
182,182,182,182,182,182,182,182,182,182,182,182,2023-05-11,YESBANK,16.0,16.15,15.95,16.1,0.937,-0.313,0.625,0.937,0.313,0.313,11,5,2023,0.01,10.6,-0.02,63.18799999999984,1.856838981099078
183,183,183,183,183,183,183,183,183,183,183,183,2023-05-12,YESBANK,16.1,16.15,15.8,15.95,0.311,-1.863,-0.932,1.863,0.311,0.311,12,5,2023,0.01,10.6,-0.02,63.167999999999836,1.8564676133028581
184,184,184,184,184,184,184,184,184,184,184,184,2023-05-15,YESBANK,15.95,16.0,15.75,15.85,0.313,-1.254,-0.627,1.254,0.313,0.313,15,5,2023,0.01,10.6,-0.02,63.14799999999983,1.8560963197801976
185,185,185,185,185,185,185,185,185,185,185,185,2023-05-16,YESBANK,15.9,16.15,15.8,15.9,1.572,-0.629,0.0,1.572,0.629,0.629,16,5,2023,0.01,10.6,-0.02,63.12799999999983,1.8557251005162416
186,186,186,186,186,186,186,186,186,186,186,186,2023-05-17,YESBANK,15.95,16.05,15.85,15.9,0.627,-0.627,-0.313,0.627,0.627,0.627,17,5,2023,0.01,10.6,-0.02,63.10799999999983,1.8553539554961385
187,187,187,187,187,187,187,187,187,187,187,187,2023-05-18,YESBANK,15.95,16.0,15.65,15.7,0.313,-1.881,-1.567,1.881,0.313,0.313,18,5,2023,0.01,10.6,-0.02,63.08799999999982,1.8549828847050394
188,188,188,188,188,188,188,188,188,188,188,188,2023-05-19,YESBANK,15.75,15.8,15.55,15.65,0.317,-1.27,-0.635,1.27,0.317,0.317,19,5,2023,0.01,10.6,-0.02,63.06799999999982,1.8546118881280984
189,189,189,189,189,189,189,189,189,189,189,189,2023-05-22,YESBANK,15.7,15.8,15.6,15.65,0.637,-0.637,-0.318,0.637,0.637,0.637,22,5,2023,0.01,10.6,-0.02,63.04799999999982,1.8542409657504728
190,190,190,190,190,190,190,190,190,190,190,190,2023-05-23,YESBANK,15.65,15.75,15.5,15.55,0.639,-0.958,-0.639,0.958,0.639,0.639,23,5,2023,0.01,10.6,-0.02,63.027999999999814,1.8538701175573227
191,191,191,191,191,191,191,191,191,191,191,191,2023-05-24,YESBANK,15.55,15.7,15.5,15.6,0.965,-0.322,0.322,0.965,0.322,0.322,24,5,2023,0.01,10.6,-0.02,63.00799999999981,1.8534993435338112
192,192,192,192,192,192,192,192,192,192,192,192,2023-05-25,YESBANK,15.55,15.75,15.5,15.5,1.286,-0.322,-0.322,1.286,0.322,0.322,25,5,2023,0.01,10.6,-0.02,62.98799999999981,1.8531286436651044
193,193,193,193,193,193,193,193,193,193,193,193,2023-05-26,YESBANK,15.55,15.65,15.5,15.6,0.643,-0.322,0.322,0.643,0.322,0.322,26,5,2023,0.01,10.6,-0.02,62.967999999999805,1.8527580179363714
194,194,194,194,194,194,194,194,194,194,194,194,2023-05-29,YESBANK,15.65,16.2,15.6,15.9,3.514,-0.319,1.597,3.514,0.319,0.319,29,5,2023,0.01,10.6,-0.02,62.9479999999998,1.8523874663327842
195,195,195,195,195,195,195,195,195,195,195,195,2023-05-30,YESBANK,16.0,16.05,15.75,15.9,0.313,-1.562,-0.625,1.562,0.313,0.313,30,5,2023,0.01,10.6,-0.02,62.9279999999998,1.8520169888395177
196,196,196,196,196,196,196,196,196,196,196,196,2023-05-31,YESBANK,15.9,16.5,15.7,16.2,3.774,-1.258,1.887,3.774,1.258,1.258,31,5,2023,0.01,10.6,-0.02,62.907999999999795,1.8516465854417499
197,197,197,197,197,197,197,197,197,197,197,197,2023-06-01,YESBANK,16.25,16.65,16.25,16.3,2.462,0.0,0.308,2.462,0.0,0.0,1,6,2023,0.01,10.6,0.298,63.2059999999998,1.8571644922663662
198,198,198,198,198,198,198,198,198,198,198,198,2023-06-02,YESBANK,16.35,16.5,16.3,16.4,0.917,-0.306,0.306,0.917,0.306,0.306,2,6,2023,0.01,10.6,-0.02,63.185999999999794,1.856793059367913
199,199,199,199,199,199,199,199,199,199,199,199,2023-06-05,YESBANK,16.4,16.5,16.05,16.15,0.61,-2.134,-1.524,2.134,0.61,0.61,5,6,2023,0.01,10.6,-0.02,63.16599999999979,1.8564217007560393
200,200,200,200,200,200,200,200,200,200,200,200,2023-06-06,YESBANK,16.15,16.15,15.95,16.0,0.0,-1.238,-0.929,1.238,0.0,0.0,6,6,2023,0.01,10.6,0.919,64.0849999999998,1.8734822161859874
201,201,201,201,201,201,201,201,201,201,201,201,2023-06-07,YESBANK,16.05,16.3,16.0,16.15,1.558,-0.312,0.623,1.558,0.312,0.312,7,6,2023,0.01,10.6,-0.02,64.0649999999998,1.8731075197427502
202,202,202,202,202,202,202,202,202,202,202,202,2023-06-08,YESBANK,16.2,17.2,16.15,16.75,6.173,-0.309,3.395,6.173,0.309,0.309,8,6,2023,0.01,10.6,-0.02,64.0449999999998,1.8727328982388018
203,203,203,203,203,203,203,203,203,203,203,203,2023-06-09,YESBANK,16.75,16.95,16.5,16.6,1.194,-1.493,-0.896,1.493,1.194,1.194,9,6,2023,0.01,10.6,-0.02,64.0249999999998,1.8723583516591542
204,204,204,204,204,204,204,204,204,204,204,204,2023-06-12,YESBANK,16.6,16.6,16.35,16.4,0.0,-1.506,-1.205,1.506,0.0,0.0,12,6,2023,0.01,10.6,1.195,65.2199999999998,1.894733033961481
205,205,205,205,205,205,205,205,205,205,205,205,2023-06-13,YESBANK,16.45,16.7,16.35,16.4,1.52,-0.608,-0.304,1.52,0.608,0.608,13,6,2023,0.01,10.6,-0.02,65.1999999999998,1.8943540873546887
206,206,206,206,206,206,206,206,206,206,206,206,2023-06-14,YESBANK,16.5,16.6,16.1,16.2,0.606,-2.424,-1.818,2.424,0.606,0.606,14,6,2023,0.01,10.6,-0.02,65.17999999999981,1.893975216537218
207,207,207,207,207,207,207,207,207,207,207,207,2023-06-15,YESBANK,16.2,16.35,15.95,16.1,0.926,-1.543,-0.617,1.543,0.926,0.926,15,6,2023,0.01,10.6,-0.02,65.15999999999981,1.8935964214939105
208,208,208,208,208,208,208,208,208,208,208,208,2023-06-16,YESBANK,16.15,16.45,16.0,16.3,1.858,-0.929,0.929,1.858,0.929,0.929,16,6,2023,0.01,10.6,-0.02,65.13999999999982,1.8932177022096117
209,209,209,209,209,209,209,209,209,209,209,209,2023-06-19,YESBANK,16.4,16.75,16.1,16.25,2.134,-1.829,-0.915,2.134,1.829,1.829,19,6,2023,0.01,10.6,-0.02,65.11999999999982,1.89283905866917
210,210,210,210,210,210,210,210,210,210,210,210,2023-06-20,YESBANK,16.3,16.4,16.15,16.25,0.613,-0.92,-0.307,0.92,0.613,0.613,20,6,2023,0.01,10.6,-0.02,65.09999999999982,1.892460490857436
211,211,211,211,211,211,211,211,211,211,211,211,2023-06-21,YESBANK,16.25,16.35,16.15,16.2,0.615,-0.615,-0.308,0.615,0.615,0.615,21,6,2023,0.01,10.6,-0.02,65.07999999999983,1.8920819987592645
212,212,212,212,212,212,212,212,212,212,212,212,2023-06-22,YESBANK,16.2,16.3,15.95,16.0,0.617,-1.543,-1.235,1.543,0.617,0.617,22,6,2023,0.01,10.6,-0.02,65.05999999999983,1.8917035823595127
213,213,213,213,213,213,213,213,213,213,213,213,2023-06-23,YESBANK,16.0,16.1,15.9,16.0,0.625,-0.625,0.0,0.625,0.625,0.625,23,6,2023,0.01,10.6,-0.02,65.03999999999984,1.8913252416430408
214,214,214,214,214,214,214,214,214,214,214,214,2023-06-26,YESBANK,16.05,16.35,16.0,16.1,1.869,-0.312,0.312,1.869,0.312,0.312,26,6,2023,0.01,10.6,-0.02,65.01999999999984,1.8909469765947122
215,215,215,215,215,215,215,215,215,215,215,215,2023-06-27,YESBANK,16.15,16.25,16.0,16.05,0.619,-0.929,-0.619,0.929,0.619,0.619,27,6,2023,0.01,10.6,-0.02,64.99999999999984,1.8905687871993933
216,216,216,216,216,216,216,216,216,216,216,216,2023-06-28,YESBANK,16.1,16.35,15.95,16.2,1.553,-0.932,0.621,1.553,0.932,0.932,28,6,2023,0.01,10.6,-0.02,64.97999999999985,1.8901906734419534
217,217,217,217,217,217,217,217,217,217,217,217,2023-06-30,YESBANK,16.25,16.35,16.15,16.25,0.615,-0.615,0.0,0.615,0.615,0.615,30,6,2023,0.01,10.6,-0.02,64.95999999999985,1.889812635307265
218,218,218,218,218,218,218,218,218,218,218,218,2023-07-03,YESBANK,16.35,16.55,16.3,16.35,1.223,-0.306,0.0,1.223,0.306,0.306,3,7,2023,0.01,10.6,-0.02,64.93999999999986,1.8894346727802036
219,219,219,219,219,219,219,219,219,219,219,219,2023-07-04,YESBANK,16.4,17.2,16.25,16.8,4.878,-0.915,2.439,4.878,0.915,0.915,4,7,2023,0.01,10.6,-0.02,64.91999999999986,1.8890567858456475
220,220,220,220,220,220,220,220,220,220,220,220,2023-07-05,YESBANK,16.85,17.45,16.8,17.15,3.561,-0.297,1.78,3.561,0.297,0.297,5,7,2023,0.01,10.6,-0.02,64.89999999999986,1.8886789744884784
221,221,221,221,221,221,221,221,221,221,221,221,2023-07-06,YESBANK,17.25,17.95,17.25,17.8,4.058,0.0,3.188,4.058,0.0,0.0,6,7,2023,0.01,10.6,3.1780000000000004,68.07799999999986,1.9487011922977222
222,222,222,222,222,222,222,222,222,222,222,222,2023-07-07,YESBANK,17.85,17.95,17.3,17.45,0.56,-3.081,-2.241,3.081,0.56,0.56,7,7,2023,0.01,10.6,-0.02,68.05799999999986,1.9483114520592628
223,223,223,223,223,223,223,223,223,223,223,223,2023-07-10,YESBANK,17.3,17.5,17.0,17.05,1.156,-1.734,-1.445,1.734,1.156,1.156,10,7,2023,0.01,10.6,-0.02,68.03799999999987,1.947921789768851
224,224,224,224,224,224,224,224,224,224,224,224,2023-07-11,YESBANK,17.2,17.5,17.05,17.2,1.744,-0.872,0.0,1.744,0.872,0.872,11,7,2023,0.01,10.6,-0.02,68.01799999999987,1.9475322054108972
225,225,225,225,225,225,225,225,225,225,225,225,2023-07-12,YESBANK,17.2,17.65,17.15,17.3,2.616,-0.291,0.581,2.616,0.291,0.291,12,7,2023,0.01,10.6,-0.02,67.99799999999988,1.947142698969815
226,226,226,226,226,226,226,226,226,226,226,226,2023-07-13,YESBANK,17.4,17.75,17.05,17.15,2.011,-2.011,-1.437,2.011,2.011,2.011,13,7,2023,0.01,10.6,-0.02,67.97799999999988,1.9467532704300212
227,227,227,227,227,227,227,227,227,227,227,227,2023-07-14,YESBANK,17.25,17.45,17.15,17.35,1.159,-0.58,0.58,1.159,0.58,0.58,14,7,2023,0.01,10.6,-0.02,67.95799999999988,1.9463639197759353
228,228,228,228,228,228,228,228,228,228,228,228,2023-07-17,YESBANK,17.5,17.85,17.45,17.7,2.0,-0.286,1.143,2.0,0.286,0.286,17,7,2023,0.01,10.6,-0.02,67.93799999999989,1.94597464699198
229,229,229,229,229,229,229,229,229,229,229,229,2023-07-18,YESBANK,17.7,17.9,17.35,17.5,1.13,-1.977,-1.13,1.977,1.13,1.13,18,7,2023,0.01,10.6,-0.02,67.91799999999989,1.9455854520625817
230,230,230,230,230,230,230,230,230,230,230,230,2023-07-19,YESBANK,17.5,17.6,17.3,17.45,0.571,-1.143,-0.286,1.143,0.571,0.571,19,7,2023,0.01,10.6,-0.02,67.8979999999999,1.9451963349721693
231,231,231,231,231,231,231,231,231,231,231,231,2023-07-20,YESBANK,17.4,18.1,17.35,17.7,4.023,-0.287,1.724,4.023,0.287,0.287,20,7,2023,0.01,10.6,-0.02,67.8779999999999,1.944807295705175
232,232,232,232,232,232,232,232,232,232,232,232,2023-07-21,YESBANK,17.7,18.2,17.6,18.05,2.825,-0.565,1.977,2.825,0.565,0.565,21,7,2023,0.01,10.6,-0.02,67.8579999999999,1.944418334246034
233,233,233,233,233,233,233,233,233,233,233,233,2023-07-24,YESBANK,18.4,18.45,17.3,17.4,0.272,-5.978,-5.435,5.978,0.272,0.272,24,7,2023,0.01,10.6,-0.02,67.83799999999991,1.9440294505791849
234,234,234,234,234,234,234,234,234,234,234,234,2023-07-25,YESBANK,17.4,17.6,16.95,17.05,1.149,-2.586,-2.011,2.586,1.149,1.149,25,7,2023,0.01,10.6,-0.02,67.81799999999991,1.943640644689069
235,235,235,235,235,235,235,235,235,235,235,235,2023-07-26,YESBANK,17.05,17.15,16.65,17.0,0.587,-2.346,-0.293,2.346,0.587,0.587,26,7,2023,0.01,10.6,-0.02,67.79799999999992,1.9432519165601312
236,236,236,236,236,236,236,236,236,236,236,236,2023-07-27,YESBANK,17.05,17.35,16.9,16.95,1.76,-0.88,-0.587,1.76,0.88,0.88,27,7,2023,0.01,10.6,-0.02,67.77799999999992,1.9428632661768193
237,237,237,237,237,237,237,237,237,237,237,237,2023-07-28,YESBANK,17.0,17.1,16.85,16.95,0.588,-0.882,-0.294,0.882,0.588,0.588,28,7,2023,0.01,10.6,-0.02,67.75799999999992,1.942474693523584
238,238,238,238,238,238,238,238,238,238,238,238,2023-07-31,YESBANK,16.95,17.1,16.9,16.95,0.885,-0.295,0.0,0.885,0.295,0.295,31,7,2023,0.01,10.6,-0.02,67.73799999999993,1.9420861985848792
239,239,239,239,239,239,239,239,239,239,239,239,2023-08-01,YESBANK,17.1,17.2,17.0,17.1,0.585,-0.585,0.0,0.585,0.585,0.585,1,8,2023,0.01,10.6,-0.02,67.71799999999993,1.9416977813451624
240,240,240,240,240,240,240,240,240,240,240,240,2023-08-02,YESBANK,17.05,17.3,16.85,17.0,1.466,-1.173,-0.293,1.466,1.173,1.173,2,8,2023,0.01,10.6,-0.02,67.69799999999994,1.9413094417888934
241,241,241,241,241,241,241,241,241,241,241,241,2023-08-03,YESBANK,17.0,17.1,16.9,17.0,0.588,-0.588,0.0,0.588,0.588,0.588,3,8,2023,0.01,10.6,-0.02,67.67799999999994,1.9409211799005357
242,242,242,242,242,242,242,242,242,242,242,242,2023-08-04,YESBANK,17.05,17.15,16.9,16.95,0.587,-0.88,-0.587,0.88,0.587,0.587,4,8,2023,0.01,10.6,-0.02,67.65799999999994,1.9405329956645556
243,243,243,243,243,243,243,243,243,243,243,243,2023-08-07,YESBANK,17.0,17.15,16.75,16.9,0.882,-1.471,-0.588,1.471,0.882,0.882,7,8,2023,0.01,10.6,-0.02,67.63799999999995,1.9401448890654227
244,244,244,244,244,244,244,244,244,244,244,244,2023-08-08,YESBANK,16.9,17.0,16.75,16.85,0.592,-0.888,-0.296,0.888,0.592,0.592,8,8,2023,0.01,10.6,-0.02,67.61799999999995,1.9397568600876096
245,245,245,245,245,245,245,245,245,245,245,245,2023-08-09,YESBANK,16.9,17.0,16.8,16.95,0.592,-0.592,0.296,0.592,0.592,0.592,9,8,2023,0.01,10.6,-0.02,67.59799999999996,1.939368908715592
246,246,246,246,246,246,246,246,246,246,246,246,2023-08-10,YESBANK,17.0,17.45,16.9,16.95,2.647,-0.588,-0.294,2.647,0.588,0.588,10,8,2023,0.01,10.6,-0.02,67.57799999999996,1.938981034933849
247,247,247,247,247,247,247,247,247,247,247,247,2023-08-11,YESBANK,17.05,17.4,17.0,17.05,2.053,-0.293,0.0,2.053,0.293,0.293,11,8,2023,0.01,10.6,-0.02,67.55799999999996,1.9385932387268623
248,248,248,248,248,248,248,248,248,248,248,248,2023-08-14,YESBANK,17.05,17.1,16.8,16.95,0.293,-1.466,-0.587,1.466,0.293,0.293,14,8,2023,0.01,10.6,-0.02,67.53799999999997,1.938205520079117
249,249,249,249,249,249,249,249,249,249,249,249,2023-08-16,YESBANK,16.95,17.0,16.8,16.85,0.295,-0.885,-0.59,0.885,0.295,0.295,16,8,2023,0.01,10.6,-0.02,67.51799999999997,1.9378178789751013
250,250,250,250,250,250,250,250,250,250,250,250,2023-08-17,YESBANK,16.9,17.3,16.85,17.0,2.367,-0.296,0.592,2.367,0.296,0.296,17,8,2023,0.01,10.6,-0.02,67.49799999999998,1.9374303153993062
251,251,251,251,251,251,251,251,251,251,251,251,2023-08-18,YESBANK,17.05,17.2,16.8,16.9,0.88,-1.466,-0.88,1.466,0.88,0.88,18,8,2023,0.01,10.6,-0.02,67.47799999999998,1.9370428293362263
252,252,252,252,252,252,252,252,252,252,252,252,2023-08-21,YESBANK,16.9,17.05,16.75,16.95,0.888,-0.888,0.296,0.888,0.888,0.888,21,8,2023,0.01,10.6,-0.02,67.45799999999998,1.936655420770359
253,253,253,253,253,253,253,253,253,253,253,253,2023-08-22,YESBANK,17.0,17.05,16.85,16.95,0.294,-0.882,-0.294,0.882,0.294,0.294,22,8,2023,0.01,10.6,-0.02,67.43799999999999,1.936268089686205
254,254,254,254,254,254,254,254,254,254,254,254,2023-08-23,YESBANK,17.05,17.3,16.95,17.0,1.466,-0.587,-0.293,1.466,0.587,0.587,23,8,2023,0.01,10.6,-0.02,67.41799999999999,1.9358808360682678
255,255,255,255,255,255,255,255,255,255,255,255,2023-08-24,YESBANK,17.1,17.2,16.9,16.95,0.585,-1.17,-0.877,1.17,0.585,0.585,24,8,2023,0.01,10.6,-0.02,67.398,1.9354936599010542
256,256,256,256,256,256,256,256,256,256,256,256,2023-08-25,YESBANK,16.95,17.05,16.8,16.85,0.59,-0.885,-0.59,0.885,0.59,0.59,25,8,2023,0.01,10.6,-0.02,67.378,1.935106561169074
257,257,257,257,257,257,257,257,257,257,257,257,2023-08-28,YESBANK,16.9,17.0,16.75,16.8,0.592,-0.888,-0.592,0.888,0.592,0.592,28,8,2023,0.01,10.6,-0.02,67.358,1.9347195398568404
258,258,258,258,258,258,258,258,258,258,258,258,2023-08-29,YESBANK,16.85,17.0,16.8,16.85,0.89,-0.297,0.0,0.89,0.297,0.297,29,8,2023,0.01,10.6,-0.02,67.33800000000001,1.934332595948869
259,259,259,259,259,259,259,259,259,259,259,259,2023-08-30,YESBANK,16.9,17.0,16.8,16.8,0.592,-0.592,-0.592,0.592,0.592,0.592,30,8,2023,0.01,10.6,-0.02,67.31800000000001,1.9339457294296793
260,260,260,260,260,260,260,260,260,260,260,260,2023-08-31,YESBANK,16.9,17.0,16.7,16.8,0.592,-1.183,-0.592,1.183,0.592,0.592,31,8,2023,0.01,10.6,-0.02,67.29800000000002,1.9335589402837934
261,261,261,261,261,261,261,261,261,261,261,261,2023-09-01,YESBANK,16.85,17.6,16.7,17.35,4.451,-0.89,2.967,4.451,0.89,0.89,1,9,2023,0.01,10.6,-0.02,67.27800000000002,1.9331722284957367
262,262,262,262,262,262,262,262,262,262,262,262,2023-09-04,YESBANK,17.45,19.0,17.45,18.6,8.883,0.0,6.59,8.883,0.0,0.0,4,9,2023,0.01,10.6,6.58,73.85800000000002,2.0603749611307562
263,263,263,263,263,263,263,263,263,263,263,263,2023-09-05,YESBANK,18.8,19.1,17.9,18.15,1.596,-4.787,-3.457,4.787,1.596,1.596,5,9,2023,0.01,10.6,-0.02,73.83800000000002,2.05996288613853
264,264,264,264,264,264,264,264,264,264,264,264,2023-09-06,YESBANK,18.15,18.3,17.9,18.0,0.826,-1.377,-0.826,1.377,0.826,0.826,6,9,2023,0.01,10.6,-0.02,73.81800000000003,2.0595508935613025
265,265,265,265,265,265,265,265,265,265,265,265,2023-09-07,YESBANK,18.15,18.85,18.05,18.55,3.857,-0.551,2.204,3.857,0.551,0.551,7,9,2023,0.01,10.6,-0.02,73.79800000000003,2.0591389833825904
266,266,266,266,266,266,266,266,266,266,266,266,2023-09-08,YESBANK,18.65,18.95,18.3,18.35,1.609,-1.877,-1.609,1.877,1.609,1.609,8,9,2023,0.01,10.6,-0.02,73.77800000000003,2.058727155585914
267,267,267,267,267,267,267,267,267,267,267,267,2023-09-11,YESBANK,18.5,18.6,18.25,18.4,0.541,-1.351,-0.541,1.351,0.541,0.541,11,9,2023,0.01,10.6,-0.02,73.75800000000004,2.058315410154797
268,268,268,268,268,268,268,268,268,268,268,268,2023-09-12,YESBANK,18.55,18.6,17.45,17.55,0.27,-5.93,-5.391,5.93,0.27,0.27,12,9,2023,0.01,10.6,-0.02,73.73800000000004,2.0579037470727664
269,269,269,269,269,269,269,269,269,269,269,269,2023-09-13,YESBANK,17.5,17.85,17.3,17.7,2.0,-1.143,1.143,2.0,1.143,1.143,13,9,2023,0.01,10.6,-0.02,73.71800000000005,2.057492166323352
270,270,270,270,270,270,270,270,270,270,270,270,2023-09-14,YESBANK,17.75,18.0,17.4,17.5,1.408,-1.972,-1.408,1.972,1.408,1.408,14,9,2023,0.01,10.6,-0.02,73.69800000000005,2.0570806678900873
271,271,271,271,271,271,271,271,271,271,271,271,2023-09-15,YESBANK,17.55,18.4,17.45,18.3,4.843,-0.57,4.274,4.843,0.57,0.57,15,9,2023,0.01,10.6,-0.02,73.67800000000005,2.0566692517565093
272,272,272,272,272,272,272,272,272,272,272,272,2023-09-18,YESBANK,18.4,19.0,18.25,18.55,3.261,-0.815,0.815,3.261,0.815,0.815,18,9,2023,0.01,10.6,-0.02,73.65800000000006,2.056257917906158
273,273,273,273,273,273,273,273,273,273,273,273,2023-09-20,YESBANK,18.4,18.45,17.85,18.0,0.272,-2.989,-2.174,2.989,0.272,0.272,20,9,2023,0.01,10.6,-0.02,73.63800000000006,2.055846666322577
274,274,274,274,274,274,274,274,274,274,274,274,2023-09-21,YESBANK,18.05,18.2,17.65,17.7,0.831,-2.216,-1.939,2.216,0.831,0.831,21,9,2023,0.01,10.6,-0.02,73.61800000000007,2.0554354969893125
275,275,275,275,275,275,275,275,275,275,275,275,2023-09-22,YESBANK,17.7,18.0,17.5,17.65,1.695,-1.13,-0.282,1.695,1.13,1.13,22,9,2023,0.01,10.6,-0.02,73.59800000000007,2.055024409889915
276,276,276,276,276,276,276,276,276,276,276,276,2023-09-25,YESBANK,17.75,17.75,17.4,17.45,0.0,-1.972,-1.69,1.972,0.0,0.0,25,9,2023,0.01,10.6,1.68,75.27800000000008,2.0895488199760655
277,277,277,277,277,277,277,277,277,277,277,277,2023-09-26,YESBANK,17.5,17.55,17.25,17.35,0.286,-1.429,-0.857,1.429,0.286,0.286,26,9,2023,0.01,10.6,-0.02,75.25800000000008,2.08913091021207
278,278,278,278,278,278,278,278,278,278,278,278,2023-09-27,YESBANK,17.4,17.7,17.3,17.35,1.724,-0.575,-0.287,1.724,0.575,0.575,27,9,2023,0.01,10.6,-0.02,75.23800000000008,2.0887130840300276
279,279,279,279,279,279,279,279,279,279,279,279,2023-09-28,YESBANK,17.4,17.7,17.2,17.25,1.724,-1.149,-0.862,1.724,1.149,1.149,28,9,2023,0.01,10.6,-0.02,75.21800000000009,2.0882953414132217
280,280,280,280,280,280,280,280,280,280,280,280,2023-09-29,YESBANK,17.4,17.45,17.0,17.25,0.287,-2.299,-0.862,2.299,0.287,0.287,29,9,2023,0.01,10.6,-0.02,75.19800000000009,2.087877682344939
281,281,281,281,281,281,281,281,281,281,281,281,2023-10-03,YESBANK,17.25,17.4,17.1,17.2,0.87,-0.87,-0.29,0.87,0.87,0.87,3,10,2023,0.01,10.6,-0.02,75.1780000000001,2.08746010680847
282,282,282,282,282,282,282,282,282,282,282,282,2023-10-04,YESBANK,17.2,17.5,17.05,17.2,1.744,-0.872,0.0,1.744,0.872,0.872,4,10,2023,0.01,10.6,-0.02,75.1580000000001,2.0870426147871086
283,283,283,283,283,283,283,283,283,283,283,283,2023-10-05,YESBANK,17.25,17.4,17.05,17.15,0.87,-1.159,-0.58,1.159,0.87,0.87,5,10,2023,0.01,10.6,-0.02,75.1380000000001,2.0866252062641513
284,284,284,284,284,284,284,284,284,284,284,284,2023-10-06,YESBANK,17.2,17.5,17.15,17.3,1.744,-0.291,0.581,1.744,0.291,0.291,6,10,2023,0.01,10.6,-0.02,75.11800000000011,2.0862078812228986
285,285,285,285,285,285,285,285,285,285,285,285,2023-10-09,YESBANK,17.2,17.2,16.85,16.9,0.0,-2.035,-1.744,2.035,0.0,0.0,9,10,2023,0.01,10.6,1.734,76.8520000000001,2.1223827258833032
286,286,286,286,286,286,286,286,286,286,286,286,2023-10-10,YESBANK,17.0,17.15,16.95,17.05,0.882,-0.294,0.294,0.882,0.294,0.294,10,10,2023,0.01,10.6,-0.02,76.83200000000011,2.121958249338127
287,287,287,287,287,287,287,287,287,287,287,287,2023-10-11,YESBANK,17.1,17.35,17.0,17.05,1.462,-0.585,-0.292,1.462,0.585,0.585,11,10,2023,0.01,10.6,-0.02,76.81200000000011,2.1215338576882594
288,288,288,288,288,288,288,288,288,288,288,288,2023-10-12,YESBANK,17.1,17.25,17.05,17.1,0.877,-0.292,0.0,0.877,0.292,0.292,12,10,2023,0.01,10.6,-0.02,76.79200000000012,2.1211095509167217
289,289,289,289,289,289,289,289,289,289,289,289,2023-10-13,YESBANK,17.05,17.2,17.05,17.1,0.88,0.0,0.293,0.88,0.0,0.0,13,10,2023,0.01,10.6,0.283,77.07500000000012,2.127112290945816
290,290,290,290,290,290,290,290,290,290,290,290,2023-10-16,YESBANK,17.15,17.2,17.05,17.05,0.292,-0.583,-0.583,0.583,0.292,0.292,16,10,2023,0.01,10.6,-0.02,77.05500000000012,2.126686868487627
291,291,291,291,291,291,291,291,291,291,291,291,2023-10-17,YESBANK,17.15,17.3,17.05,17.1,0.875,-0.583,-0.292,0.875,0.583,0.583,17,10,2023,0.01,10.6,-0.02,77.03500000000012,2.1262615311139297
292,292,292,292,292,292,292,292,292,292,292,292,2023-10-18,YESBANK,17.15,17.25,16.95,17.05,0.583,-1.166,-0.583,1.166,0.583,0.583,18,10,2023,0.01,10.6,-0.02,77.01500000000013,2.1258362788077068
293,293,293,293,293,293,293,293,293,293,293,293,2023-10-19,YESBANK,17.1,17.25,17.0,17.05,0.877,-0.585,-0.292,0.877,0.585,0.585,19,10,2023,0.01,10.6,-0.02,76.99500000000013,2.125411111551945
294,294,294,294,294,294,294,294,294,294,294,294,2023-10-20,YESBANK,17.1,17.85,17.05,17.3,4.386,-0.292,1.17,4.386,0.292,0.292,20,10,2023,0.01,10.6,-0.02,76.97500000000014,2.124986029329635
295,295,295,295,295,295,295,295,295,295,295,295,2023-10-23,YESBANK,17.4,17.45,16.2,16.35,0.287,-6.897,-6.034,6.897,0.287,0.287,23,10,2023,0.01,10.6,-0.02,76.95500000000014,2.124561032123769
296,296,296,296,296,296,296,296,296,296,296,296,2023-10-25,YESBANK,16.4,16.7,15.85,16.0,1.829,-3.354,-2.439,3.354,1.829,1.829,25,10,2023,0.01,10.6,-0.02,76.93500000000014,2.124136119917344
297,297,297,297,297,297,297,297,297,297,297,297,2023-10-26,YESBANK,16.0,16.05,15.7,15.9,0.313,-1.875,-0.625,1.875,0.313,0.313,26,10,2023,0.01,10.6,-0.02,76.91500000000015,2.123711292693361
298,298,298,298,298,298,298,298,298,298,298,298,2023-10-27,YESBANK,15.95,16.15,15.9,15.95,1.254,-0.313,0.0,1.254,0.313,0.313,27,10,2023,0.01,10.6,-0.02,76.89500000000015,2.123286550434822
299,299,299,299,299,299,299,299,299,299,299,299,2023-10-30,YESBANK,16.05,16.1,15.85,15.95,0.312,-1.246,-0.623,1.246,0.312,0.312,30,10,2023,0.01,10.6,-0.02,76.87500000000016,2.122861893124735
300,300,300,300,300,300,300,300,300,300,300,300,2023-10-31,YESBANK,16.1,16.15,15.9,15.95,0.311,-1.242,-0.932,1.242,0.311,0.311,31,10,2023,0.01,10.6,-0.02,76.85500000000016,2.1224373207461102
301,301,301,301,301,301,301,301,301,301,301,301,2023-11-01,YESBANK,16.0,16.25,15.95,16.0,1.562,-0.313,0.0,1.562,0.313,0.313,1,11,2023,0.01,10.6,-0.02,76.83500000000016,2.122012833281961
302,302,302,302,302,302,302,302,302,302,302,302,2023-11-02,YESBANK,16.1,16.2,15.9,16.05,0.621,-1.242,-0.311,1.242,0.621,0.621,2,11,2023,0.01,10.6,-0.02,76.81500000000017,2.121588430715305
303,303,303,303,303,303,303,303,303,303,303,303,2023-11-03,YESBANK,16.15,16.65,16.1,16.45,3.096,-0.31,1.858,3.096,0.31,0.31,3,11,2023,0.01,10.6,-0.02,76.79500000000017,2.121164113029162
304,304,304,304,304,304,304,304,304,304,304,304,2023-11-06,YESBANK,16.55,16.9,16.5,16.7,2.115,-0.302,0.906,2.115,0.302,0.302,6,11,2023,0.01,10.6,-0.02,76.77500000000018,2.120739880206556
305,305,305,305,305,305,305,305,305,305,305,305,2023-11-07,YESBANK,16.75,16.9,16.7,16.8,0.896,-0.299,0.299,0.896,0.299,0.299,7,11,2023,0.01,10.6,-0.02,76.75500000000018,2.1203157322305146
306,306,306,306,306,306,306,306,306,306,306,306,2023-11-08,YESBANK,16.9,18.3,16.85,17.95,8.284,-0.296,6.213,8.284,0.296,0.296,8,11,2023,0.01,10.6,-0.02,76.73500000000018,2.1198916690840686
307,307,307,307,307,307,307,307,307,307,307,307,2023-11-09,YESBANK,18.35,18.8,18.0,18.35,2.452,-1.907,0.0,2.452,1.907,1.907,9,11,2023,0.01,10.6,-0.02,76.71500000000019,2.119467690750252
308,308,308,308,308,308,308,308,308,308,308,308,2023-11-10,YESBANK,18.35,18.55,18.15,18.3,1.09,-1.09,-0.272,1.09,1.09,1.09,10,11,2023,0.01,10.6,-0.02,76.69500000000019,2.1190437972121017
309,309,309,309,309,309,309,309,309,309,309,309,2023-11-12,YESBANK,18.5,18.6,18.35,18.4,0.541,-0.811,-0.541,0.811,0.541,0.541,12,11,2023,0.01,10.6,-0.02,76.6750000000002,2.118619988452659
310,310,310,310,310,310,310,310,310,310,310,310,2023-11-13,YESBANK,18.4,19.5,18.15,19.4,5.978,-1.359,5.435,5.978,1.359,1.359,13,11,2023,0.01,10.6,-0.02,76.6550000000002,2.118196264454969
311,311,311,311,311,311,311,311,311,311,311,311,2023-11-15,YESBANK,19.65,20.6,19.6,20.35,4.835,-0.254,3.562,4.835,0.254,0.254,15,11,2023,0.01,10.6,-0.02,76.6350000000002,2.1177726252020777
312,312,312,312,312,312,312,312,312,312,312,312,2023-11-16,YESBANK,20.4,20.6,19.9,20.15,0.98,-2.451,-1.225,2.451,0.98,0.98,16,11,2023,0.01,10.6,-0.02,76.61500000000021,2.1173490706770375
313,313,313,313,313,313,313,313,313,313,313,313,2023-11-17,YESBANK,20.05,21.15,19.8,20.8,5.486,-1.247,3.741,5.486,1.247,1.247,17,11,2023,0.01,10.6,-0.02,76.59500000000021,2.1169256008629023
314,314,314,314,314,314,314,314,314,314,314,314,2023-11-20,YESBANK,20.9,21.1,20.0,20.15,0.957,-4.306,-3.589,4.306,0.957,0.957,20,11,2023,0.01,10.6,-0.02,76.57500000000022,2.1165022157427296
315,315,315,315,315,315,315,315,315,315,315,315,2023-11-21,YESBANK,20.3,20.45,19.6,19.7,0.739,-3.448,-2.956,3.448,0.739,0.739,21,11,2023,0.01,10.6,-0.02,76.55500000000022,2.116078915299581
316,316,316,316,316,316,316,316,316,316,316,316,2023-11-22,YESBANK,19.7,19.85,19.05,19.2,0.761,-3.299,-2.538,3.299,0.761,0.761,22,11,2023,0.01,10.6,-0.02,76.53500000000022,2.115655699516521
317,317,317,317,317,317,317,317,317,317,317,317,2023-11-23,YESBANK,19.3,20.3,19.25,20.15,5.181,-0.259,4.404,5.181,0.259,0.259,23,11,2023,0.01,10.6,-0.02,76.51500000000023,2.1152325683766176
318,318,318,318,318,318,318,318,318,318,318,318,2023-11-24,YESBANK,20.3,20.4,19.6,19.8,0.493,-3.448,-2.463,3.448,0.493,0.493,24,11,2023,0.01,10.6,-0.02,76.49500000000023,2.1148095218629424
319,319,319,319,319,319,319,319,319,319,319,319,2023-11-28,YESBANK,19.85,20.0,19.4,19.75,0.756,-2.267,-0.504,2.267,0.756,0.756,28,11,2023,0.01,10.6,-0.02,76.47500000000024,2.11438655995857
320,320,320,320,320,320,320,320,320,320,320,320,2023-11-29,YESBANK,19.85,20.45,19.8,19.85,3.023,-0.252,0.0,3.023,0.252,0.252,29,11,2023,0.01,10.6,-0.02,76.45500000000024,2.113963682646578
321,321,321,321,321,321,321,321,321,321,321,321,2023-11-30,YESBANK,19.85,19.9,19.2,19.35,0.252,-3.275,-2.519,3.275,0.252,0.252,30,11,2023,0.01,10.6,-0.02,76.43500000000024,2.1135408899100487
322,322,322,322,322,322,322,322,322,322,322,322,2023-12-01,YESBANK,19.45,19.65,19.2,19.3,1.028,-1.285,-0.771,1.285,1.028,1.028,1,12,2023,0.01,10.6,-0.02,76.41500000000025,2.113118181732067
323,323,323,323,323,323,323,323,323,323,323,323,2023-12-04,YESBANK,19.65,19.75,19.3,19.55,0.509,-1.781,-0.509,1.781,0.509,0.509,4,12,2023,0.01,10.6,-0.02,76.39500000000025,2.1126955580957203
324,324,324,324,324,324,324,324,324,324,324,324,2023-12-05,YESBANK,19.55,19.85,19.35,19.6,1.535,-1.023,0.256,1.535,1.023,1.023,5,12,2023,0.01,10.6,-0.02,76.37500000000026,2.112273018984101
325,325,325,325,325,325,325,325,325,325,325,325,2023-12-06,YESBANK,19.7,19.85,19.4,19.75,0.761,-1.523,0.254,1.523,0.761,0.761,6,12,2023,0.01,10.6,-0.02,76.35500000000026,2.1118505643803043
326,326,326,326,326,326,326,326,326,326,326,326,2023-12-07,YESBANK,19.75,20.45,19.5,20.05,3.544,-1.266,1.519,3.544,1.266,1.266,7,12,2023,0.01,10.6,-0.02,76.33500000000026,2.1114281942674284
327,327,327,327,327,327,327,327,327,327,327,327,2023-12-08,YESBANK,20.2,20.45,19.75,19.9,1.238,-2.228,-1.485,2.228,1.238,1.238,8,12,2023,0.01,10.6,-0.02,76.31500000000027,2.111005908628575
328,328,328,328,328,328,328,328,328,328,328,328,2023-12-11,YESBANK,20.0,20.75,19.95,20.25,3.75,-0.25,1.25,3.75,0.25,0.25,11,12,2023,0.01,10.6,-0.02,76.29500000000027,2.110583707446849
329,329,329,329,329,329,329,329,329,329,329,329,2023-12-12,YESBANK,20.5,21.85,20.5,21.3,6.585,0.0,3.902,6.585,0.0,0.0,12,12,2023,0.01,10.6,3.892,80.18700000000027,2.1927276253406807
330,330,330,330,330,330,330,330,330,330,330,330,2023-12-13,YESBANK,21.55,21.7,20.9,21.2,0.696,-3.016,-1.624,3.016,0.696,0.696,13,12,2023,0.01,10.6,-0.02,80.16700000000027,2.1922890798156125
331,331,331,331,331,331,331,331,331,331,331,331,2023-12-14,YESBANK,21.5,22.1,21.3,21.4,2.791,-0.93,-0.465,2.791,0.93,0.93,14,12,2023,0.01,10.6,-0.02,80.14700000000028,2.1918506219996496
332,332,332,332,332,332,332,332,332,332,332,332,2023-12-15,YESBANK,21.95,22.1,21.4,21.95,0.683,-2.506,0.0,2.506,0.683,0.683,15,12,2023,0.01,10.6,-0.02,80.12700000000028,2.1914122518752497
333,333,333,333,333,333,333,333,333,333,333,333,2023-12-18,YESBANK,22.0,23.0,21.65,22.8,4.545,-1.591,3.636,4.545,1.591,1.591,18,12,2023,0.01,10.6,-0.02,80.10700000000028,2.1909739694248747
334,334,334,334,334,334,334,334,334,334,334,334,2023-12-19,YESBANK,22.9,23.05,22.05,22.15,0.655,-3.712,-3.275,3.712,0.655,0.655,19,12,2023,0.01,10.6,-0.02,80.08700000000029,2.1905357746309897
335,335,335,335,335,335,335,335,335,335,335,335,2023-12-20,YESBANK,22.35,22.45,20.25,20.5,0.447,-9.396,-8.277,9.396,0.447,0.447,20,12,2023,0.01,10.6,-0.02,80.06700000000029,2.1900976674760635
336,336,336,336,336,336,336,336,336,336,336,336,2023-12-21,YESBANK,20.15,21.25,19.95,21.15,5.459,-0.993,4.963,5.459,0.993,0.993,21,12,2023,0.01,10.6,-0.02,80.0470000000003,2.1896596479425683
337,337,337,337,337,337,337,337,337,337,337,337,2023-12-22,YESBANK,21.25,21.45,20.8,21.05,0.941,-2.118,-0.941,2.118,0.941,0.941,22,12,2023,0.01,10.6,-0.02,80.0270000000003,2.18922171601298
338,338,338,338,338,338,338,338,338,338,338,338,2023-12-26,YESBANK,21.15,21.35,20.85,20.95,0.946,-1.418,-0.946,1.418,0.946,0.946,26,12,2023,0.01,10.6,-0.02,80.0070000000003,2.188783871669777
339,339,339,339,339,339,339,339,339,339,339,339,2023-12-27,YESBANK,21.1,21.25,20.85,20.95,0.711,-1.185,-0.711,1.185,0.711,0.711,27,12,2023,0.01,10.6,-0.02,79.98700000000031,2.188346114895443
340,340,340,340,340,340,340,340,340,340,340,340,2023-12-28,YESBANK,21.0,21.15,20.8,20.85,0.714,-0.952,-0.714,0.952,0.714,0.714,28,12,2023,0.01,10.6,-0.02,79.96700000000031,2.187908445672464
341,341,341,341,341,341,341,341,341,341,341,341,2023-12-29,YESBANK,20.9,21.8,20.7,21.45,4.306,-0.957,2.632,4.306,0.957,0.957,29,12,2023,0.01,10.6,-0.02,79.94700000000032,2.1874708639833296
342,342,342,342,342,342,342,342,342,342,342,342,2024-01-01,YESBANK,21.5,23.0,21.4,22.65,6.977,-0.465,5.349,6.977,0.465,0.465,1,1,2024,0.01,10.6,-0.02,79.92700000000032,2.187033369810533
343,343,343,343,343,343,343,343,343,343,343,343,2024-01-02,YESBANK,22.7,23.7,22.3,23.2,4.405,-1.762,2.203,4.405,1.762,1.762,2,1,2024,0.01,10.6,-0.02,79.90700000000032,2.186595963136571
344,344,344,344,344,344,344,344,344,344,344,344,2024-01-03,YESBANK,23.25,23.75,22.75,22.9,2.151,-2.151,-1.505,2.151,2.151,2.151,3,1,2024,0.01,10.6,-0.02,79.88700000000033,2.1861586439439438
345,345,345,345,345,345,345,345,345,345,345,345,2024-01-04,YESBANK,23.05,23.6,22.9,23.25,2.386,-0.651,0.868,2.386,0.651,0.651,4,1,2024,0.01,10.6,-0.02,79.86700000000033,2.185721412215155
346,346,346,346,346,346,346,346,346,346,346,346,2024-01-05,YESBANK,23.35,24.3,23.25,24.0,4.069,-0.428,2.784,4.069,0.428,0.428,5,1,2024,0.01,10.6,-0.02,79.84700000000034,2.185284267932712
347,347,347,347,347,347,347,347,347,347,347,347,2024-01-08,YESBANK,24.3,24.45,23.45,24.2,0.617,-3.498,-0.412,3.498,0.617,0.617,8,1,2024,0.01,10.6,-0.02,79.82700000000034,2.1848472110791253
348,348,348,348,348,348,348,348,348,348,348,348,2024-01-09,YESBANK,24.4,25.0,24.1,24.2,2.459,-1.23,-0.82,2.459,1.23,1.23,9,1,2024,0.01,10.6,-0.02,79.80700000000034,2.1844102416369093
349,349,349,349,349,349,349,349,349,349,349,349,2024-01-10,YESBANK,24.15,25.65,24.0,25.5,6.211,-0.621,5.59,6.211,0.621,0.621,10,1,2024,0.01,10.6,-0.02,79.78700000000035,2.183973359588582
350,350,350,350,350,350,350,350,350,350,350,350,2024-01-11,YESBANK,25.6,25.95,25.15,25.55,1.367,-1.758,-0.195,1.758,1.367,1.367,11,1,2024,0.01,10.6,-0.02,79.76700000000035,2.1835365649166643
351,351,351,351,351,351,351,351,351,351,351,351,2024-01-12,YESBANK,25.65,25.7,24.6,24.9,0.195,-4.094,-2.924,4.094,0.195,0.195,12,1,2024,0.01,10.6,-0.02,79.74700000000036,2.183099857603681
352,352,352,352,352,352,352,352,352,352,352,352,2024-01-15,YESBANK,25.0,25.3,24.6,24.75,1.2,-1.6,-1.0,1.6,1.2,1.2,15,1,2024,0.01,10.6,-0.02,79.72700000000036,2.18266323763216
353,353,353,353,353,353,353,353,353,353,353,353,2024-01-16,YESBANK,24.95,26.25,24.9,25.65,5.21,-0.2,2.806,5.21,0.2,0.2,16,1,2024,0.01,10.6,-0.02,79.70700000000036,2.182226704984634
354,354,354,354,354,354,354,354,354,354,354,354,2024-01-17,YESBANK,25.4,25.65,24.65,24.75,0.984,-2.953,-2.559,2.953,0.984,0.984,17,1,2024,0.01,10.6,-0.02,79.68700000000037,2.1817902596436367
355,355,355,355,355,355,355,355,355,355,355,355,2024-01-18,YESBANK,24.7,25.1,23.9,24.95,1.619,-3.239,1.012,3.239,1.619,1.619,18,1,2024,0.01,10.6,-0.02,79.66700000000037,2.181353901591708
356,356,356,356,356,356,356,356,356,356,356,356,2024-01-19,YESBANK,25.1,25.55,25.1,25.15,1.793,0.0,0.199,1.793,0.0,0.0,19,1,2024,0.01,10.6,0.189,79.85600000000036,2.1854766604657163
357,357,357,357,357,357,357,357,357,357,357,357,2024-01-20,YESBANK,25.3,25.45,25.1,25.25,0.593,-0.791,-0.198,0.791,0.593,0.593,20,1,2024,0.01,10.6,-0.02,79.83600000000037,2.185039565133623
358,358,358,358,358,358,358,358,358,358,358,358,2024-01-23,YESBANK,25.45,25.6,23.9,24.05,0.589,-6.09,-5.501,6.09,0.589,0.589,23,1,2024,0.01,10.6,-0.02,79.81600000000037,2.1846025572205967
359,359,359,359,359,359,359,359,359,359,359,359,2024-01-24,YESBANK,24.15,24.8,23.65,24.7,2.692,-2.07,2.277,2.692,2.07,2.07,24,1,2024,0.01,10.6,-0.02,79.79600000000038,2.1841656367091526
360,360,360,360,360,360,360,360,360,360,360,360,2024-01-25,YESBANK,24.8,25.3,24.7,24.85,2.016,-0.403,0.202,2.016,0.403,0.403,25,1,2024,0.01,10.6,-0.02,79.77600000000038,2.1837288035818108
361,361,361,361,361,361,361,361,361,361,361,361,2024-01-29,YESBANK,25.3,25.5,24.25,24.35,0.791,-4.15,-3.755,4.15,0.791,0.791,29,1,2024,0.01,10.6,-0.02,79.75600000000038,2.1832920578210944
362,362,362,362,362,362,362,362,362,362,362,362,2024-01-30,YESBANK,24.45,24.5,23.8,23.9,0.204,-2.658,-2.249,2.658,0.204,0.204,30,1,2024,0.01,10.6,-0.02,79.73600000000039,2.1828553994095303
363,363,363,363,363,363,363,363,363,363,363,363,2024-01-31,YESBANK,24.0,24.3,23.9,24.1,1.25,-0.417,0.417,1.25,0.417,0.417,31,1,2024,0.01,10.6,-0.02,79.71600000000039,2.1824188283296486
364,364,364,364,364,364,364,364,364,364,364,364,2024-02-01,YESBANK,24.1,24.25,23.7,23.9,0.622,-1.66,-0.83,1.66,0.622,0.622,1,2,2024,0.01,10.6,-0.02,79.6960000000004,2.1819823445639828
365,365,365,365,365,365,365,365,365,365,365,365,2024-02-02,YESBANK,23.95,24.15,23.6,23.7,0.835,-1.461,-1.044,1.461,0.835,0.835,2,2,2024,0.01,10.6,-0.02,79.6760000000004,2.18154594809507
366,366,366,366,366,366,366,366,366,366,366,366,2024-02-05,YESBANK,23.7,23.8,22.6,22.8,0.422,-4.641,-3.797,4.641,0.422,0.422,5,2,2024,0.01,10.6,-0.02,79.6560000000004,2.181109638905451
367,367,367,367,367,367,367,367,367,367,367,367,2024-02-06,YESBANK,23.1,25.7,23.0,25.4,11.255,-0.433,9.957,11.255,0.433,0.433,6,2,2024,0.01,10.6,-0.02,79.63600000000041,2.18067341697767
368,368,368,368,368,368,368,368,368,368,368,368,2024-02-07,YESBANK,26.1,30.45,25.95,29.8,16.667,-0.575,14.176,16.667,0.575,0.575,7,2,2024,0.01,10.6,-0.02,79.61600000000041,2.180237282294274
369,369,369,369,369,369,369,369,369,369,369,369,2024-02-08,YESBANK,31.1,32.7,28.9,30.0,5.145,-7.074,-3.537,7.074,5.145,5.145,8,2,2024,0.01,10.6,-0.02,79.59600000000042,2.1798012348378153
370,370,370,370,370,370,370,370,370,370,370,370,2024-02-09,YESBANK,30.2,32.85,29.25,31.4,8.775,-3.146,3.974,8.775,3.146,3.146,9,2,2024,0.01,10.6,-0.02,79.57600000000042,2.1793652745908476
371,371,371,371,371,371,371,371,371,371,371,371,2024-02-12,YESBANK,31.95,32.35,28.0,28.3,1.252,-12.363,-11.424,12.363,1.252,1.252,12,2,2024,0.01,10.6,-0.02,79.55600000000042,2.1789294015359295
372,372,372,372,372,372,372,372,372,372,372,372,2024-02-13,YESBANK,28.45,28.95,26.75,27.85,1.757,-5.975,-2.109,5.975,1.757,1.757,13,2,2024,0.01,10.6,-0.02,79.53600000000043,2.1784936156556225
373,373,373,373,373,373,373,373,373,373,373,373,2024-02-14,YESBANK,27.15,28.95,27.0,28.7,6.63,-0.552,5.709,6.63,0.552,0.552,14,2,2024,0.01,10.6,-0.02,79.51600000000043,2.1780579169324916
374,374,374,374,374,374,374,374,374,374,374,374,2024-02-15,YESBANK,29.0,29.8,28.7,29.0,2.759,-1.034,0.0,2.759,1.034,1.034,15,2,2024,0.01,10.6,-0.02,79.49600000000044,2.177622305349105
375,375,375,375,375,375,375,375,375,375,375,375,2024-02-16,YESBANK,29.25,29.7,28.3,28.4,1.538,-3.248,-2.906,3.248,1.538,1.538,16,2,2024,0.01,10.6,-0.02,79.47600000000044,2.1771867808880354
376,376,376,376,376,376,376,376,376,376,376,376,2024-02-19,YESBANK,28.5,28.55,27.0,27.1,0.175,-5.263,-4.912,5.263,0.175,0.175,19,2,2024,0.01,10.6,-0.02,79.45600000000044,2.176751343531858
377,377,377,377,377,377,377,377,377,377,377,377,2024-02-20,YESBANK,27.1,27.35,26.45,26.6,0.923,-2.399,-1.845,2.399,0.923,0.923,20,2,2024,0.01,10.6,-0.02,79.43600000000045,2.1763159932631515
378,378,378,378,378,378,378,378,378,378,378,378,2024-02-21,YESBANK,26.85,27.1,25.4,25.55,0.931,-5.4,-4.842,5.4,0.931,0.931,21,2,2024,0.01,10.6,-0.02,79.41600000000045,2.175880730064499
379,379,379,379,379,379,379,379,379,379,379,379,2024-02-22,YESBANK,25.8,27.35,24.95,27.15,6.008,-3.295,5.233,6.008,3.295,3.295,22,2,2024,0.01,10.6,-0.02,79.39600000000046,2.175445553918486
380,380,380,380,380,380,380,380,380,380,380,380,2024-02-23,YESBANK,26.85,27.4,26.1,26.2,2.048,-2.793,-2.421,2.793,2.048,2.048,23,2,2024,0.01,10.6,-0.02,79.37600000000046,2.1750104648077024
381,381,381,381,381,381,381,381,381,381,381,381,2024-02-26,YESBANK,26.0,26.0,25.1,25.25,0.0,-3.462,-2.885,3.462,0.0,0.0,26,2,2024,0.01,10.6,2.875,82.25100000000046,2.237542015670924
382,382,382,382,382,382,382,382,382,382,382,382,2024-02-27,YESBANK,25.3,26.15,25.0,25.1,3.36,-1.186,-0.791,3.36,1.186,1.186,27,2,2024,0.01,10.6,-0.02,82.23100000000046,2.23709450726779
383,383,383,383,383,383,383,383,383,383,383,383,2024-02-28,YESBANK,25.35,25.45,23.6,23.8,0.394,-6.903,-6.114,6.903,0.394,0.394,28,2,2024,0.01,10.6,-0.02,82.21100000000047,2.2366470883663365
384,384,384,384,384,384,384,384,384,384,384,384,2024-02-29,YESBANK,24.15,24.8,23.85,24.45,2.692,-1.242,1.242,2.692,1.242,1.242,29,2,2024,0.01,10.6,-0.02,82.19100000000047,2.2361997589486635
385,385,385,385,385,385,385,385,385,385,385,385,2024-03-01,YESBANK,24.9,25.1,24.55,24.95,0.803,-1.406,0.201,1.406,0.803,0.803,1,3,2024,0.01,10.6,-0.02,82.17100000000048,2.2357525189968737
386,386,386,386,386,386,386,386,386,386,386,386,2024-03-02,YESBANK,25.05,25.35,24.85,25.25,1.198,-0.798,0.798,1.198,0.798,0.798,2,3,2024,0.01,10.6,-0.02,82.15100000000048,2.235305368493074
387,387,387,387,387,387,387,387,387,387,387,387,2024-03-04,YESBANK,25.35,25.7,24.6,24.8,1.381,-2.959,-2.17,2.959,1.381,1.381,4,3,2024,0.01,10.6,-0.02,82.13100000000048,2.2348583074193757
388,388,388,388,388,388,388,388,388,388,388,388,2024-03-05,YESBANK,24.8,25.0,24.4,24.5,0.806,-1.613,-1.21,1.613,0.806,0.806,5,3,2024,0.01,10.6,-0.02,82.11100000000049,2.234411335757892
389,389,389,389,389,389,389,389,389,389,389,389,2024-03-06,YESBANK,24.5,24.5,23.5,23.6,0.0,-4.082,-3.673,4.082,0.0,0.0,6,3,2024,0.01,10.6,3.663,85.77400000000048,2.3162578229867035
390,390,390,390,390,390,390,390,390,390,390,390,2024-03-07,YESBANK,23.7,24.2,23.65,23.85,2.11,-0.211,0.633,2.11,0.211,0.211,7,3,2024,0.01,10.6,-0.02,85.75400000000049,2.315794571422106
391,391,391,391,391,391,391,391,391,391,391,391,2024-03-11,YESBANK,24.0,24.3,23.55,23.65,1.25,-1.875,-1.458,1.875,1.25,1.25,11,3,2024,0.01,10.6,-0.02,85.73400000000049,2.3153314125078217
392,392,392,392,392,392,392,392,392,392,392,392,2024-03-12,YESBANK,23.75,23.85,22.7,22.85,0.421,-4.421,-3.789,4.421,0.421,0.421,12,3,2024,0.01,10.6,-0.02,85.7140000000005,2.31486834622532
393,393,393,393,393,393,393,393,393,393,393,393,2024-03-13,YESBANK,22.9,23.1,20.75,20.95,0.873,-9.389,-8.515,9.389,0.873,0.873,13,3,2024,0.01,10.6,-0.02,85.6940000000005,2.314405372556075
394,394,394,394,394,394,394,394,394,394,394,394,2024-03-14,YESBANK,20.95,23.75,20.55,23.45,13.365,-1.909,11.933,13.365,1.909,1.909,14,3,2024,0.01,10.6,-0.02,85.6740000000005,2.313942491481564
395,395,395,395,395,395,395,395,395,395,395,395,2024-03-15,YESBANK,23.65,24.4,22.75,23.8,3.171,-3.805,0.634,3.805,3.171,3.171,15,3,2024,0.01,10.6,-0.02,85.65400000000051,2.3134797029832677
396,396,396,396,396,396,396,396,396,396,396,396,2024-03-18,YESBANK,23.9,24.1,23.25,23.45,0.837,-2.72,-1.883,2.72,0.837,0.837,18,3,2024,0.01,10.6,-0.02,85.63400000000051,2.313017007042671
397,397,397,397,397,397,397,397,397,397,397,397,2024-03-19,YESBANK,23.4,23.7,22.85,22.95,1.282,-2.35,-1.923,2.35,1.282,1.282,19,3,2024,0.01,10.6,-0.02,85.61400000000052,2.3125544036412626
398,398,398,398,398,398,398,398,398,398,398,398,2024-03-20,YESBANK,23.25,23.6,22.8,23.05,1.505,-1.935,-0.86,1.935,1.505,1.505,20,3,2024,0.01,10.6,-0.02,85.59400000000052,2.3120918927605345
399,399,399,399,399,399,399,399,399,399,399,399,2024-03-21,YESBANK,23.35,23.65,23.1,23.4,1.285,-1.071,0.214,1.285,1.071,1.071,21,3,2024,0.01,10.6,-0.02,85.57400000000052,2.3116294743819825
400,400,400,400,400,400,400,400,400,400,400,400,2024-03-22,YESBANK,23.4,24.2,23.2,23.9,3.419,-0.855,2.137,3.419,0.855,0.855,22,3,2024,0.01,10.6,-0.02,85.55400000000053,2.3111671484871064
401,401,401,401,401,401,401,401,401,401,401,401,2024-03-26,YESBANK,23.9,24.15,23.45,23.55,1.046,-1.883,-1.464,1.883,1.046,1.046,26,3,2024,0.01,10.6,-0.02,85.53400000000053,2.310704915057409
402,402,402,402,402,402,402,402,402,402,402,402,2024-03-27,YESBANK,23.55,23.75,23.0,23.15,0.849,-2.335,-1.699,2.335,0.849,0.849,27,3,2024,0.01,10.6,-0.02,85.51400000000054,2.3102427740743976
403,403,403,403,403,403,403,403,403,403,403,403,2024-03-28,YESBANK,23.2,23.6,23.1,23.2,1.724,-0.431,0.0,1.724,0.431,0.431,28,3,2024,0.01,10.6,-0.02,85.49400000000054,2.3097807255195826
404,404,404,404,404,404,404,404,404,404,404,404,2024-04-01,YESBANK,23.3,24.7,23.3,24.45,6.009,0.0,4.936,6.009,0.0,0.0,1,4,2024,0.01,10.6,4.926,90.42000000000054,2.4235605240586775
405,405,405,405,405,405,405,405,405,405,405,405,2024-04-02,YESBANK,24.55,24.85,24.25,24.6,1.222,-1.222,0.204,1.222,1.222,1.222,2,4,2024,0.01,10.6,-0.02,90.40000000000055,2.423075811953866
406,406,406,406,406,406,406,406,406,406,406,406,2024-04-03,YESBANK,24.6,25.5,24.4,25.4,3.659,-0.813,3.252,3.659,0.813,0.813,3,4,2024,0.01,10.6,-0.02,90.38000000000055,2.4225911967914753
407,407,407,407,407,407,407,407,407,407,407,407,2024-04-04,YESBANK,25.65,25.75,24.7,24.9,0.39,-3.704,-2.924,3.704,0.39,0.39,4,4,2024,0.01,10.6,-0.02,90.36000000000055,2.422106678552117
408,408,408,408,408,408,408,408,408,408,408,408,2024-04-05,YESBANK,24.95,25.35,24.75,25.2,1.603,-0.802,1.002,1.603,0.802,0.802,5,4,2024,0.01,10.6,-0.02,90.34000000000056,2.4216222572164066
409,409,409,409,409,409,409,409,409,409,409,409,2024-04-08,YESBANK,25.3,25.35,24.65,24.75,0.198,-2.569,-2.174,2.569,0.198,0.198,8,4,2024,0.01,10.6,-0.02,90.32000000000056,2.4211379327649634
410,410,410,410,410,410,410,410,410,410,410,410,2024-04-09,YESBANK,24.8,25.2,24.5,24.55,1.613,-1.21,-1.008,1.613,1.21,1.21,9,4,2024,0.01,10.6,-0.02,90.30000000000057,2.4206537051784105
411,411,411,411,411,411,411,411,411,411,411,411,2024-04-10,YESBANK,24.6,24.8,24.3,24.45,0.813,-1.22,-0.61,1.22,0.813,0.813,10,4,2024,0.01,10.6,-0.02,90.28000000000057,2.420169574437375
412,412,412,412,412,412,412,412,412,412,412,412,2024-04-12,YESBANK,24.45,25.15,24.2,24.25,2.863,-1.022,-0.818,2.863,1.022,1.022,12,4,2024,0.01,10.6,-0.02,90.26000000000057,2.4196855405224875
413,413,413,413,413,413,413,413,413,413,413,413,2024-04-15,YESBANK,24.25,24.35,23.65,23.95,0.412,-2.474,-1.237,2.474,0.412,0.412,15,4,2024,0.01,10.6,-0.02,90.24000000000058,2.419201603414383
414,414,414,414,414,414,414,414,414,414,414,414,2024-04-16,YESBANK,23.85,24.2,23.75,23.95,1.468,-0.419,0.419,1.468,0.419,0.419,16,4,2024,0.01,10.6,-0.02,90.22000000000058,2.4187177630937002
415,415,415,415,415,415,415,415,415,415,415,415,2024-04-18,YESBANK,24.1,24.45,23.8,23.9,1.452,-1.245,-0.83,1.452,1.245,1.245,18,4,2024,0.01,10.6,-0.02,90.20000000000059,2.4182340195410816
416,416,416,416,416,416,416,416,416,416,416,416,2024-04-19,YESBANK,23.65,24.1,23.25,23.95,1.903,-1.691,1.268,1.903,1.691,1.691,19,4,2024,0.01,10.6,-0.02,90.18000000000059,2.4177503727371734
417,417,417,417,417,417,417,417,417,417,417,417,2024-04-22,YESBANK,24.05,25.35,24.0,25.2,5.405,-0.208,4.782,5.405,0.208,0.208,22,4,2024,0.01,10.6,-0.02,90.1600000000006,2.417266822662626
418,418,418,418,418,418,418,418,418,418,418,418,2024-04-23,YESBANK,25.5,26.5,25.4,25.65,3.922,-0.392,0.588,3.922,0.392,0.392,23,4,2024,0.01,10.6,-0.02,90.1400000000006,2.4167833692980936
419,419,419,419,419,419,419,419,419,419,419,419,2024-04-24,YESBANK,25.9,25.95,25.4,25.45,0.193,-1.931,-1.737,1.931,0.193,0.193,24,4,2024,0.01,10.6,-0.02,90.1200000000006,2.416300012624234
420,420,420,420,420,420,420,420,420,420,420,420,2024-04-25,YESBANK,25.45,26.3,25.25,25.95,3.34,-0.786,1.965,3.34,0.786,0.786,25,4,2024,0.01,10.6,-0.02,90.1000000000006,2.4158167526217094
421,421,421,421,421,421,421,421,421,421,421,421,2024-04-26,YESBANK,26.05,26.45,25.95,26.15,1.536,-0.384,0.384,1.536,0.384,0.384,26,4,2024,0.01,10.6,-0.02,90.08000000000061,2.415333589271185
422,422,422,422,422,422,422,422,422,422,422,422,2024-04-29,YESBANK,27.5,28.55,26.9,27.1,3.818,-2.182,-1.455,3.818,2.182,2.182,29,4,2024,0.01,10.6,-0.02,90.06000000000061,2.4148505225533308
423,423,423,423,423,423,423,423,423,423,423,423,2024-04-30,YESBANK,27.25,27.4,26.05,26.15,0.55,-4.404,-4.037,4.404,0.55,0.55,30,4,2024,0.01,10.6,-0.02,90.04000000000062,2.41436755244882
424,424,424,424,424,424,424,424,424,424,424,424,2024-05-02,YESBANK,26.0,26.0,25.3,25.45,0.0,-2.692,-2.115,2.692,0.0,0.0,2,5,2024,0.01,10.6,2.1050000000000004,92.14500000000062,2.4651899894278677
425,425,425,425,425,425,425,425,425,425,425,425,2024-05-03,YESBANK,24.85,25.85,24.25,24.95,4.024,-2.414,0.402,4.024,2.414,2.414,3,5,2024,0.01,10.6,-0.02,92.12500000000063,2.4646969514299824
426,426,426,426,426,426,426,426,426,426,426,426,2024-05-06,YESBANK,25.2,25.25,23.9,24.1,0.198,-5.159,-4.365,5.159,0.198,0.198,6,5,2024,0.01,10.6,-0.02,92.10500000000063,2.4642040120396964
427,427,427,427,427,427,427,427,427,427,427,427,2024-05-07,YESBANK,24.1,24.3,22.65,22.85,0.83,-6.017,-5.187,6.017,0.83,0.83,7,5,2024,0.01,10.6,-0.02,92.08500000000063,2.4637111712372883
428,428,428,428,428,428,428,428,428,428,428,428,2024-05-08,YESBANK,23.0,23.3,22.75,22.95,1.304,-1.087,-0.217,1.304,1.087,1.087,8,5,2024,0.01,10.6,-0.02,92.06500000000064,2.463218429003041
429,429,429,429,429,429,429,429,429,429,429,429,2024-05-09,YESBANK,23.05,23.15,22.5,22.6,0.434,-2.386,-1.952,2.386,0.434,0.434,9,5,2024,0.01,10.6,-0.02,92.04500000000064,2.4627257853172404
430,430,430,430,430,430,430,430,430,430,430,430,2024-05-10,YESBANK,22.65,22.75,22.05,22.5,0.442,-2.649,-0.662,2.649,0.442,0.442,10,5,2024,0.01,10.6,-0.02,92.02500000000065,2.462233240160177
431,431,431,431,431,431,431,431,431,431,431,431,2024-05-13,YESBANK,22.5,22.55,21.85,22.25,0.222,-2.889,-1.111,2.889,0.222,0.222,13,5,2024,0.01,10.6,-0.02,92.00500000000065,2.461740793512145
432,432,432,432,432,432,432,432,432,432,432,432,2024-05-14,YESBANK,22.3,23.2,22.25,22.55,4.036,-0.224,1.121,4.036,0.224,0.224,14,5,2024,0.01,10.6,-0.02,91.98500000000065,2.461248445353443
433,433,433,433,433,433,433,433,433,433,433,433,2024-05-15,YESBANK,22.7,22.75,22.45,22.6,0.22,-1.101,-0.441,1.101,0.22,0.22,15,5,2024,0.01,10.6,-0.02,91.96500000000066,2.460756195664372
434,434,434,434,434,434,434,434,434,434,434,434,2024-05-16,YESBANK,22.8,23.15,22.6,22.65,1.535,-0.877,-0.658,1.535,0.877,0.877,16,5,2024,0.01,10.6,-0.02,91.94500000000066,2.4602640444252395
435,435,435,435,435,435,435,435,435,435,435,435,2024-05-17,YESBANK,22.65,23.15,22.55,23.0,2.208,-0.442,1.545,2.208,0.442,0.442,17,5,2024,0.01,10.6,-0.02,91.92500000000067,2.4597719916163543
436,436,436,436,436,436,436,436,436,436,436,436,2024-05-18,YESBANK,23.05,23.45,23.0,23.35,1.735,-0.217,1.302,1.735,0.217,0.217,18,5,2024,0.01,10.6,-0.02,91.90500000000067,2.459280037218031
437,437,437,437,437,437,437,437,437,437,437,437,2024-05-21,YESBANK,23.35,23.5,23.0,23.25,0.642,-1.499,-0.428,1.499,0.642,0.642,21,5,2024,0.01,10.6,-0.02,91.88500000000067,2.4587881812105876
438,438,438,438,438,438,438,438,438,438,438,438,2024-05-22,YESBANK,23.35,23.4,22.75,22.95,0.214,-2.57,-1.713,2.57,0.214,0.214,22,5,2024,0.01,10.6,-0.02,91.86500000000068,2.4582964235743456
439,439,439,439,439,439,439,439,439,439,439,439,2024-05-23,YESBANK,23.05,23.2,22.95,23.1,0.651,-0.434,0.217,0.651,0.434,0.434,23,5,2024,0.01,10.6,-0.02,91.84500000000068,2.457804764289631
440,440,440,440,440,440,440,440,440,440,440,440,2024-05-24,YESBANK,23.1,23.4,22.95,23.0,1.299,-0.649,-0.433,1.299,0.649,0.649,24,5,2024,0.01,10.6,-0.02,91.82500000000068,2.4573132033367733
441,441,441,441,441,441,441,441,441,441,441,441,2024-05-27,YESBANK,23.1,23.45,22.8,23.05,1.515,-1.299,-0.216,1.515,1.299,1.299,27,5,2024,0.01,10.6,-0.02,91.80500000000069,2.456821740696106
442,442,442,442,442,442,442,442,442,442,442,442,2024-05-28,YESBANK,23.0,23.1,22.65,22.8,0.435,-1.522,-0.87,1.522,0.435,0.435,28,5,2024,0.01,10.6,-0.02,91.7850000000007,2.456330376347967
443,443,443,443,443,443,443,443,443,443,443,443,2024-05-29,YESBANK,22.7,22.85,22.5,22.75,0.661,-0.881,0.22,0.881,0.661,0.661,29,5,2024,0.01,10.6,-0.02,91.7650000000007,2.4558391102726973
444,444,444,444,444,444,444,444,444,444,444,444,2024-05-30,YESBANK,22.75,22.85,22.5,22.55,0.44,-1.099,-0.879,1.099,0.44,0.44,30,5,2024,0.01,10.6,-0.02,91.7450000000007,2.455347942450643
445,445,445,445,445,445,445,445,445,445,445,445,2024-05-31,YESBANK,22.7,23.4,22.4,23.0,3.084,-1.322,1.322,3.084,1.322,1.322,31,5,2024,0.01,10.6,-0.02,91.7250000000007,2.454856872862153
446,446,446,446,446,446,446,446,446,446,446,446,2024-06-03,YESBANK,24.4,24.65,23.4,23.55,1.025,-4.098,-3.484,4.098,1.025,1.025,3,6,2024,0.01,10.6,-0.02,91.70500000000071,2.4543659014875807
447,447,447,447,447,447,447,447,447,447,447,447,2024-06-04,YESBANK,23.5,23.5,21.0,21.85,0.0,-10.638,-7.021,10.638,0.0,0.0,4,6,2024,0.01,10.6,10.590000000000002,102.29500000000071,2.7142832504551158
448,448,448,448,448,448,448,448,448,448,448,448,2024-06-05,YESBANK,22.3,22.9,21.6,22.65,2.691,-3.139,1.57,3.139,2.691,2.691,5,6,2024,0.01,10.6,-0.02,102.27500000000072,2.7137403938050246
449,449,449,449,449,449,449,449,449,449,449,449,2024-06-06,YESBANK,22.85,23.3,22.8,22.9,1.969,-0.219,0.219,1.969,0.219,0.219,6,6,2024,0.01,10.6,-0.02,102.25500000000072,2.7131976457262637
450,450,450,450,450,450,450,450,450,450,450,450,2024-06-07,YESBANK,22.9,23.35,22.65,23.15,1.965,-1.092,1.092,1.965,1.092,1.092,7,6,2024,0.01,10.6,-0.02,102.23500000000072,2.7126550061971186
451,451,451,451,451,451,451,451,451,451,451,451,2024-06-10,YESBANK,23.4,24.5,23.21,23.87,4.701,-0.812,2.009,4.701,0.812,0.812,10,6,2024,0.01,10.6,-0.02,102.21500000000073,2.7121124751958794
452,452,452,452,452,452,452,452,452,452,452,452,2024-06-11,YESBANK,23.99,24.12,23.55,23.62,0.542,-1.834,-1.542,1.834,0.542,0.542,11,6,2024,0.01,10.6,-0.02,102.19500000000073,2.71157005270084
453,453,453,453,453,453,453,453,453,453,453,453,2024-06-12,YESBANK,23.75,24.38,23.72,24.12,2.653,-0.126,1.558,2.653,0.126,0.126,12,6,2024,0.01,10.6,-0.02,102.17500000000074,2.7110277386903
454,454,454,454,454,454,454,454,454,454,454,454,2024-06-13,YESBANK,24.35,24.5,23.71,23.8,0.616,-2.628,-2.259,2.628,0.616,0.616,13,6,2024,0.01,10.6,-0.02,102.15500000000074,2.710485533142562
455,455,455,455,455,455,455,455,455,455,455,455,2024-06-14,YESBANK,23.98,23.98,23.72,23.81,0.0,-1.084,-0.709,1.084,0.0,0.0,14,6,2024,0.01,10.6,0.699,102.85400000000074,2.7294318270192286
456,456,456,456,456,456,456,456,456,456,456,456,2024-06-18,YESBANK,23.89,24.11,23.73,23.8,0.921,-0.67,-0.377,0.921,0.67,0.67,18,6,2024,0.01,10.6,-0.02,102.83400000000074,2.7288859406538246
457,457,457,457,457,457,457,457,457,457,457,457,2024-06-19,YESBANK,23.85,24.14,23.5,23.81,1.216,-1.468,-0.168,1.468,1.216,1.216,19,6,2024,0.01,10.6,-0.02,102.81400000000075,2.728340163465694
458,458,458,458,458,458,458,458,458,458,458,458,2024-06-20,YESBANK,23.85,24.65,23.78,23.96,3.354,-0.294,0.461,3.354,0.294,0.294,20,6,2024,0.01,10.6,-0.02,102.79400000000075,2.727794495433001
459,459,459,459,459,459,459,459,459,459,459,459,2024-06-21,YESBANK,24.09,24.14,23.75,23.84,0.208,-1.411,-1.038,1.411,0.208,0.208,21,6,2024,0.01,10.6,-0.02,102.77400000000075,2.7272489365339148
460,460,460,460,460,460,460,460,460,460,460,460,2024-06-24,YESBANK,23.89,24.1,23.65,23.96,0.879,-1.005,0.293,1.005,0.879,0.879,24,6,2024,0.01,10.6,-0.02,102.75400000000076,2.726703486746608
461,461,461,461,461,461,461,461,461,461,461,461,2024-06-25,YESBANK,24.1,24.45,23.95,24.02,1.452,-0.622,-0.332,1.452,0.622,0.622,25,6,2024,0.01,10.6,-0.02,102.73400000000076,2.7261581460492588
462,462,462,462,462,462,462,462,462,462,462,462,2024-06-26,YESBANK,24.03,24.23,23.71,23.79,0.832,-1.332,-0.999,1.332,0.832,0.832,26,6,2024,0.01,10.6,-0.02,102.71400000000077,2.725612914420049
463,463,463,463,463,463,463,463,463,463,463,463,2024-06-27,YESBANK,23.87,23.93,23.32,23.51,0.251,-2.304,-1.508,2.304,0.251,0.251,27,6,2024,0.01,10.6,-0.02,102.69400000000077,2.725067791837165
464,464,464,464,464,464,464,464,464,464,464,464,2024-06-28,YESBANK,23.6,24.07,23.55,23.69,1.992,-0.212,0.381,1.992,0.212,0.212,28,6,2024,0.01,10.6,-0.02,102.67400000000077,2.7245227782787973
465,465,465,465,465,465,465,465,465,465,465,465,2024-07-01,YESBANK,23.78,24.13,23.61,24.06,1.472,-0.715,1.177,1.472,0.715,0.715,1,7,2024,0.01,10.6,-0.02,102.65400000000078,2.7239778737231415
466,466,466,466,466,466,466,466,466,466,466,466,2024-07-02,YESBANK,24.06,24.48,23.8,23.85,1.746,-1.081,-0.873,1.746,1.081,1.081,2,7,2024,0.01,10.6,-0.02,102.63400000000078,2.723433078148397
467,467,467,467,467,467,467,467,467,467,467,467,2024-07-03,YESBANK,24.0,24.3,23.86,23.93,1.25,-0.583,-0.292,1.25,0.583,0.583,3,7,2024,0.01,10.6,-0.02,102.61400000000079,2.7228883915327673
468,468,468,468,468,468,468,468,468,468,468,468,2024-07-04,YESBANK,23.99,24.4,23.81,23.95,1.709,-0.75,-0.167,1.709,0.75,0.75,4,7,2024,0.01,10.6,-0.02,102.59400000000079,2.7223438138544607
469,469,469,469,469,469,469,469,469,469,469,469,2024-07-05,YESBANK,23.98,27.04,23.87,26.64,12.761,-0.459,11.093,12.761,0.459,0.459,5,7,2024,0.01,10.6,-0.02,102.5740000000008,2.7217993450916897
470,470,470,470,470,470,470,470,470,470,470,470,2024-07-08,YESBANK,26.95,27.44,25.57,25.68,1.818,-5.121,-4.712,5.121,1.818,1.818,8,7,2024,0.01,10.6,-0.02,102.5540000000008,2.7212549852226715
471,471,471,471,471,471,471,471,471,471,471,471,2024-07-09,YESBANK,26.08,26.44,25.71,25.8,1.38,-1.419,-1.074,1.419,1.38,1.38,9,7,2024,0.01,10.6,-0.02,102.5340000000008,2.720710734225627
472,472,472,472,472,472,472,472,472,472,472,472,2024-07-10,YESBANK,25.9,26.0,24.6,24.96,0.386,-5.019,-3.629,5.019,0.386,0.386,10,7,2024,0.01,10.6,-0.02,102.5140000000008,2.720166592078782
473,473,473,473,473,473,473,473,473,473,473,473,2024-07-11,YESBANK,26.1,27.09,25.7,25.83,3.793,-1.533,-1.034,3.793,1.533,1.533,11,7,2024,0.01,10.6,-0.02,102.49400000000081,2.719622558760366
474,474,474,474,474,474,474,474,474,474,474,474,2024-07-12,YESBANK,25.89,26.24,25.56,25.6,1.352,-1.275,-1.12,1.352,1.275,1.275,12,7,2024,0.01,10.6,-0.02,102.47400000000081,2.719078634248614
475,475,475,475,475,475,475,475,475,475,475,475,2024-07-15,YESBANK,25.65,26.8,25.1,26.38,4.483,-2.144,2.846,4.483,2.144,2.144,15,7,2024,0.01,10.6,-0.02,102.45400000000082,2.7185348185217646
476,476,476,476,476,476,476,476,476,476,476,476,2024-07-16,YESBANK,26.37,26.85,26.12,26.19,1.82,-0.948,-0.683,1.82,0.948,0.948,16,7,2024,0.01,10.6,-0.02,102.43400000000082,2.71799111155806
477,477,477,477,477,477,477,477,477,477,477,477,2024-07-18,YESBANK,26.0,26.3,25.67,25.75,1.154,-1.269,-0.962,1.269,1.154,1.154,18,7,2024,0.01,10.6,-0.02,102.41400000000083,2.7174475133357485
478,478,478,478,478,478,478,478,478,478,478,478,2024-07-19,YESBANK,25.74,25.78,24.62,24.77,0.155,-4.351,-3.768,4.351,0.155,0.155,19,7,2024,0.01,10.6,-0.02,102.39400000000083,2.7169040238330813
479,479,479,479,479,479,479,479,479,479,479,479,2024-07-22,YESBANK,25.9,26.19,25.22,25.67,1.12,-2.625,-0.888,2.625,1.12,1.12,22,7,2024,0.01,10.6,-0.02,102.37400000000083,2.716360643028315
480,480,480,480,480,480,480,480,480,480,480,480,2024-07-23,YESBANK,25.67,25.7,24.25,24.96,0.117,-5.532,-2.766,5.532,0.117,0.117,23,7,2024,0.01,10.6,-0.02,102.35400000000084,2.7158173708997095
481,481,481,481,481,481,481,481,481,481,481,481,2024-07-24,YESBANK,24.95,25.18,24.74,24.9,0.922,-0.842,-0.2,0.922,0.842,0.842,24,7,2024,0.01,10.6,-0.02,102.33400000000084,2.7152742074255296
482,482,482,482,482,482,482,482,482,482,482,482,2024-07-25,YESBANK,24.59,24.78,24.42,24.62,0.773,-0.691,0.122,0.773,0.691,0.691,25,7,2024,0.01,10.6,-0.02,102.31400000000085,2.7147311525840445
483,483,483,483,483,483,483,483,483,483,483,483,2024-07-26,YESBANK,24.67,25.11,24.65,24.97,1.784,-0.081,1.216,1.784,0.081,0.081,26,7,2024,0.01,10.6,-0.02,102.29400000000085,2.7141882063535276
484,484,484,484,484,484,484,484,484,484,484,484,2024-07-29,YESBANK,25.25,25.68,24.8,24.95,1.703,-1.782,-1.188,1.782,1.703,1.703,29,7,2024,0.01,10.6,-0.02,102.27400000000085,2.713645368712257
485,485,485,485,485,485,485,485,485,485,485,485,2024-07-30,YESBANK,24.94,26.07,24.88,25.71,4.531,-0.241,3.087,4.531,0.241,0.241,30,7,2024,0.01,10.6,-0.02,102.25400000000086,2.7131026396385143
486,486,486,486,486,486,486,486,486,486,486,486,2024-07-31,YESBANK,25.91,27.2,25.91,26.51,4.979,0.0,2.316,4.979,0.0,0.0,31,7,2024,0.01,10.6,2.306,104.56000000000085,2.7756667865085785
487,487,487,487,487,487,487,487,487,487,487,487,2024-08-01,YESBANK,26.65,26.94,26.21,26.28,1.088,-1.651,-1.388,1.651,1.088,1.088,1,8,2024,0.01,10.6,-0.02,104.54000000000086,2.775111653151277
488,488,488,488,488,488,488,488,488,488,488,488,2024-08-02,YESBANK,25.7,26.02,25.35,25.45,1.245,-1.362,-0.973,1.362,1.245,1.245,2,8,2024,0.01,10.6,-0.02,104.52000000000086,2.774556630820647
489,489,489,489,489,489,489,489,489,489,489,489,2024-08-05,YESBANK,24.5,24.75,23.43,23.54,1.02,-4.367,-3.918,4.367,1.02,1.02,5,8,2024,0.01,10.6,-0.02,104.50000000000087,2.774001719494483
490,490,490,490,490,490,490,490,490,490,490,490,2024-08-06,YESBANK,24.01,24.25,23.16,23.25,1.0,-3.54,-3.165,3.54,1.0,1.0,6,8,2024,0.01,10.6,-0.02,104.48000000000087,2.773446919150584
491,491,491,491,491,491,491,491,491,491,491,491,2024-08-07,YESBANK,23.89,24.15,23.39,24.05,1.088,-2.093,0.67,2.093,1.088,1.088,7,8,2024,0.01,10.6,-0.02,104.46000000000087,2.7728922297667538
492,492,492,492,492,492,492,492,492,492,492,492,2024-08-08,YESBANK,24.07,24.34,23.88,23.92,1.122,-0.789,-0.623,1.122,0.789,0.789,8,8,2024,0.01,10.6,-0.02,104.44000000000088,2.7723376513208007
493,493,493,493,493,493,493,493,493,493,493,493,2024-08-09,YESBANK,24.19,24.33,23.84,23.94,0.579,-1.447,-1.033,1.447,0.579,0.579,9,8,2024,0.01,10.6,-0.02,104.42000000000088,2.7717831837905367
494,494,494,494,494,494,494,494,494,494,494,494,2024-08-12,YESBANK,23.89,24.62,23.54,24.42,3.056,-1.465,2.219,3.056,1.465,1.465,12,8,2024,0.01,10.6,-0.02,104.40000000000089,2.7712288271537786
495,495,495,495,495,495,495,495,495,495,495,495,2024-08-13,YESBANK,25.0,25.1,24.01,24.11,0.4,-3.96,-3.56,3.96,0.4,0.4,13,8,2024,0.01,10.6,-0.02,104.38000000000089,2.7706745813883478
496,496,496,496,496,496,496,496,496,496,496,496,2024-08-14,YESBANK,24.33,24.34,23.82,23.99,0.041,-2.096,-1.397,2.096,0.041,0.041,14,8,2024,0.01,10.6,-0.02,104.3600000000009,2.7701204464720703
