Date,Symbol,OpenPrice,HighPrice,LowPrice,ClosePrice,High%,Low%,Close%,target_wrt_h&l%,stoploss_wrt_h&l%,profit_decider,Day,Month,Year,stploss,trgt,profit,cumsum,cumprod
2022-09-20,RTNINDIA,52.35,53.3,51.05,51.25,1.815,-2.483,-2.101,2.483,1.815,1.815,20,9,2022,0.01,6.4,-0.02,-0.02,0.9998
2022-09-21,RTNINDIA,51.35,52.05,50.3,50.7,1.363,-2.045,-1.266,2.045,1.363,1.363,21,9,2022,0.01,6.4,-0.02,-0.04,0.99960004
2022-09-22,RTNINDIA,50.85,51.15,50.0,50.55,0.59,-1.672,-0.59,1.672,0.59,0.59,22,9,2022,0.01,6.4,-0.02,-0.06,0.9994001199920001
2022-09-23,RTNINDIA,50.85,50.9,49.0,49.6,0.098,-3.638,-2.458,3.638,0.098,0.098,23,9,2022,0.01,6.4,-0.02,-0.08,0.9992002399680017
2022-09-26,RTNINDIA,49.15,49.15,45.9,46.55,0.0,-6.612,-5.29,6.612,0.0,0.0,26,9,2022,0.01,6.4,6.390000000000001,6.3100000000000005,1.063049135301957
2022-09-27,RTNINDIA,46.95,47.55,45.6,46.65,1.278,-2.875,-0.639,2.875,1.278,1.278,27,9,2022,0.01,6.4,-0.02,6.290000000000001,1.0628365254748968
2022-09-28,RTNINDIA,46.4,48.65,45.8,47.05,4.849,-1.293,1.401,4.849,1.293,1.293,28,9,2022,0.01,6.4,-0.02,6.270000000000001,1.0626239581698018
2022-09-29,RTNINDIA,47.75,48.3,46.6,46.95,1.152,-2.408,-1.675,2.408,1.152,1.152,29,9,2022,0.01,6.4,-0.02,6.250000000000002,1.0624114333781678
2022-09-30,RTNINDIA,47.15,47.9,46.35,46.85,1.591,-1.697,-0.636,1.697,1.591,1.591,30,9,2022,0.01,6.4,-0.02,6.230000000000002,1.0621989510914922
2022-10-03,RTNINDIA,47.2,47.8,46.65,47.15,1.271,-1.165,-0.106,1.271,1.165,1.165,3,10,2022,0.01,6.4,-0.02,6.210000000000003,1.0619865113012739
2022-10-04,RTNINDIA,47.7,49.0,47.2,47.95,2.725,-1.048,0.524,2.725,1.048,1.048,4,10,2022,0.01,6.4,-0.02,6.190000000000003,1.0617741139990136
2022-10-06,RTNINDIA,48.5,50.45,48.05,49.8,4.021,-0.928,2.68,4.021,0.928,0.928,6,10,2022,0.01,6.4,-0.02,6.1700000000000035,1.0615617591762139
2022-10-07,RTNINDIA,51.2,55.25,50.5,53.85,7.91,-1.367,5.176,7.91,1.367,1.367,7,10,2022,0.01,6.4,-0.02,6.150000000000004,1.0613494468243787
2022-10-10,RTNINDIA,53.5,54.2,51.9,52.25,1.308,-2.991,-2.336,2.991,1.308,1.308,10,10,2022,0.01,6.4,-0.02,6.130000000000004,1.0611371769350137
2022-10-11,RTNINDIA,52.5,52.75,50.2,50.75,0.476,-4.381,-3.333,4.381,0.476,0.476,11,10,2022,0.01,6.4,-0.02,6.110000000000005,1.0609249494996267
2022-10-12,RTNINDIA,50.95,51.65,48.65,49.7,1.374,-4.514,-2.453,4.514,1.374,1.374,12,10,2022,0.01,6.4,-0.02,6.090000000000005,1.0607127645097267
2022-10-13,RTNINDIA,49.9,50.2,48.55,49.05,0.601,-2.705,-1.703,2.705,0.601,0.601,13,10,2022,0.01,6.4,-0.02,6.070000000000006,1.0605006219568247
2022-10-14,RTNINDIA,50.0,50.65,48.65,48.85,1.3,-2.7,-2.3,2.7,1.3,1.3,14,10,2022,0.01,6.4,-0.02,6.050000000000006,1.0602885218324334
2022-10-17,RTNINDIA,48.95,50.75,48.5,50.0,3.677,-0.919,2.145,3.677,0.919,0.919,17,10,2022,0.01,6.4,-0.02,6.0300000000000065,1.0600764641280669
2022-10-18,RTNINDIA,50.8,51.9,50.2,50.75,2.165,-1.181,-0.098,2.165,1.181,1.181,18,10,2022,0.01,6.4,-0.02,6.010000000000007,1.0598644488352413
2022-10-19,RTNINDIA,51.05,51.25,49.2,49.45,0.392,-3.624,-3.134,3.624,0.392,0.392,19,10,2022,0.01,6.4,-0.02,5.990000000000007,1.0596524759454744
2022-10-20,RTNINDIA,49.25,49.6,48.3,48.8,0.711,-1.929,-0.914,1.929,0.711,0.711,20,10,2022,0.01,6.4,-0.02,5.970000000000008,1.0594405454502853
2022-10-21,RTNINDIA,49.1,49.3,47.8,48.2,0.407,-2.648,-1.833,2.648,0.407,0.407,21,10,2022,0.01,6.4,-0.02,5.950000000000008,1.0592286573411953
2022-10-24,RTNINDIA,48.75,49.9,48.6,49.3,2.359,-0.308,1.128,2.359,0.308,0.308,24,10,2022,0.01,6.4,-0.02,5.930000000000009,1.0590168116097272
2022-10-25,RTNINDIA,49.4,49.75,48.5,48.65,0.709,-1.822,-1.518,1.822,0.709,0.709,25,10,2022,0.01,6.4,-0.02,5.910000000000009,1.0588050082474052
2022-10-27,RTNINDIA,49.15,49.75,48.15,48.65,1.221,-2.035,-1.017,2.035,1.221,1.221,27,10,2022,0.01,6.4,-0.02,5.8900000000000095,1.0585932472457558
2022-10-28,RTNINDIA,48.8,49.2,48.5,48.65,0.82,-0.615,-0.307,0.82,0.615,0.615,28,10,2022,0.01,6.4,-0.02,5.87000000000001,1.0583815285963067
2022-10-31,RTNINDIA,48.95,49.25,48.4,48.65,0.613,-1.124,-0.613,1.124,0.613,0.613,31,10,2022,0.01,6.4,-0.02,5.85000000000001,1.0581698522905876
2022-11-01,RTNINDIA,48.9,49.6,48.4,48.65,1.431,-1.022,-0.511,1.431,1.022,1.022,1,11,2022,0.01,6.4,-0.02,5.830000000000011,1.0579582183201295
2022-11-02,RTNINDIA,48.7,49.3,48.25,48.35,1.232,-0.924,-0.719,1.232,0.924,0.924,2,11,2022,0.01,6.4,-0.02,5.810000000000011,1.0577466266764655
2022-11-03,RTNINDIA,48.0,48.7,47.4,47.45,1.458,-1.25,-1.146,1.458,1.25,1.25,3,11,2022,0.01,6.4,-0.02,5.790000000000012,1.0575350773511303
2022-11-04,RTNINDIA,47.45,48.45,46.6,47.15,2.107,-1.791,-0.632,2.107,1.791,1.791,4,11,2022,0.01,6.4,-0.02,5.770000000000012,1.05732357033566
2022-11-07,RTNINDIA,47.5,51.85,47.5,50.5,9.158,0.0,6.316,9.158,0.0,0.0,7,11,2022,0.01,6.4,6.390000000000001,12.160000000000013,1.1248865464801088
2022-11-09,RTNINDIA,50.85,53.35,50.75,52.65,4.916,-0.197,3.54,4.916,0.197,0.197,9,11,2022,0.01,6.4,-0.02,12.140000000000013,1.1246615691708128
2022-11-10,RTNINDIA,53.25,55.95,48.65,49.6,5.07,-8.638,-6.854,8.638,5.07,5.07,10,11,2022,0.01,6.4,-0.02,12.120000000000013,1.1244366368569787
2022-11-11,RTNINDIA,50.5,51.75,50.1,50.5,2.475,-0.792,0.0,2.475,0.792,0.792,11,11,2022,0.01,6.4,-0.02,12.100000000000014,1.1242117495296073
2022-11-14,RTNINDIA,50.9,50.95,49.1,49.45,0.098,-3.536,-2.849,3.536,0.098,0.098,14,11,2022,0.01,6.4,-0.02,12.080000000000014,1.1239869071797015
2022-11-15,RTNINDIA,49.55,49.6,48.7,48.9,0.101,-1.715,-1.312,1.715,0.101,0.101,15,11,2022,0.01,6.4,-0.02,12.060000000000015,1.1237621097982655
2022-11-16,RTNINDIA,48.85,50.8,48.7,49.3,3.992,-0.307,0.921,3.992,0.307,0.307,16,11,2022,0.01,6.4,-0.02,12.040000000000015,1.123537357376306
2022-11-17,RTNINDIA,49.4,50.2,48.85,49.05,1.619,-1.113,-0.709,1.619,1.113,1.113,17,11,2022,0.01,6.4,-0.02,12.020000000000016,1.1233126499048307
2022-11-18,RTNINDIA,49.35,49.75,48.8,49.0,0.811,-1.114,-0.709,1.114,0.811,0.811,18,11,2022,0.01,6.4,-0.02,12.000000000000016,1.1230879873748498
2022-11-21,RTNINDIA,49.0,49.35,47.8,48.05,0.714,-2.449,-1.939,2.449,0.714,0.714,21,11,2022,0.01,6.4,-0.02,11.980000000000016,1.1228633697773749
2022-11-22,RTNINDIA,48.3,48.65,47.85,48.1,0.725,-0.932,-0.414,0.932,0.725,0.725,22,11,2022,0.01,6.4,-0.02,11.960000000000017,1.1226387971034195
2022-11-23,RTNINDIA,48.35,48.85,47.75,47.85,1.034,-1.241,-1.034,1.241,1.034,1.034,23,11,2022,0.01,6.4,-0.02,11.940000000000017,1.122414269343999
2022-11-24,RTNINDIA,48.1,49.85,47.95,48.65,3.638,-0.312,1.143,3.638,0.312,0.312,24,11,2022,0.01,6.4,-0.02,11.920000000000018,1.1221897864901302
2022-11-25,RTNINDIA,48.5,49.7,48.4,48.8,2.474,-0.206,0.619,2.474,0.206,0.206,25,11,2022,0.01,6.4,-0.02,11.900000000000018,1.1219653485328323
2022-11-28,RTNINDIA,49.2,50.45,48.85,49.65,2.541,-0.711,0.915,2.541,0.711,0.711,28,11,2022,0.01,6.4,-0.02,11.880000000000019,1.1217409554631257
2022-11-29,RTNINDIA,49.8,50.3,48.7,48.85,1.004,-2.209,-1.908,2.209,1.004,1.004,29,11,2022,0.01,6.4,-0.02,11.860000000000019,1.121516607272033
2022-11-30,RTNINDIA,49.0,49.9,48.75,49.7,1.837,-0.51,1.429,1.837,0.51,0.51,30,11,2022,0.01,6.4,-0.02,11.84000000000002,1.1212923039505787
2022-12-01,RTNINDIA,49.95,50.1,49.0,49.15,0.3,-1.902,-1.602,1.902,0.3,0.3,1,12,2022,0.01,6.4,-0.02,11.82000000000002,1.1210680454897886
2022-12-02,RTNINDIA,49.0,50.8,48.8,49.55,3.673,-0.408,1.122,3.673,0.408,0.408,2,12,2022,0.01,6.4,-0.02,11.80000000000002,1.1208438318806906
2022-12-05,RTNINDIA,50.0,50.6,49.8,49.95,1.2,-0.4,-0.1,1.2,0.4,0.4,5,12,2022,0.01,6.4,-0.02,11.78000000000002,1.1206196631143144
2022-12-06,RTNINDIA,49.95,50.8,49.6,49.65,1.702,-0.701,-0.601,1.702,0.701,0.701,6,12,2022,0.01,6.4,-0.02,11.760000000000021,1.1203955391816915
2022-12-07,RTNINDIA,49.9,49.9,48.75,48.9,0.0,-2.305,-2.004,2.305,0.0,0.0,7,12,2022,0.01,6.4,1.994,13.75400000000002,1.1427362262329746
2022-12-08,RTNINDIA,49.15,49.4,48.7,48.95,0.509,-0.916,-0.407,0.916,0.509,0.509,8,12,2022,0.01,6.4,-0.02,13.734000000000021,1.142507678987728
2022-12-09,RTNINDIA,49.15,49.4,47.1,47.5,0.509,-4.171,-3.357,4.171,0.509,0.509,9,12,2022,0.01,6.4,-0.02,13.714000000000022,1.1422791774519305
2022-12-12,RTNINDIA,47.65,48.1,46.75,46.9,0.944,-1.889,-1.574,1.889,0.944,0.944,12,12,2022,0.01,6.4,-0.02,13.694000000000022,1.1420507216164402
2022-12-13,RTNINDIA,47.2,48.1,47.1,47.45,1.907,-0.212,0.53,1.907,0.212,0.212,13,12,2022,0.01,6.4,-0.02,13.674000000000023,1.1418223114721169
2022-12-14,RTNINDIA,47.8,49.45,47.5,48.7,3.452,-0.628,1.883,3.452,0.628,0.628,14,12,2022,0.01,6.4,-0.02,13.654000000000023,1.1415939470098224
2022-12-15,RTNINDIA,48.6,49.0,47.5,47.65,0.823,-2.263,-1.955,2.263,0.823,0.823,15,12,2022,0.01,6.4,-0.02,13.634000000000023,1.1413656282204205
2022-12-16,RTNINDIA,47.5,47.9,46.6,47.25,0.842,-1.895,-0.526,1.895,0.842,0.842,16,12,2022,0.01,6.4,-0.02,13.614000000000024,1.1411373550947765
2022-12-19,RTNINDIA,47.4,48.3,46.9,47.3,1.899,-1.055,-0.211,1.899,1.055,1.055,19,12,2022,0.01,6.4,-0.02,13.594000000000024,1.1409091276237575
2022-12-20,RTNINDIA,47.3,47.4,45.8,46.05,0.211,-3.171,-2.643,3.171,0.211,0.211,20,12,2022,0.01,6.4,-0.02,13.574000000000025,1.1406809457982328
2022-12-21,RTNINDIA,46.4,47.1,43.35,43.9,1.509,-6.573,-5.388,6.573,1.509,1.509,21,12,2022,0.01,6.4,-0.02,13.554000000000025,1.1404528096090731
2022-12-22,RTNINDIA,44.15,44.7,40.65,41.4,1.246,-7.928,-6.229,7.928,1.246,1.246,22,12,2022,0.01,6.4,-0.02,13.534000000000026,1.1402247190471513
2022-12-23,RTNINDIA,41.0,41.15,39.0,39.45,0.366,-4.878,-3.78,4.878,0.366,0.366,23,12,2022,0.01,6.4,-0.02,13.514000000000026,1.1399966741033418
2022-12-26,RTNINDIA,40.0,43.0,39.8,41.75,7.5,-0.5,4.375,7.5,0.5,0.5,26,12,2022,0.01,6.4,-0.02,13.494000000000026,1.1397686747685212
2022-12-27,RTNINDIA,42.15,43.2,40.5,41.1,2.491,-3.915,-2.491,3.915,2.491,2.491,27,12,2022,0.01,6.4,-0.02,13.474000000000027,1.1395407210335675
2022-12-28,RTNINDIA,41.1,43.2,40.5,41.85,5.109,-1.46,1.825,5.109,1.46,1.46,28,12,2022,0.01,6.4,-0.02,13.454000000000027,1.1393128128893608
2022-12-29,RTNINDIA,41.6,42.4,41.25,41.95,1.923,-0.841,0.841,1.923,0.841,0.841,29,12,2022,0.01,6.4,-0.02,13.434000000000028,1.139084950326783
2022-12-30,RTNINDIA,42.25,43.0,42.05,42.3,1.775,-0.473,0.118,1.775,0.473,0.473,30,12,2022,0.01,6.4,-0.02,13.414000000000028,1.1388571333367177
2023-01-02,RTNINDIA,42.5,43.25,42.3,42.65,1.765,-0.471,0.353,1.765,0.471,0.471,2,1,2023,0.01,6.4,-0.02,13.394000000000029,1.1386293619100503
2023-01-03,RTNINDIA,42.85,43.95,42.75,43.15,2.567,-0.233,0.7,2.567,0.233,0.233,3,1,2023,0.01,6.4,-0.02,13.374000000000029,1.1384016360376683
2023-01-04,RTNINDIA,43.2,43.4,42.25,42.45,0.463,-2.199,-1.736,2.199,0.463,0.463,4,1,2023,0.01,6.4,-0.02,13.35400000000003,1.1381739557104609
2023-01-05,RTNINDIA,42.75,43.05,42.1,42.55,0.702,-1.52,-0.468,1.52,0.702,0.702,5,1,2023,0.01,6.4,-0.02,13.33400000000003,1.1379463209193188
2023-01-06,RTNINDIA,42.8,43.35,42.2,42.85,1.285,-1.402,0.117,1.402,1.285,1.285,6,1,2023,0.01,6.4,-0.02,13.31400000000003,1.137718731655135
2023-01-09,RTNINDIA,43.0,43.35,42.1,42.7,0.814,-2.093,-0.698,2.093,0.814,0.814,9,1,2023,0.01,6.4,-0.02,13.29400000000003,1.1374911879088039
2023-01-10,RTNINDIA,42.6,42.6,41.4,41.95,0.0,-2.817,-1.526,2.817,0.0,0.0,10,1,2023,0.01,6.4,1.516,14.81000000000003,1.1547355543175015
2023-01-11,RTNINDIA,42.2,42.3,41.1,41.7,0.237,-2.607,-1.185,2.607,0.237,0.237,11,1,2023,0.01,6.4,-0.02,14.790000000000031,1.154504607206638
2023-01-12,RTNINDIA,41.85,42.0,41.2,41.7,0.358,-1.553,-0.358,1.553,0.358,0.358,12,1,2023,0.01,6.4,-0.02,14.770000000000032,1.1542737062851967
2023-01-13,RTNINDIA,41.95,42.85,41.5,42.55,2.145,-1.073,1.43,2.145,1.073,1.073,13,1,2023,0.01,6.4,-0.02,14.750000000000032,1.1540428515439396
2023-01-16,RTNINDIA,44.5,50.45,44.5,48.9,13.371,0.0,9.888,13.371,0.0,0.0,16,1,2023,0.01,6.4,6.390000000000001,21.140000000000033,1.2277861897575975
2023-01-17,RTNINDIA,49.0,49.6,46.6,47.5,1.224,-4.898,-3.061,4.898,1.224,1.224,17,1,2023,0.01,6.4,-0.02,21.120000000000033,1.227540632519646
2023-01-18,RTNINDIA,47.3,47.75,46.0,46.3,0.951,-2.748,-2.114,2.748,0.951,0.951,18,1,2023,0.01,6.4,-0.02,21.100000000000033,1.2272951243931423
2023-01-19,RTNINDIA,45.95,48.75,45.6,47.9,6.094,-0.762,4.244,6.094,0.762,0.762,19,1,2023,0.01,6.4,-0.02,21.080000000000034,1.2270496653682637
2023-01-20,RTNINDIA,47.8,48.1,46.5,46.85,0.628,-2.72,-1.987,2.72,0.628,0.628,20,1,2023,0.01,6.4,-0.02,21.060000000000034,1.2268042554351901
2023-01-23,RTNINDIA,47.1,47.2,45.15,45.85,0.212,-4.14,-2.654,4.14,0.212,0.212,23,1,2023,0.01,6.4,-0.02,21.040000000000035,1.226558894584103
2023-01-24,RTNINDIA,45.9,46.8,44.45,44.75,1.961,-3.159,-2.505,3.159,1.961,1.961,24,1,2023,0.01,6.4,-0.02,21.020000000000035,1.2263135828051863
2023-01-25,RTNINDIA,44.7,44.7,43.35,43.6,0.0,-3.02,-2.461,3.02,0.0,0.0,25,1,2023,0.01,6.4,2.451,23.471000000000036,1.2563705287197415
2023-01-27,RTNINDIA,43.7,44.25,41.7,42.3,1.259,-4.577,-3.204,4.577,1.259,1.259,27,1,2023,0.01,6.4,-0.02,23.451000000000036,1.2561192546139976
2023-01-30,RTNINDIA,42.3,43.8,42.05,43.0,3.546,-0.591,1.655,3.546,0.591,0.591,30,1,2023,0.01,6.4,-0.02,23.431000000000036,1.255868030763075
2023-01-31,RTNINDIA,43.9,44.5,43.0,43.9,1.367,-2.05,0.0,2.05,1.367,1.367,31,1,2023,0.01,6.4,-0.02,23.411000000000037,1.2556168571569224
2023-02-01,RTNINDIA,44.25,45.75,42.2,42.95,3.39,-4.633,-2.938,4.633,3.39,3.39,1,2,2023,0.01,6.4,-0.02,23.391000000000037,1.255365733785491
2023-02-02,RTNINDIA,42.9,44.9,42.5,43.05,4.662,-0.932,0.35,4.662,0.932,0.932,2,2,2023,0.01,6.4,-0.02,23.371000000000038,1.255114660638734
2023-02-03,RTNINDIA,43.4,43.65,41.95,42.7,0.576,-3.341,-1.613,3.341,0.576,0.576,3,2,2023,0.01,6.4,-0.02,23.351000000000038,1.2548636377066062
2023-02-06,RTNINDIA,42.65,43.35,42.5,42.6,1.641,-0.352,-0.117,1.641,0.352,0.352,6,2,2023,0.01,6.4,-0.02,23.33100000000004,1.254612664979065
2023-02-07,RTNINDIA,42.2,43.15,41.8,42.35,2.251,-0.948,0.355,2.251,0.948,0.948,7,2,2023,0.01,6.4,-0.02,23.31100000000004,1.2543617424460691
2023-02-08,RTNINDIA,42.6,43.25,42.1,42.5,1.526,-1.174,-0.235,1.526,1.174,1.174,8,2,2023,0.01,6.4,-0.02,23.29100000000004,1.25411087009758
2023-02-09,RTNINDIA,42.5,43.6,42.25,42.75,2.588,-0.588,0.588,2.588,0.588,0.588,9,2,2023,0.01,6.4,-0.02,23.27100000000004,1.2538600479235606
2023-02-10,RTNINDIA,42.85,44.0,42.5,42.95,2.684,-0.817,0.233,2.684,0.817,0.817,10,2,2023,0.01,6.4,-0.02,23.25100000000004,1.2536092759139759
2023-02-13,RTNINDIA,42.0,42.35,40.25,40.6,0.833,-4.167,-3.333,4.167,0.833,0.833,13,2,2023,0.01,6.4,-0.02,23.23100000000004,1.253358554058793
2023-02-14,RTNINDIA,40.9,41.65,36.6,38.0,1.834,-10.513,-7.09,10.513,1.834,1.834,14,2,2023,0.01,6.4,-0.02,23.21100000000004,1.2531078823479813
2023-02-15,RTNINDIA,40.0,41.95,39.0,39.7,4.875,-2.5,-0.75,4.875,2.5,2.5,15,2,2023,0.01,6.4,-0.02,23.19100000000004,1.2528572607715118
2023-02-16,RTNINDIA,39.95,40.55,39.6,40.1,1.502,-0.876,0.375,1.502,0.876,0.876,16,2,2023,0.01,6.4,-0.02,23.171000000000042,1.2526066893193575
2023-02-17,RTNINDIA,40.0,40.9,39.35,39.85,2.25,-1.625,-0.375,2.25,1.625,1.625,17,2,2023,0.01,6.4,-0.02,23.151000000000042,1.2523561679814936
2023-02-20,RTNINDIA,40.95,40.95,39.85,40.1,0.0,-2.686,-2.076,2.686,0.0,0.0,20,2,2023,0.01,6.4,2.0660000000000003,25.21700000000004,1.2782298464119912
2023-02-21,RTNINDIA,40.35,40.8,39.8,40.05,1.115,-1.363,-0.743,1.363,1.115,1.115,21,2,2023,0.01,6.4,-0.02,25.197000000000042,1.2779742004427088
2023-02-22,RTNINDIA,39.9,40.1,39.15,39.35,0.501,-1.88,-1.378,1.88,0.501,0.501,22,2,2023,0.01,6.4,-0.02,25.177000000000042,1.2777186056026204
2023-02-23,RTNINDIA,39.55,39.9,38.55,39.6,0.885,-2.528,0.126,2.528,0.885,0.885,23,2,2023,0.01,6.4,-0.02,25.157000000000043,1.2774630618815
2023-02-24,RTNINDIA,39.8,40.8,39.45,39.85,2.513,-0.879,0.126,2.513,0.879,0.879,24,2,2023,0.01,6.4,-0.02,25.137000000000043,1.2772075692691236
2023-02-27,RTNINDIA,39.85,39.85,38.5,38.65,0.0,-3.388,-3.011,3.388,0.0,0.0,27,2,2023,0.01,6.4,3.0010000000000003,28.138000000000044,1.3155365684228901
2023-02-28,RTNINDIA,39.85,39.85,38.0,38.35,0.0,-4.642,-3.764,4.642,0.0,0.0,28,2,2023,0.01,6.4,3.754,31.892000000000046,1.3649218112014854
2023-03-01,RTNINDIA,38.5,39.45,38.45,38.7,2.468,-0.13,0.519,2.468,0.13,0.13,1,3,2023,0.01,6.4,-0.02,31.872000000000046,1.3646488268392452
2023-03-02,RTNINDIA,38.8,39.1,38.3,38.65,0.773,-1.289,-0.387,1.289,0.773,0.773,2,3,2023,0.01,6.4,-0.02,31.852000000000046,1.3643758970738773
2023-03-03,RTNINDIA,38.85,39.0,38.3,38.45,0.386,-1.416,-1.03,1.416,0.386,0.386,3,3,2023,0.01,6.4,-0.02,31.832000000000047,1.3641030218944625
2023-03-06,RTNINDIA,38.65,39.8,38.4,38.75,2.975,-0.647,0.259,2.975,0.647,0.647,6,3,2023,0.01,6.4,-0.02,31.812000000000047,1.3638302012900836
2023-03-08,RTNINDIA,38.7,39.05,38.3,38.75,0.904,-1.034,0.129,1.034,0.904,0.904,8,3,2023,0.01,6.4,-0.02,31.792000000000048,1.3635574352498256
2023-03-09,RTNINDIA,38.95,40.2,38.85,39.05,3.209,-0.257,0.257,3.209,0.257,0.257,9,3,2023,0.01,6.4,-0.02,31.772000000000048,1.3632847237627757
2023-03-10,RTNINDIA,38.75,39.2,38.2,38.5,1.161,-1.419,-0.645,1.419,1.161,1.161,10,3,2023,0.01,6.4,-0.02,31.75200000000005,1.3630120668180232
2023-03-13,RTNINDIA,38.5,38.6,37.0,37.05,0.26,-3.896,-3.766,3.896,0.26,0.26,13,3,2023,0.01,6.4,-0.02,31.73200000000005,1.3627394644046598
2023-03-14,RTNINDIA,37.25,37.7,36.65,36.85,1.208,-1.611,-1.074,1.611,1.208,1.208,14,3,2023,0.01,6.4,-0.02,31.71200000000005,1.3624669165117789
2023-03-15,RTNINDIA,37.15,38.0,36.75,36.95,2.288,-1.077,-0.538,2.288,1.077,1.077,15,3,2023,0.01,6.4,-0.02,31.69200000000005,1.3621944231284766
2023-03-16,RTNINDIA,37.05,37.05,35.65,36.25,0.0,-3.779,-2.159,3.779,0.0,0.0,16,3,2023,0.01,6.4,2.149,33.84100000000005,1.3914679812815076
2023-03-17,RTNINDIA,36.45,37.0,36.0,36.4,1.509,-1.235,-0.137,1.509,1.235,1.235,17,3,2023,0.01,6.4,-0.02,33.82100000000005,1.3911896876852514
2023-03-20,RTNINDIA,36.3,36.45,35.9,36.1,0.413,-1.102,-0.551,1.102,0.413,0.413,20,3,2023,0.01,6.4,-0.02,33.801000000000045,1.3909114497477144
2023-03-21,RTNINDIA,36.5,37.1,35.8,36.05,1.644,-1.918,-1.233,1.918,1.644,1.644,21,3,2023,0.01,6.4,-0.02,33.78100000000004,1.3906332674577648
2023-03-22,RTNINDIA,36.2,36.95,36.0,36.1,2.072,-0.552,-0.276,2.072,0.552,0.552,22,3,2023,0.01,6.4,-0.02,33.76100000000004,1.3903551408042734
2023-03-23,RTNINDIA,36.0,36.4,36.0,36.05,1.111,0.0,0.139,1.111,0.0,0.0,23,3,2023,0.01,6.4,0.129,33.890000000000036,1.3921486989359109
2023-03-24,RTNINDIA,36.15,36.35,35.5,35.75,0.553,-1.798,-1.107,1.798,0.553,0.553,24,3,2023,0.01,6.4,-0.02,33.87000000000003,1.3918702691961238
2023-03-27,RTNINDIA,35.85,35.85,33.7,33.85,0.0,-5.997,-5.579,5.997,0.0,0.0,27,3,2023,0.01,6.4,5.569,39.439000000000036,1.4693835244876559
2023-03-28,RTNINDIA,33.85,34.1,32.15,32.9,0.739,-5.022,-2.806,5.022,0.739,0.739,28,3,2023,0.01,6.4,-0.02,39.41900000000003,1.4690896477827584
2023-03-29,RTNINDIA,32.9,35.25,32.8,33.6,7.143,-0.304,2.128,7.143,0.304,0.304,29,3,2023,0.01,6.4,-0.02,39.39900000000003,1.4687958298532018
2023-03-31,RTNINDIA,34.2,35.65,34.05,35.15,4.24,-0.439,2.778,4.24,0.439,0.439,31,3,2023,0.01,6.4,-0.02,39.379000000000026,1.4685020706872312
2023-04-03,RTNINDIA,35.55,37.5,35.45,37.25,5.485,-0.281,4.782,5.485,0.281,0.281,3,4,2023,0.01,6.4,-0.02,39.35900000000002,1.4682083702730937
2023-04-05,RTNINDIA,37.8,40.25,37.5,39.5,6.481,-0.794,4.497,6.481,0.794,0.794,5,4,2023,0.01,6.4,-0.02,39.33900000000002,1.467914728599039
2023-04-06,RTNINDIA,39.9,40.3,38.7,38.95,1.003,-3.008,-2.381,3.008,1.003,1.003,6,4,2023,0.01,6.4,-0.02,39.31900000000002,1.4676211456533192
2023-04-10,RTNINDIA,38.95,40.8,37.75,38.8,4.75,-3.081,-0.385,4.75,3.081,3.081,10,4,2023,0.01,6.4,-0.02,39.299000000000014,1.4673276214241886
2023-04-11,RTNINDIA,38.85,40.0,38.85,39.3,2.96,0.0,1.158,2.96,0.0,0.0,11,4,2023,0.01,6.4,1.148,40.44700000000002,1.4841725425181382
2023-04-12,RTNINDIA,39.5,39.7,38.9,39.25,0.506,-1.519,-0.633,1.519,0.506,0.506,12,4,2023,0.01,6.4,-0.02,40.427000000000014,1.4838757080096348
2023-04-13,RTNINDIA,39.2,39.2,38.3,38.45,0.0,-2.296,-1.913,2.296,0.0,0.0,13,4,2023,0.01,6.4,1.903,42.33000000000001,1.5121138627330581
2023-04-17,RTNINDIA,38.5,39.15,38.35,38.7,1.688,-0.39,0.519,1.688,0.39,0.39,17,4,2023,0.01,6.4,-0.02,42.31000000000001,1.5118114399605116
2023-04-18,RTNINDIA,38.85,38.85,38.5,38.6,0.0,-0.901,-0.644,0.901,0.0,0.0,18,4,2023,0.01,6.4,0.634,42.94400000000001,1.5213963244898612
2023-04-19,RTNINDIA,39.5,41.5,39.5,40.0,5.063,0.0,1.266,5.063,0.0,0.0,19,4,2023,0.01,6.4,1.256,44.20000000000001,1.5405050623254537
2023-04-20,RTNINDIA,40.3,40.75,39.9,40.15,1.117,-0.993,-0.372,1.117,0.993,0.993,20,4,2023,0.01,6.4,-0.02,44.18000000000001,1.5401969613129887
2023-04-21,RTNINDIA,40.3,40.3,39.2,39.35,0.0,-2.73,-2.357,2.73,0.0,0.0,21,4,2023,0.01,6.4,2.3470000000000004,46.52700000000001,1.5763453839950046
2023-04-24,RTNINDIA,39.55,41.05,39.55,39.85,3.793,0.0,0.759,3.793,0.0,0.0,24,4,2023,0.01,6.4,0.749,47.27600000000001,1.5881522109211272
2023-04-25,RTNINDIA,40.0,40.15,39.5,39.55,0.375,-1.25,-1.125,1.25,0.375,0.375,25,4,2023,0.01,6.4,-0.02,47.25600000000001,1.587834580478943
2023-04-26,RTNINDIA,39.5,39.5,38.7,38.9,0.0,-2.025,-1.519,2.025,0.0,0.0,26,4,2023,0.01,6.4,1.509,48.76500000000001,1.6117950042983704
2023-04-27,RTNINDIA,38.9,39.8,38.75,39.25,2.314,-0.386,0.9,2.314,0.386,0.386,27,4,2023,0.01,6.4,-0.02,48.745000000000005,1.6114726452975108
2023-04-28,RTNINDIA,39.6,40.2,39.5,39.8,1.515,-0.253,0.505,1.515,0.253,0.253,28,4,2023,0.01,6.4,-0.02,48.725,1.6111503507684513
2023-05-02,RTNINDIA,39.85,41.55,39.85,40.25,4.266,0.0,1.004,4.266,0.0,0.0,2,5,2023,0.01,6.4,0.994,49.719,1.6271651852550897
2023-05-03,RTNINDIA,40.25,40.3,39.55,39.8,0.124,-1.739,-1.118,1.739,0.124,0.124,3,5,2023,0.01,6.4,-0.02,49.699,1.6268397522180387
2023-05-04,RTNINDIA,39.8,41.0,39.6,40.35,3.015,-0.503,1.382,3.015,0.503,0.503,4,5,2023,0.01,6.4,-0.02,49.678999999999995,1.626514384267595
2023-05-05,RTNINDIA,40.35,40.85,39.5,39.6,1.239,-2.107,-1.859,2.107,1.239,1.239,5,5,2023,0.01,6.4,-0.02,49.65899999999999,1.6261890813907416
2023-05-08,RTNINDIA,39.85,40.35,39.75,40.05,1.255,-0.251,0.502,1.255,0.251,0.251,8,5,2023,0.01,6.4,-0.02,49.63899999999999,1.6258638435744635
2023-05-09,RTNINDIA,40.2,40.6,39.5,39.9,0.995,-1.741,-0.746,1.741,0.995,0.995,9,5,2023,0.01,6.4,-0.02,49.618999999999986,1.6255386708057487
2023-05-10,RTNINDIA,40.6,40.8,39.3,39.6,0.493,-3.202,-2.463,3.202,0.493,0.493,10,5,2023,0.01,6.4,-0.02,49.59899999999998,1.6252135630715876
2023-05-11,RTNINDIA,39.8,39.95,38.85,39.05,0.377,-2.387,-1.884,2.387,0.377,0.377,11,5,2023,0.01,6.4,-0.02,49.57899999999998,1.6248885203589734
2023-05-12,RTNINDIA,39.1,39.35,38.35,38.55,0.639,-1.918,-1.407,1.918,0.639,0.639,12,5,2023,0.01,6.4,-0.02,49.558999999999976,1.6245635426549017
2023-05-15,RTNINDIA,38.75,39.6,38.3,39.2,2.194,-1.161,1.161,2.194,1.161,1.161,15,5,2023,0.01,6.4,-0.02,49.53899999999997,1.6242386299463707
2023-05-16,RTNINDIA,39.4,40.4,39.3,39.45,2.538,-0.254,0.127,2.538,0.254,0.254,16,5,2023,0.01,6.4,-0.02,49.51899999999997,1.6239137822203815
2023-05-17,RTNINDIA,39.5,39.7,38.45,38.8,0.506,-2.658,-1.772,2.658,0.506,0.506,17,5,2023,0.01,6.4,-0.02,49.49899999999997,1.6235889994639374
2023-05-18,RTNINDIA,39.1,39.25,38.4,38.55,0.384,-1.79,-1.407,1.79,0.384,0.384,18,5,2023,0.01,6.4,-0.02,49.478999999999964,1.6232642816640446
2023-05-19,RTNINDIA,38.6,38.9,37.9,38.0,0.777,-1.813,-1.554,1.813,0.777,0.777,19,5,2023,0.01,6.4,-0.02,49.45899999999996,1.6229396288077118
2023-05-22,RTNINDIA,38.3,38.4,37.15,37.65,0.261,-3.003,-1.697,3.003,0.261,0.261,22,5,2023,0.01,6.4,-0.02,49.43899999999996,1.6226150408819504
2023-05-23,RTNINDIA,37.8,40.0,37.15,38.75,5.82,-1.72,2.513,5.82,1.72,1.72,23,5,2023,0.01,6.4,-0.02,49.418999999999954,1.622290517873774
2023-05-24,RTNINDIA,38.85,39.7,38.3,38.45,2.188,-1.416,-1.03,2.188,1.416,1.416,24,5,2023,0.01,6.4,-0.02,49.39899999999995,1.6219660597701995
2023-05-25,RTNINDIA,38.5,38.8,38.15,38.2,0.779,-0.909,-0.779,0.909,0.779,0.779,25,5,2023,0.01,6.4,-0.02,49.37899999999995,1.6216416665582454
2023-05-26,RTNINDIA,38.35,38.65,38.25,38.5,0.782,-0.261,0.391,0.782,0.261,0.261,26,5,2023,0.01,6.4,-0.02,49.358999999999945,1.6213173382249337
2023-05-29,RTNINDIA,38.9,39.3,38.7,38.95,1.028,-0.514,0.129,1.028,0.514,0.514,29,5,2023,0.01,6.4,-0.02,49.33899999999994,1.6209930747572887
2023-05-30,RTNINDIA,37.5,38.15,37.15,37.5,1.733,-0.933,0.0,1.733,0.933,0.933,30,5,2023,0.01,6.4,-0.02,49.31899999999994,1.6206688761423373
2023-05-31,RTNINDIA,37.65,38.2,37.55,37.85,1.461,-0.266,0.531,1.461,0.266,0.266,31,5,2023,0.01,6.4,-0.02,49.298999999999936,1.620344742367109
2023-06-01,RTNINDIA,38.0,38.85,37.7,37.85,2.237,-0.789,-0.395,2.237,0.789,0.789,1,6,2023,0.01,6.4,-0.02,49.27899999999993,1.6200206734186355
2023-06-02,RTNINDIA,38.15,38.4,37.75,37.95,0.655,-1.048,-0.524,1.048,0.655,0.655,2,6,2023,0.01,6.4,-0.02,49.25899999999993,1.6196966692839518
2023-06-05,RTNINDIA,38.7,38.9,38.0,38.15,0.517,-1.809,-1.421,1.809,0.517,0.517,5,6,2023,0.01,6.4,-0.02,49.238999999999926,1.619372729950095
2023-06-06,RTNINDIA,38.25,38.4,37.75,38.0,0.392,-1.307,-0.654,1.307,0.392,0.392,6,6,2023,0.01,6.4,-0.02,49.21899999999992,1.6190488554041051
2023-06-07,RTNINDIA,38.1,41.7,37.9,40.65,9.449,-0.525,6.693,9.449,0.525,0.525,7,6,2023,0.01,6.4,-0.02,49.19899999999992,1.6187250456330244
2023-06-08,RTNINDIA,40.75,41.05,38.85,39.35,0.736,-4.663,-3.436,4.663,0.736,0.736,8,6,2023,0.01,6.4,-0.02,49.17899999999992,1.618401300623898
2023-06-09,RTNINDIA,39.45,39.7,38.8,38.9,0.634,-1.648,-1.394,1.648,0.634,0.634,9,6,2023,0.01,6.4,-0.02,49.158999999999914,1.6180776203637732
2023-06-12,RTNINDIA,38.95,39.7,38.5,38.65,1.926,-1.155,-0.77,1.926,1.155,1.155,12,6,2023,0.01,6.4,-0.02,49.13899999999991,1.6177540048397006
2023-06-13,RTNINDIA,38.8,39.45,38.5,38.9,1.675,-0.773,0.258,1.675,0.773,0.773,13,6,2023,0.01,6.4,-0.02,49.11899999999991,1.6174304540387328
2023-06-14,RTNINDIA,39.1,39.2,38.6,38.7,0.256,-1.279,-1.023,1.279,0.256,0.256,14,6,2023,0.01,6.4,-0.02,49.098999999999904,1.617106967947925
2023-06-15,RTNINDIA,38.7,39.15,38.05,38.15,1.163,-1.68,-1.421,1.68,1.163,1.163,15,6,2023,0.01,6.4,-0.02,49.0789999999999,1.6167835465543354
2023-06-16,RTNINDIA,38.25,38.7,38.05,38.1,1.176,-0.523,-0.392,1.176,0.523,0.523,16,6,2023,0.01,6.4,-0.02,49.0589999999999,1.6164601898450246
2023-06-19,RTNINDIA,38.25,38.6,38.0,38.3,0.915,-0.654,0.131,0.915,0.654,0.654,19,6,2023,0.01,6.4,-0.02,49.038999999999895,1.6161368978070556
2023-06-20,RTNINDIA,38.45,38.55,37.95,38.15,0.26,-1.3,-0.78,1.3,0.26,0.26,20,6,2023,0.01,6.4,-0.02,49.01899999999989,1.6158136704274941
2023-06-21,RTNINDIA,38.2,38.85,38.0,38.15,1.702,-0.524,-0.131,1.702,0.524,0.524,21,6,2023,0.01,6.4,-0.02,48.99899999999989,1.6154905076934087
2023-06-22,RTNINDIA,38.05,41.0,37.55,39.45,7.753,-1.314,3.679,7.753,1.314,1.314,22,6,2023,0.01,6.4,-0.02,48.978999999999886,1.61516740959187
2023-06-23,RTNINDIA,40.05,41.65,38.65,40.6,3.995,-3.496,1.373,3.995,3.496,3.496,23,6,2023,0.01,6.4,-0.02,48.95899999999988,1.6148443761099516
2023-06-26,RTNINDIA,40.8,44.4,40.7,43.35,8.824,-0.245,6.25,8.824,0.245,0.245,26,6,2023,0.01,6.4,-0.02,48.93899999999988,1.6145214072347296
2023-06-27,RTNINDIA,44.7,44.7,41.25,41.7,0.0,-7.718,-6.711,7.718,0.0,0.0,27,6,2023,0.01,6.4,6.390000000000001,55.32899999999988,1.7176893251570289
2023-06-28,RTNINDIA,41.95,43.2,41.55,41.9,2.98,-0.954,-0.119,2.98,0.954,0.954,28,6,2023,0.01,6.4,-0.02,55.30899999999988,1.7173457872919975
2023-06-30,RTNINDIA,42.2,42.45,41.5,41.7,0.592,-1.659,-1.185,1.659,0.592,0.592,30,6,2023,0.01,6.4,-0.02,55.288999999999874,1.717002318134539
2023-07-03,RTNINDIA,42.1,42.8,41.55,41.8,1.663,-1.306,-0.713,1.663,1.306,1.306,3,7,2023,0.01,6.4,-0.02,55.26899999999987,1.7166589176709122
2023-07-04,RTNINDIA,42.0,42.1,40.85,40.95,0.238,-2.738,-2.5,2.738,0.238,0.238,4,7,2023,0.01,6.4,-0.02,55.24899999999987,1.716315585887378
2023-07-05,RTNINDIA,40.85,41.15,40.2,40.55,0.734,-1.591,-0.734,1.591,0.734,0.734,5,7,2023,0.01,6.4,-0.02,55.228999999999864,1.7159723227702006
2023-07-06,RTNINDIA,40.55,41.15,40.45,40.6,1.48,-0.247,0.123,1.48,0.247,0.247,6,7,2023,0.01,6.4,-0.02,55.20899999999986,1.7156291283056466
2023-07-07,RTNINDIA,40.6,40.7,39.7,39.95,0.246,-2.217,-1.601,2.217,0.246,0.246,7,7,2023,0.01,6.4,-0.02,55.18899999999986,1.7152860024799856
2023-07-10,RTNINDIA,40.05,40.1,39.35,39.5,0.125,-1.748,-1.373,1.748,0.125,0.125,10,7,2023,0.01,6.4,-0.02,55.168999999999855,1.7149429452794898
2023-07-11,RTNINDIA,39.25,40.6,39.25,39.9,3.439,0.0,1.656,3.439,0.0,0.0,11,7,2023,0.01,6.4,1.646,56.814999999999856,1.7431709061587901
2023-07-12,RTNINDIA,40.0,40.3,39.5,39.7,0.75,-1.25,-0.75,1.25,0.75,0.75,12,7,2023,0.01,6.4,-0.02,56.79499999999985,1.7428222719775583
2023-07-13,RTNINDIA,39.75,43.15,39.75,41.3,8.553,0.0,3.899,8.553,0.0,0.0,13,7,2023,0.01,6.4,6.390000000000001,63.18499999999985,1.8541886151569245
2023-07-14,RTNINDIA,41.5,42.85,41.05,42.2,3.253,-1.084,1.687,3.253,1.084,1.084,14,7,2023,0.01,6.4,-0.02,63.16499999999985,1.853817777433893
2023-07-17,RTNINDIA,42.3,42.5,41.25,41.35,0.473,-2.482,-2.246,2.482,0.473,0.473,17,7,2023,0.01,6.4,-0.02,63.14499999999985,1.8534470138784063
2023-07-18,RTNINDIA,41.5,41.7,40.0,40.4,0.482,-3.614,-2.651,3.614,0.482,0.482,18,7,2023,0.01,6.4,-0.02,63.124999999999844,1.8530763244756305
2023-07-19,RTNINDIA,40.4,41.6,40.4,40.7,2.97,0.0,0.743,2.97,0.0,0.0,19,7,2023,0.01,6.4,0.733,63.85799999999984,1.866659373934037
2023-07-20,RTNINDIA,40.6,41.75,40.5,40.8,2.833,-0.246,0.493,2.833,0.246,0.246,20,7,2023,0.01,6.4,-0.02,63.83799999999984,1.8662860420592502
2023-07-21,RTNINDIA,40.6,41.1,39.8,39.9,1.232,-1.97,-1.724,1.97,1.232,1.232,21,7,2023,0.01,6.4,-0.02,63.817999999999834,1.8659127848508383
2023-07-24,RTNINDIA,40.0,40.7,39.15,39.3,1.75,-2.125,-1.75,2.125,1.75,1.75,24,7,2023,0.01,6.4,-0.02,63.79799999999983,1.8655396022938682
2023-07-25,RTNINDIA,39.5,40.3,39.4,40.05,2.025,-0.253,1.392,2.025,0.253,0.253,25,7,2023,0.01,6.4,-0.02,63.77799999999983,1.8651664943734094
2023-07-26,RTNINDIA,40.2,41.0,39.85,40.15,1.99,-0.871,-0.124,1.99,0.871,0.871,26,7,2023,0.01,6.4,-0.02,63.757999999999825,1.8647934610745347
2023-07-27,RTNINDIA,40.3,42.75,40.05,41.3,6.079,-0.62,2.481,6.079,0.62,0.62,27,7,2023,0.01,6.4,-0.02,63.73799999999982,1.86442050238232
2023-07-28,RTNINDIA,41.1,42.2,41.0,41.35,2.676,-0.243,0.608,2.676,0.243,0.243,28,7,2023,0.01,6.4,-0.02,63.71799999999982,1.8640476182818435
2023-07-31,RTNINDIA,41.5,41.5,40.4,40.55,0.0,-2.651,-2.289,2.651,0.0,0.0,31,7,2023,0.01,6.4,2.2790000000000004,65.99699999999982,1.9065292635024869
2023-08-01,RTNINDIA,40.7,42.35,40.5,40.75,4.054,-0.491,0.123,4.054,0.491,0.491,1,8,2023,0.01,6.4,-0.02,65.97699999999982,1.9061479576497864
2023-08-02,RTNINDIA,40.75,43.8,40.65,43.5,7.485,-0.245,6.748,7.485,0.245,0.245,2,8,2023,0.01,6.4,-0.02,65.95699999999982,1.9057667280582564
2023-08-03,RTNINDIA,44.3,44.3,41.9,42.7,0.0,-5.418,-3.612,5.418,0.0,0.0,3,8,2023,0.01,6.4,3.6020000000000003,69.55899999999983,1.9744124456029146
2023-08-04,RTNINDIA,43.0,48.15,42.75,47.0,11.977,-0.581,9.302,11.977,0.581,0.581,4,8,2023,0.01,6.4,-0.02,69.53899999999983,1.9740175631137942
2023-08-07,RTNINDIA,47.45,48.45,45.7,47.7,2.107,-3.688,0.527,3.688,2.107,2.107,7,8,2023,0.01,6.4,-0.02,69.51899999999983,1.9736227596011715
2023-08-08,RTNINDIA,48.1,48.5,45.1,45.65,0.832,-6.237,-5.094,6.237,0.832,0.832,8,8,2023,0.01,6.4,-0.02,69.49899999999984,1.9732280350492513
2023-08-09,RTNINDIA,45.8,54.75,45.55,54.75,19.541,-0.546,19.541,19.541,0.546,0.546,9,8,2023,0.01,6.4,-0.02,69.47899999999984,1.9728333894422414
2023-08-10,RTNINDIA,54.4,55.7,49.65,50.45,2.39,-8.732,-7.261,8.732,2.39,2.39,10,8,2023,0.01,6.4,-0.02,69.45899999999985,1.972438822764353
2023-08-11,RTNINDIA,50.0,51.55,48.6,48.85,3.1,-2.8,-2.3,3.1,2.8,2.8,11,8,2023,0.01,6.4,-0.02,69.43899999999985,1.9720443349998003
2023-08-14,RTNINDIA,48.8,48.85,46.35,47.85,0.102,-5.02,-1.947,5.02,0.102,0.102,14,8,2023,0.01,6.4,-0.02,69.41899999999985,1.9716499261328004
2023-08-16,RTNINDIA,47.8,52.15,47.3,50.75,9.1,-1.046,6.172,9.1,1.046,1.046,16,8,2023,0.01,6.4,-0.02,69.39899999999986,1.971255596147574
2023-08-17,RTNINDIA,50.95,51.75,48.35,49.5,1.57,-5.103,-2.846,5.103,1.57,1.57,17,8,2023,0.01,6.4,-0.02,69.37899999999986,1.9708613450283445
2023-08-18,RTNINDIA,49.5,52.6,49.15,50.1,6.263,-0.707,1.212,6.263,0.707,0.707,18,8,2023,0.01,6.4,-0.02,69.35899999999987,1.9704671727593388
2023-08-21,RTNINDIA,50.35,50.9,49.3,50.5,1.092,-2.085,0.298,2.085,1.092,1.092,21,8,2023,0.01,6.4,-0.02,69.33899999999987,1.970073079324787
2023-08-22,RTNINDIA,50.5,51.7,50.15,50.8,2.376,-0.693,0.594,2.376,0.693,0.693,22,8,2023,0.01,6.4,-0.02,69.31899999999987,1.969679064708922
2023-08-23,RTNINDIA,51.0,52.5,50.9,51.15,2.941,-0.196,0.294,2.941,0.196,0.196,23,8,2023,0.01,6.4,-0.02,69.29899999999988,1.9692851288959803
2023-08-24,RTNINDIA,51.5,55.1,51.3,53.35,6.99,-0.388,3.592,6.99,0.388,0.388,24,8,2023,0.01,6.4,-0.02,69.27899999999988,1.9688912718702012
2023-08-25,RTNINDIA,53.5,58.35,52.65,55.85,9.065,-1.589,4.393,9.065,1.589,1.589,25,8,2023,0.01,6.4,-0.02,69.25899999999989,1.9684974936158273
2023-08-28,RTNINDIA,56.6,60.7,55.2,57.8,7.244,-2.473,2.12,7.244,2.473,2.473,28,8,2023,0.01,6.4,-0.02,69.23899999999989,1.9681037941171042
2023-08-29,RTNINDIA,58.3,58.8,56.0,57.25,0.858,-3.945,-1.801,3.945,0.858,0.858,29,8,2023,0.01,6.4,-0.02,69.2189999999999,1.967710173358281
2023-08-30,RTNINDIA,57.95,63.1,57.65,62.2,8.887,-0.518,7.334,8.887,0.518,0.518,30,8,2023,0.01,6.4,-0.02,69.1989999999999,1.9673166313236092
2023-08-31,RTNINDIA,62.9,63.8,60.6,61.65,1.431,-3.657,-1.987,3.657,1.431,1.431,31,8,2023,0.01,6.4,-0.02,69.1789999999999,1.9669231679973445
2023-09-01,RTNINDIA,62.2,62.75,60.7,61.15,0.884,-2.412,-1.688,2.412,0.884,0.884,1,9,2023,0.01,6.4,-0.02,69.1589999999999,1.966529783363745
2023-09-04,RTNINDIA,61.85,67.35,60.35,66.4,8.892,-2.425,7.357,8.892,2.425,2.425,4,9,2023,0.01,6.4,-0.02,69.13899999999991,1.9661364774070722
2023-09-05,RTNINDIA,67.5,68.7,64.1,65.45,1.778,-5.037,-3.037,5.037,1.778,1.778,5,9,2023,0.01,6.4,-0.02,69.11899999999991,1.9657432501115908
2023-09-06,RTNINDIA,66.05,66.2,62.25,63.25,0.227,-5.753,-4.239,5.753,0.227,0.227,6,9,2023,0.01,6.4,-0.02,69.09899999999992,1.9653501014615684
2023-09-07,RTNINDIA,63.75,64.9,63.25,64.1,1.804,-0.784,0.549,1.804,0.784,0.784,7,9,2023,0.01,6.4,-0.02,69.07899999999992,1.964957031441276
2023-09-08,RTNINDIA,64.5,65.1,62.45,62.8,0.93,-3.178,-2.636,3.178,0.93,0.93,8,9,2023,0.01,6.4,-0.02,69.05899999999993,1.964564040034988
2023-09-11,RTNINDIA,63.3,64.65,61.4,62.05,2.133,-3.002,-1.975,3.002,2.133,2.133,11,9,2023,0.01,6.4,-0.02,69.03899999999993,1.964171127226981
2023-09-12,RTNINDIA,63.0,64.3,55.2,56.25,2.063,-12.381,-10.714,12.381,2.063,2.063,12,9,2023,0.01,6.4,-0.02,69.01899999999993,1.9637782930015357
2023-09-13,RTNINDIA,56.85,59.85,56.1,58.6,5.277,-1.319,3.078,5.277,1.319,1.319,13,9,2023,0.01,6.4,-0.02,68.99899999999994,1.9633855373429354
2023-09-14,RTNINDIA,59.15,61.0,58.2,60.55,3.128,-1.606,2.367,3.128,1.606,1.606,14,9,2023,0.01,6.4,-0.02,68.97899999999994,1.962992860235467
2023-09-15,RTNINDIA,61.15,61.4,59.15,59.6,0.409,-3.271,-2.535,3.271,0.409,0.409,15,9,2023,0.01,6.4,-0.02,68.95899999999995,1.96260026166342
2023-09-18,RTNINDIA,59.5,60.15,58.3,58.55,1.092,-2.017,-1.597,2.017,1.092,1.092,18,9,2023,0.01,6.4,-0.02,68.93899999999995,1.9622077416110872
2023-09-20,RTNINDIA,58.55,58.7,56.75,57.15,0.256,-3.074,-2.391,3.074,0.256,0.256,20,9,2023,0.01,6.4,-0.02,68.91899999999995,1.9618153000627652
2023-09-21,RTNINDIA,57.05,62.95,57.05,58.75,10.342,0.0,2.98,10.342,0.0,0.0,21,9,2023,0.01,6.4,6.390000000000001,75.30899999999995,2.087175297736776
2023-09-22,RTNINDIA,59.35,59.8,58.0,58.5,0.758,-2.275,-1.432,2.275,0.758,0.758,22,9,2023,0.01,6.4,-0.02,75.28899999999996,2.0867578626772287
2023-09-25,RTNINDIA,58.55,59.65,57.3,58.35,1.879,-2.135,-0.342,2.135,1.879,1.879,25,9,2023,0.01,6.4,-0.02,75.26899999999996,2.0863405111046935
2023-09-26,RTNINDIA,58.15,58.6,57.3,57.5,0.774,-1.462,-1.118,1.462,0.774,0.774,26,9,2023,0.01,6.4,-0.02,75.24899999999997,2.0859232430024726
2023-09-27,RTNINDIA,57.4,58.25,56.9,57.35,1.481,-0.871,-0.087,1.481,0.871,0.871,27,9,2023,0.01,6.4,-0.02,75.22899999999997,2.085506058353872
2023-09-28,RTNINDIA,57.8,59.1,57.0,57.2,2.249,-1.384,-1.038,2.249,1.384,1.384,28,9,2023,0.01,6.4,-0.02,75.20899999999997,2.0850889571422013
2023-09-29,RTNINDIA,57.5,58.4,56.6,56.9,1.565,-1.565,-1.043,1.565,1.565,1.565,29,9,2023,0.01,6.4,-0.02,75.18899999999998,2.084671939350773
2023-10-03,RTNINDIA,57.2,57.2,55.9,56.15,0.0,-2.273,-1.836,2.273,0.0,0.0,3,10,2023,0.01,6.4,1.826,77.01499999999997,2.122738048963318
2023-10-04,RTNINDIA,56.05,57.05,54.95,55.9,1.784,-1.963,-0.268,1.963,1.784,1.784,4,10,2023,0.01,6.4,-0.02,76.99499999999998,2.122313501353525
2023-10-05,RTNINDIA,56.25,59.0,56.25,58.55,4.889,0.0,4.089,4.889,0.0,0.0,5,10,2023,0.01,6.4,4.079000000000001,81.07399999999998,2.2088826690737355
2023-10-06,RTNINDIA,59.0,59.3,57.75,58.35,0.508,-2.119,-1.102,2.119,0.508,0.508,6,10,2023,0.01,6.4,-0.02,81.05399999999999,2.208440892539921
2023-10-09,RTNINDIA,57.0,57.25,54.6,55.0,0.439,-4.211,-3.509,4.211,0.439,0.439,9,10,2023,0.01,6.4,-0.02,81.03399999999999,2.207999204361413
2023-10-10,RTNINDIA,55.45,56.55,55.45,55.75,1.984,0.0,0.541,1.984,0.0,0.0,10,10,2023,0.01,6.4,0.531,81.565,2.219723680136572
2023-10-11,RTNINDIA,56.15,59.25,56.05,57.55,5.521,-0.178,2.493,5.521,0.178,0.178,11,10,2023,0.01,6.4,-0.02,81.545,2.2192797354005447
2023-10-12,RTNINDIA,57.9,58.15,56.5,56.85,0.432,-2.418,-1.813,2.418,0.432,0.432,12,10,2023,0.01,6.4,-0.02,81.525,2.2188358794534646
2023-10-13,RTNINDIA,56.55,57.4,56.0,56.2,1.503,-0.973,-0.619,1.503,0.973,0.973,13,10,2023,0.01,6.4,-0.02,81.50500000000001,2.218392112277574
2023-10-16,RTNINDIA,56.45,57.0,55.4,55.6,0.974,-1.86,-1.506,1.86,0.974,0.974,16,10,2023,0.01,6.4,-0.02,81.48500000000001,2.2179484338551188
2023-10-17,RTNINDIA,55.9,57.4,55.8,56.4,2.683,-0.179,0.894,2.683,0.179,0.179,17,10,2023,0.01,6.4,-0.02,81.46500000000002,2.2175048441683476
2023-10-18,RTNINDIA,56.65,56.95,55.15,55.5,0.53,-2.648,-2.03,2.648,0.53,0.53,18,10,2023,0.01,6.4,-0.02,81.44500000000002,2.217061343199514
2023-10-19,RTNINDIA,55.3,58.75,55.0,58.05,6.239,-0.542,4.973,6.239,0.542,0.542,19,10,2023,0.01,6.4,-0.02,81.42500000000003,2.216617930930874
2023-10-20,RTNINDIA,58.1,58.6,55.4,55.9,0.861,-4.647,-3.787,4.647,0.861,0.861,20,10,2023,0.01,6.4,-0.02,81.40500000000003,2.216174607344688
2023-10-23,RTNINDIA,55.8,56.4,50.0,50.95,1.075,-10.394,-8.692,10.394,1.075,1.075,23,10,2023,0.01,6.4,-0.02,81.38500000000003,2.2157313724232193
2023-10-25,RTNINDIA,53.05,53.3,49.5,50.95,0.471,-6.692,-3.959,6.692,0.471,0.471,25,10,2023,0.01,6.4,-0.02,81.36500000000004,2.2152882261487346
2023-10-26,RTNINDIA,49.5,51.3,48.3,50.85,3.636,-2.424,2.727,3.636,2.424,2.424,26,10,2023,0.01,6.4,-0.02,81.34500000000004,2.214845168503505
2023-10-27,RTNINDIA,51.4,52.8,51.4,52.15,2.724,0.0,1.459,2.724,0.0,0.0,27,10,2023,0.01,6.4,1.449,82.79400000000004,2.2469382749951206
2023-10-30,RTNINDIA,52.25,52.75,50.9,51.8,0.957,-2.584,-0.861,2.584,0.957,0.957,30,10,2023,0.01,6.4,-0.02,82.77400000000004,2.2464888873401216
2023-10-31,RTNINDIA,51.95,52.65,51.5,51.7,1.347,-0.866,-0.481,1.347,0.866,0.866,31,10,2023,0.01,6.4,-0.02,82.75400000000005,2.2460395895626535
2023-11-01,RTNINDIA,54.3,57.4,53.7,54.75,5.709,-1.105,0.829,5.709,1.105,1.105,1,11,2023,0.01,6.4,-0.02,82.73400000000005,2.245590381644741
2023-11-02,RTNINDIA,55.85,57.35,55.35,55.95,2.686,-0.895,0.179,2.686,0.895,0.895,2,11,2023,0.01,6.4,-0.02,82.71400000000006,2.2451412635684123
2023-11-03,RTNINDIA,56.4,57.4,55.9,56.75,1.773,-0.887,0.621,1.773,0.887,0.887,3,11,2023,0.01,6.4,-0.02,82.69400000000006,2.2446922353156986
2023-11-06,RTNINDIA,57.3,60.9,57.05,59.6,6.283,-0.436,4.014,6.283,0.436,0.436,6,11,2023,0.01,6.4,-0.02,82.67400000000006,2.2442432968686354
2023-11-07,RTNINDIA,60.0,60.55,58.6,59.0,0.917,-2.333,-1.667,2.333,0.917,0.917,7,11,2023,0.01,6.4,-0.02,82.65400000000007,2.2437944482092615
2023-11-08,RTNINDIA,59.45,60.3,59.0,59.75,1.43,-0.757,0.505,1.43,0.757,0.757,8,11,2023,0.01,6.4,-0.02,82.63400000000007,2.2433456893196198
2023-11-09,RTNINDIA,60.4,64.1,60.25,62.7,6.126,-0.248,3.808,6.126,0.248,0.248,9,11,2023,0.01,6.4,-0.02,82.61400000000008,2.242897020181756
2023-11-10,RTNINDIA,63.2,63.2,60.3,61.05,0.0,-4.589,-3.402,4.589,0.0,0.0,10,11,2023,0.01,6.4,3.3920000000000003,86.00600000000007,2.318976087106321
2023-11-12,RTNINDIA,61.75,62.45,60.75,61.85,1.134,-1.619,0.162,1.619,1.134,1.134,12,11,2023,0.01,6.4,-0.02,85.98600000000008,2.3185122918889
2023-11-13,RTNINDIA,62.0,62.05,60.65,61.2,0.081,-2.177,-1.29,2.177,0.081,0.081,13,11,2023,0.01,6.4,-0.02,85.96600000000008,2.3180485894305223
2023-11-15,RTNINDIA,61.8,62.45,61.15,61.35,1.052,-1.052,-0.728,1.052,1.052,1.052,15,11,2023,0.01,6.4,-0.02,85.94600000000008,2.3175849797126364
2023-11-16,RTNINDIA,61.55,64.05,61.3,61.95,4.062,-0.406,0.65,4.062,0.406,0.406,16,11,2023,0.01,6.4,-0.02,85.92600000000009,2.317121462716694
2023-11-17,RTNINDIA,62.2,63.05,61.5,62.35,1.367,-1.125,0.241,1.367,1.125,1.125,17,11,2023,0.01,6.4,-0.02,85.90600000000009,2.316658038424151
2023-11-20,RTNINDIA,62.7,66.9,62.6,64.9,6.699,-0.159,3.509,6.699,0.159,0.159,20,11,2023,0.01,6.4,-0.02,85.8860000000001,2.316194706816466
2023-11-21,RTNINDIA,65.6,77.85,64.8,76.0,18.674,-1.22,15.854,18.674,1.22,1.22,21,11,2023,0.01,6.4,-0.02,85.8660000000001,2.3157314678751026
2023-11-22,RTNINDIA,76.0,77.35,72.15,73.65,1.776,-5.066,-3.092,5.066,1.776,1.776,22,11,2023,0.01,6.4,-0.02,85.8460000000001,2.3152683215815277
2023-11-23,RTNINDIA,74.0,78.6,72.75,76.75,6.216,-1.689,3.716,6.216,1.689,1.689,23,11,2023,0.01,6.4,-0.02,85.8260000000001,2.3148052679172113
2023-11-24,RTNINDIA,78.0,81.6,76.75,78.0,4.615,-1.603,0.0,4.615,1.603,1.603,24,11,2023,0.01,6.4,-0.02,85.80600000000011,2.3143423068636277
2023-11-28,RTNINDIA,78.5,81.05,75.25,78.05,3.248,-4.14,-0.573,4.14,3.248,3.248,28,11,2023,0.01,6.4,-0.02,85.78600000000012,2.313879438402255
2023-11-29,RTNINDIA,78.3,79.3,75.15,76.5,1.277,-4.023,-2.299,4.023,1.277,1.277,29,11,2023,0.01,6.4,-0.02,85.76600000000012,2.3134166625145745
2023-11-30,RTNINDIA,76.3,78.0,73.85,77.45,2.228,-3.211,1.507,3.211,2.228,2.228,30,11,2023,0.01,6.4,-0.02,85.74600000000012,2.3129539791820717
2023-12-01,RTNINDIA,77.6,79.1,75.4,76.0,1.933,-2.835,-2.062,2.835,1.933,1.933,1,12,2023,0.01,6.4,-0.02,85.72600000000013,2.3124913883862352
2023-12-04,RTNINDIA,77.1,79.85,75.8,79.25,3.567,-1.686,2.789,3.567,1.686,1.686,4,12,2023,0.01,6.4,-0.02,85.70600000000013,2.312028890108558
2023-12-05,RTNINDIA,79.35,80.95,76.9,78.05,2.016,-3.088,-1.638,3.088,2.016,2.016,5,12,2023,0.01,6.4,-0.02,85.68600000000013,2.3115664843305366
2023-12-06,RTNINDIA,78.65,83.2,78.0,79.95,5.785,-0.826,1.653,5.785,0.826,0.826,6,12,2023,0.01,6.4,-0.02,85.66600000000014,2.3111041710336706
2023-12-07,RTNINDIA,80.2,83.75,78.5,81.75,4.426,-2.12,1.933,4.426,2.12,2.12,7,12,2023,0.01,6.4,-0.02,85.64600000000014,2.310641950199464
2023-12-08,RTNINDIA,81.4,82.4,77.5,78.55,1.229,-4.791,-3.501,4.791,1.229,1.229,8,12,2023,0.01,6.4,-0.02,85.62600000000015,2.3101798218094243
2023-12-11,RTNINDIA,79.0,81.8,78.9,80.85,3.544,-0.127,2.342,3.544,0.127,0.127,11,12,2023,0.01,6.4,-0.02,85.60600000000015,2.3097177858450624
2023-12-12,RTNINDIA,81.65,83.0,79.05,79.6,1.653,-3.184,-2.511,3.184,1.653,1.653,12,12,2023,0.01,6.4,-0.02,85.58600000000015,2.3092558422878935
2023-12-13,RTNINDIA,79.95,82.0,78.8,81.4,2.564,-1.438,1.814,2.564,1.438,1.438,13,12,2023,0.01,6.4,-0.02,85.56600000000016,2.308793991119436
2023-12-14,RTNINDIA,81.65,81.85,79.85,80.1,0.245,-2.205,-1.898,2.205,0.245,0.245,14,12,2023,0.01,6.4,-0.02,85.54600000000016,2.308332232321212
2023-12-15,RTNINDIA,80.55,85.6,79.45,81.85,6.269,-1.366,1.614,6.269,1.366,1.366,15,12,2023,0.01,6.4,-0.02,85.52600000000017,2.307870565874748
2023-12-18,RTNINDIA,82.55,86.0,81.4,83.75,4.179,-1.393,1.454,4.179,1.393,1.393,18,12,2023,0.01,6.4,-0.02,85.50600000000017,2.307408991761573
2023-12-19,RTNINDIA,84.15,85.2,82.15,83.25,1.248,-2.377,-1.07,2.377,1.248,1.248,19,12,2023,0.01,6.4,-0.02,85.48600000000017,2.3069475099632206
2023-12-20,RTNINDIA,84.0,85.3,72.0,75.1,1.548,-14.286,-10.595,14.286,1.548,1.548,20,12,2023,0.01,6.4,-0.02,85.46600000000018,2.306486120461228
2023-12-21,RTNINDIA,74.2,79.85,73.75,78.9,7.615,-0.606,6.334,7.615,0.606,0.606,21,12,2023,0.01,6.4,-0.02,85.44600000000018,2.306024823237136
2023-12-22,RTNINDIA,79.5,80.5,77.4,78.95,1.258,-2.642,-0.692,2.642,1.258,1.258,22,12,2023,0.01,6.4,-0.02,85.42600000000019,2.3055636182724886
2023-12-26,RTNINDIA,79.2,79.45,76.2,77.15,0.316,-3.788,-2.588,3.788,0.316,0.316,26,12,2023,0.01,6.4,-0.02,85.40600000000019,2.305102505548834
2023-12-27,RTNINDIA,77.3,78.2,75.5,76.2,1.164,-2.329,-1.423,2.329,1.164,1.164,27,12,2023,0.01,6.4,-0.02,85.3860000000002,2.3046414850477244
2023-12-28,RTNINDIA,76.5,77.3,75.1,75.5,1.046,-1.83,-1.307,1.83,1.046,1.046,28,12,2023,0.01,6.4,-0.02,85.3660000000002,2.304180556750715
2023-12-29,RTNINDIA,75.8,77.1,74.85,76.25,1.715,-1.253,0.594,1.715,1.253,1.253,29,12,2023,0.01,6.4,-0.02,85.3460000000002,2.3037197206393647
2024-01-01,RTNINDIA,76.5,77.8,76.0,76.45,1.699,-0.654,-0.065,1.699,0.654,0.654,1,1,2024,0.01,6.4,-0.02,85.3260000000002,2.3032589766952367
2024-01-02,RTNINDIA,76.85,77.4,74.85,76.05,0.716,-2.602,-1.041,2.602,0.716,0.716,2,1,2024,0.01,6.4,-0.02,85.30600000000021,2.3027983248998978
2024-01-03,RTNINDIA,76.6,79.4,75.5,75.9,3.655,-1.436,-0.914,3.655,1.436,1.436,3,1,2024,0.01,6.4,-0.02,85.28600000000021,2.3023377652349177
2024-01-04,RTNINDIA,76.3,82.4,75.7,81.6,7.995,-0.786,6.946,7.995,0.786,0.786,4,1,2024,0.01,6.4,-0.02,85.26600000000022,2.301877297681871
2024-01-05,RTNINDIA,81.9,88.0,80.8,86.0,7.448,-1.343,5.006,7.448,1.343,1.343,5,1,2024,0.01,6.4,-0.02,85.24600000000022,2.3014169222223346
2024-01-08,RTNINDIA,86.4,87.4,83.8,85.7,1.157,-3.009,-0.81,3.009,1.157,1.157,8,1,2024,0.01,6.4,-0.02,85.22600000000023,2.3009566388378904
2024-01-09,RTNINDIA,86.0,87.7,82.0,82.65,1.977,-4.651,-3.895,4.651,1.977,1.977,9,1,2024,0.01,6.4,-0.02,85.20600000000023,2.300496447510123
2024-01-10,RTNINDIA,82.75,83.95,81.0,81.55,1.45,-2.115,-1.45,2.115,1.45,1.45,10,1,2024,0.01,6.4,-0.02,85.18600000000023,2.300036348220621
2024-01-11,RTNINDIA,81.95,86.5,81.7,85.35,5.552,-0.305,4.149,5.552,0.305,0.305,11,1,2024,0.01,6.4,-0.02,85.16600000000024,2.2995763409509773
2024-01-12,RTNINDIA,85.7,86.9,83.75,84.2,1.4,-2.275,-1.75,2.275,1.4,1.4,12,1,2024,0.01,6.4,-0.02,85.14600000000024,2.299116425682787
2024-01-15,RTNINDIA,84.55,84.7,82.0,83.0,0.177,-3.016,-1.833,3.016,0.177,0.177,15,1,2024,0.01,6.4,-0.02,85.12600000000025,2.2986566023976502
2024-01-16,RTNINDIA,83.4,83.7,79.55,81.6,0.36,-4.616,-2.158,4.616,0.36,0.36,16,1,2024,0.01,6.4,-0.02,85.10600000000025,2.2981968710771707
2024-01-17,RTNINDIA,80.0,81.45,78.6,80.45,1.813,-1.75,0.563,1.813,1.75,1.75,17,1,2024,0.01,6.4,-0.02,85.08600000000025,2.297737231702955
2024-01-18,RTNINDIA,79.9,80.7,76.15,79.75,1.001,-4.693,-0.188,4.693,1.001,1.001,18,1,2024,0.01,6.4,-0.02,85.06600000000026,2.2972776842566147
2024-01-19,RTNINDIA,80.15,81.85,79.7,80.35,2.121,-0.561,0.25,2.121,0.561,0.561,19,1,2024,0.01,6.4,-0.02,85.04600000000026,2.2968182287197636
2024-01-20,RTNINDIA,80.75,84.5,79.55,81.75,4.644,-1.486,1.238,4.644,1.486,1.486,20,1,2024,0.01,6.4,-0.02,85.02600000000027,2.2963588650740197
2024-01-23,RTNINDIA,82.45,82.85,78.5,79.4,0.485,-4.791,-3.699,4.791,0.485,0.485,23,1,2024,0.01,6.4,-0.02,85.00600000000027,2.2958995933010047
2024-01-24,RTNINDIA,79.3,82.85,77.75,82.15,4.477,-1.955,3.594,4.477,1.955,1.955,24,1,2024,0.01,6.4,-0.02,84.98600000000027,2.2954404133823445
2024-01-25,RTNINDIA,82.15,82.6,80.1,80.65,0.548,-2.495,-1.826,2.495,0.548,0.548,25,1,2024,0.01,6.4,-0.02,84.96600000000028,2.294981325299668
2024-01-29,RTNINDIA,81.35,86.35,80.95,84.25,6.146,-0.492,3.565,6.146,0.492,0.492,29,1,2024,0.01,6.4,-0.02,84.94600000000028,2.294522329034608
2024-01-30,RTNINDIA,84.85,94.15,83.8,87.85,10.961,-1.237,3.536,10.961,1.237,1.237,30,1,2024,0.01,6.4,-0.02,84.92600000000029,2.2940634245688014
2024-01-31,RTNINDIA,88.0,90.25,86.15,88.15,2.557,-2.102,0.17,2.557,2.102,2.102,31,1,2024,0.01,6.4,-0.02,84.90600000000029,2.2936046118838878
2024-02-01,RTNINDIA,88.5,88.5,85.2,86.6,0.0,-3.729,-2.147,3.729,0.0,0.0,1,2,2024,0.01,6.4,2.137,87.04300000000029,2.3426189424398465
2024-02-02,RTNINDIA,87.05,92.45,86.75,88.6,6.203,-0.345,1.781,6.203,0.345,0.345,2,2,2024,0.01,6.4,-0.02,87.0230000000003,2.3421504186513586
2024-02-05,RTNINDIA,89.3,92.65,87.0,87.5,3.751,-2.576,-2.016,3.751,2.576,2.576,5,2,2024,0.01,6.4,-0.02,87.0030000000003,2.3416819885676285
2024-02-06,RTNINDIA,87.95,89.7,87.1,88.35,1.99,-0.966,0.455,1.99,0.966,0.966,6,2,2024,0.01,6.4,-0.02,86.9830000000003,2.341213652169915
2024-02-07,RTNINDIA,89.0,90.95,87.4,89.05,2.191,-1.798,0.056,2.191,1.798,1.798,7,2,2024,0.01,6.4,-0.02,86.9630000000003,2.340745409439481
2024-02-08,RTNINDIA,89.6,94.85,87.7,90.35,5.859,-2.121,0.837,5.859,2.121,2.121,8,2,2024,0.01,6.4,-0.02,86.94300000000031,2.340277260357593
2024-02-09,RTNINDIA,92.0,93.7,84.35,87.25,1.848,-8.315,-5.163,8.315,1.848,1.848,9,2,2024,0.01,6.4,-0.02,86.92300000000031,2.3398092049055217
2024-02-12,RTNINDIA,88.0,88.4,75.5,78.35,0.455,-14.205,-10.966,14.205,0.455,0.455,12,2,2024,0.01,6.4,-0.02,86.90300000000032,2.3393412430645406
2024-02-13,RTNINDIA,78.5,82.5,76.1,82.15,5.096,-3.057,4.65,5.096,3.057,3.057,13,2,2024,0.01,6.4,-0.02,86.88300000000032,2.3388733748159276
2024-02-14,RTNINDIA,81.45,85.0,80.2,84.45,4.359,-1.535,3.683,4.359,1.535,1.535,14,2,2024,0.01,6.4,-0.02,86.86300000000033,2.3384056001409643
2024-02-15,RTNINDIA,84.5,86.75,83.05,84.25,2.663,-1.716,-0.296,2.663,1.716,1.716,15,2,2024,0.01,6.4,-0.02,86.84300000000033,2.3379379190209364
2024-02-16,RTNINDIA,85.05,88.3,85.05,85.65,3.821,0.0,0.705,3.821,0.0,0.0,16,2,2024,0.01,6.4,0.695,87.53800000000032,2.354186587558132
2024-02-19,RTNINDIA,86.05,87.5,85.0,85.4,1.685,-1.22,-0.755,1.685,1.22,1.22,19,2,2024,0.01,6.4,-0.02,87.51800000000033,2.35371575024062
2024-02-20,RTNINDIA,85.8,85.8,83.0,83.2,0.0,-3.263,-3.03,3.263,0.0,0.0,20,2,2024,0.01,6.4,3.02,90.53800000000032,2.424797965897887
2024-02-21,RTNINDIA,83.7,84.5,80.75,81.4,0.956,-3.524,-2.748,3.524,0.956,0.956,21,2,2024,0.01,6.4,-0.02,90.51800000000033,2.424313006304707
2024-02-22,RTNINDIA,81.55,85.15,79.5,84.5,4.414,-2.514,3.617,4.414,2.514,2.514,22,2,2024,0.01,6.4,-0.02,90.49800000000033,2.4238281437034463
2024-02-23,RTNINDIA,84.85,85.0,83.0,84.0,0.177,-2.18,-1.002,2.18,0.177,0.177,23,2,2024,0.01,6.4,-0.02,90.47800000000034,2.423343378074706
2024-02-26,RTNINDIA,84.2,84.45,81.3,82.0,0.297,-3.444,-2.613,3.444,0.297,0.297,26,2,2024,0.01,6.4,-0.02,90.45800000000034,2.4228587093990908
2024-02-27,RTNINDIA,82.15,82.65,80.05,80.65,0.609,-2.556,-1.826,2.556,0.609,0.609,27,2,2024,0.01,6.4,-0.02,90.43800000000034,2.422374137657211
2024-02-28,RTNINDIA,80.7,81.3,77.55,78.7,0.743,-3.903,-2.478,3.903,0.743,0.743,28,2,2024,0.01,6.4,-0.02,90.41800000000035,2.4218896628296798
2024-02-29,RTNINDIA,78.1,85.45,77.3,83.6,9.411,-1.024,7.042,9.411,1.024,1.024,29,2,2024,0.01,6.4,-0.02,90.39800000000035,2.421405284897114
2024-03-01,RTNINDIA,83.75,84.7,82.15,82.75,1.134,-1.91,-1.194,1.91,1.134,1.134,1,3,2024,0.01,6.4,-0.02,90.37800000000036,2.4209210038401348
2024-03-02,RTNINDIA,82.6,83.15,82.05,82.75,0.666,-0.666,0.182,0.666,0.666,0.666,2,3,2024,0.01,6.4,-0.02,90.35800000000036,2.4204368196393666
2024-03-04,RTNINDIA,82.75,83.5,81.0,81.55,0.906,-2.115,-1.45,2.115,0.906,0.906,4,3,2024,0.01,6.4,-0.02,90.33800000000036,2.419952732275439
2024-03-05,RTNINDIA,81.75,81.75,80.0,80.35,0.0,-2.141,-1.713,2.141,0.0,0.0,5,3,2024,0.01,6.4,1.703,92.04100000000037,2.4611645273060896
2024-03-06,RTNINDIA,79.95,80.4,77.1,78.15,0.563,-3.565,-2.251,3.565,0.563,0.563,6,3,2024,0.01,6.4,-0.02,92.02100000000037,2.4606722944006285
2024-03-07,RTNINDIA,78.4,79.8,78.1,78.45,1.786,-0.383,0.064,1.786,0.383,0.383,7,3,2024,0.01,6.4,-0.02,92.00100000000037,2.4601801599417485
2024-03-11,RTNINDIA,78.75,78.75,75.0,75.45,0.0,-4.762,-4.19,4.762,0.0,0.0,11,3,2024,0.01,6.4,4.180000000000001,96.18100000000038,2.5630156906273136
2024-03-12,RTNINDIA,75.5,76.25,70.95,71.65,0.993,-6.026,-5.099,6.026,0.993,0.993,12,3,2024,0.01,6.4,-0.02,96.16100000000039,2.5625030874891883
2024-03-13,RTNINDIA,71.0,73.2,63.5,65.4,3.099,-10.563,-7.887,10.563,3.099,3.099,13,3,2024,0.01,6.4,-0.02,96.14100000000039,2.5619905868716906
2024-03-14,RTNINDIA,65.55,73.15,65.35,72.3,11.594,-0.305,10.297,11.594,0.305,0.305,14,3,2024,0.01,6.4,-0.02,96.1210000000004,2.5614781887543163
2024-03-15,RTNINDIA,72.0,73.5,69.45,70.75,2.083,-3.542,-1.736,3.542,2.083,2.083,15,3,2024,0.01,6.4,-0.02,96.1010000000004,2.5609658931165655
2024-03-18,RTNINDIA,70.05,72.1,68.8,69.55,2.926,-1.784,-0.714,2.926,1.784,1.784,18,3,2024,0.01,6.4,-0.02,96.0810000000004,2.560453699937942
2024-03-19,RTNINDIA,69.8,71.15,67.6,67.9,1.934,-3.152,-2.722,3.152,1.934,1.934,19,3,2024,0.01,6.4,-0.02,96.0610000000004,2.5599416091979545
2024-03-20,RTNINDIA,68.35,69.25,66.5,66.95,1.317,-2.707,-2.048,2.707,1.317,1.317,20,3,2024,0.01,6.4,-0.02,96.04100000000041,2.559429620876115
2024-03-21,RTNINDIA,67.95,70.35,67.95,69.4,3.532,0.0,2.134,3.532,0.0,0.0,21,3,2024,0.01,6.4,2.124,98.1650000000004,2.6137919060235237
2024-03-22,RTNINDIA,69.2,72.6,68.3,70.85,4.913,-1.301,2.384,4.913,1.301,1.301,22,3,2024,0.01,6.4,-0.02,98.14500000000041,2.613269147642319
2024-03-26,RTNINDIA,71.05,71.95,68.1,68.5,1.267,-4.152,-3.589,4.152,1.267,1.267,26,3,2024,0.01,6.4,-0.02,98.12500000000041,2.6127464938127907
2024-03-27,RTNINDIA,69.2,71.45,68.7,69.85,3.251,-0.723,0.939,3.251,0.723,0.723,27,3,2024,0.01,6.4,-0.02,98.10500000000042,2.612223944514028
2024-03-28,RTNINDIA,70.25,72.55,68.9,69.2,3.274,-1.922,-1.495,3.274,1.922,1.922,28,3,2024,0.01,6.4,-0.02,98.08500000000042,2.6117014997251253
2024-04-01,RTNINDIA,70.45,77.0,70.3,76.2,9.297,-0.213,8.162,9.297,0.213,0.213,1,4,2024,0.01,6.4,-0.02,98.06500000000042,2.6111791594251805
2024-04-02,RTNINDIA,76.2,77.4,74.75,76.65,1.575,-1.903,0.591,1.903,1.575,1.575,2,4,2024,0.01,6.4,-0.02,98.04500000000043,2.6106569235932957
2024-04-03,RTNINDIA,76.65,78.1,75.5,77.65,1.892,-1.5,1.305,1.892,1.5,1.5,3,4,2024,0.01,6.4,-0.02,98.02500000000043,2.610134792208577
2024-04-04,RTNINDIA,78.0,79.25,76.35,77.4,1.603,-2.115,-0.769,2.115,1.603,1.603,4,4,2024,0.01,6.4,-0.02,98.00500000000044,2.609612765250135
2024-04-05,RTNINDIA,77.3,78.1,76.15,76.55,1.035,-1.488,-0.97,1.488,1.035,1.035,5,4,2024,0.01,6.4,-0.02,97.98500000000044,2.609090842697085
2024-04-08,RTNINDIA,76.9,77.8,75.5,76.2,1.17,-1.821,-0.91,1.821,1.17,1.17,8,4,2024,0.01,6.4,-0.02,97.96500000000044,2.6085690245285456
2024-04-09,RTNINDIA,76.35,76.9,74.15,74.9,0.72,-2.881,-1.899,2.881,0.72,0.72,9,4,2024,0.01,6.4,-0.02,97.94500000000045,2.6080473107236397
2024-04-10,RTNINDIA,75.05,75.5,74.1,74.2,0.6,-1.266,-1.133,1.266,0.6,0.6,10,4,2024,0.01,6.4,-0.02,97.92500000000045,2.607525701261495
2024-04-12,RTNINDIA,74.1,75.1,72.0,72.2,1.35,-2.834,-2.564,2.834,1.35,1.35,12,4,2024,0.01,6.4,-0.02,97.90500000000046,2.6070041961212427
2024-04-15,RTNINDIA,67.0,70.9,67.0,69.7,5.821,0.0,4.03,5.821,0.0,0.0,15,4,2024,0.01,6.4,4.0200000000000005,101.92500000000045,2.711805764805317
2024-04-16,RTNINDIA,68.1,72.2,68.05,70.85,6.021,-0.073,4.038,6.021,0.073,0.073,16,4,2024,0.01,6.4,-0.02,101.90500000000046,2.7112634036523557
2024-04-18,RTNINDIA,71.2,76.2,71.2,72.75,7.022,0.0,2.177,7.022,0.0,0.0,18,4,2024,0.01,6.4,6.390000000000001,108.29500000000046,2.8845131351457414
2024-04-19,RTNINDIA,71.0,72.25,70.05,71.2,1.761,-1.338,0.282,1.761,1.338,1.338,19,4,2024,0.01,6.4,-0.02,108.27500000000046,2.883936232518712
2024-04-22,RTNINDIA,72.0,74.0,72.0,72.65,2.778,0.0,0.903,2.778,0.0,0.0,22,4,2024,0.01,6.4,0.893,109.16800000000046,2.9096897830751045
2024-04-23,RTNINDIA,73.05,76.35,72.65,74.35,4.517,-0.548,1.78,4.517,0.548,0.548,23,4,2024,0.01,6.4,-0.02,109.14800000000047,2.9091078451184895
2024-04-24,RTNINDIA,74.7,76.5,74.2,75.35,2.41,-0.669,0.87,2.41,0.669,0.669,24,4,2024,0.01,6.4,-0.02,109.12800000000047,2.908526023549466
2024-04-25,RTNINDIA,75.35,76.9,74.2,74.9,2.057,-1.526,-0.597,2.057,1.526,1.526,25,4,2024,0.01,6.4,-0.02,109.10800000000047,2.9079443183447564
2024-04-26,RTNINDIA,75.0,75.6,74.45,75.1,0.8,-0.733,0.133,0.8,0.733,0.733,26,4,2024,0.01,6.4,-0.02,109.08800000000048,2.9073627294810875
2024-04-29,RTNINDIA,75.55,77.7,75.3,76.05,2.846,-0.331,0.662,2.846,0.331,0.331,29,4,2024,0.01,6.4,-0.02,109.06800000000048,2.9067812569351914
2024-04-30,RTNINDIA,76.25,76.75,74.5,74.75,0.656,-2.295,-1.967,2.295,0.656,0.656,30,4,2024,0.01,6.4,-0.02,109.04800000000048,2.9061999006838044
2024-05-02,RTNINDIA,74.75,75.5,73.45,73.75,1.003,-1.739,-1.338,1.739,1.003,1.003,2,5,2024,0.01,6.4,-0.02,109.02800000000049,2.905618660703668
2024-05-03,RTNINDIA,74.2,74.95,72.25,74.3,1.011,-2.628,0.135,2.628,1.011,1.011,3,5,2024,0.01,6.4,-0.02,109.0080000000005,2.9050375369715273
2024-05-06,RTNINDIA,74.5,74.8,71.5,72.5,0.403,-4.027,-2.685,4.027,0.403,0.403,6,5,2024,0.01,6.4,-0.02,108.9880000000005,2.904456529464133
2024-05-07,RTNINDIA,72.55,72.85,70.9,72.05,0.414,-2.274,-0.689,2.274,0.414,0.414,7,5,2024,0.01,6.4,-0.02,108.9680000000005,2.9038756381582402
2024-05-08,RTNINDIA,72.15,73.45,71.6,72.3,1.802,-0.762,0.208,1.802,0.762,0.762,8,5,2024,0.01,6.4,-0.02,108.9480000000005,2.9032948630306086
2024-05-09,RTNINDIA,72.7,72.85,69.7,70.05,0.206,-4.127,-3.645,4.127,0.206,0.206,9,5,2024,0.01,6.4,-0.02,108.92800000000051,2.9027142040580025
2024-05-10,RTNINDIA,70.25,71.15,68.3,70.75,1.281,-2.776,0.712,2.776,1.281,1.281,10,5,2024,0.01,6.4,-0.02,108.90800000000051,2.902133661217191
2024-05-13,RTNINDIA,70.75,71.2,68.5,69.4,0.636,-3.18,-1.908,3.18,0.636,0.636,13,5,2024,0.01,6.4,-0.02,108.88800000000052,2.9015532344849473
2024-05-14,RTNINDIA,69.65,70.65,69.4,70.3,1.436,-0.359,0.933,1.436,0.359,0.359,14,5,2024,0.01,6.4,-0.02,108.86800000000052,2.9009729238380504
2024-05-15,RTNINDIA,70.3,72.85,70.3,72.35,3.627,0.0,2.916,3.627,0.0,0.0,15,5,2024,0.01,6.4,2.906,111.77400000000053,2.985275197004784
2024-05-16,RTNINDIA,72.9,74.1,72.4,73.75,1.646,-0.686,1.166,1.646,0.686,0.686,16,5,2024,0.01,6.4,-0.02,111.75400000000053,2.984678141965383
2024-05-17,RTNINDIA,74.1,77.05,73.9,74.65,3.981,-0.27,0.742,3.981,0.27,0.27,17,5,2024,0.01,6.4,-0.02,111.73400000000053,2.9840812063369904
2024-05-18,RTNINDIA,75.25,75.8,74.85,75.25,0.731,-0.532,0.0,0.731,0.532,0.532,18,5,2024,0.01,6.4,-0.02,111.71400000000054,2.983484390095723
2024-05-21,RTNINDIA,75.55,79.1,74.7,76.5,4.699,-1.125,1.257,4.699,1.125,1.125,21,5,2024,0.01,6.4,-0.02,111.69400000000054,2.982887693217704
2024-05-22,RTNINDIA,76.95,77.7,75.5,76.4,0.975,-1.884,-0.715,1.884,0.975,0.975,22,5,2024,0.01,6.4,-0.02,111.67400000000055,2.9822911156790606
2024-05-23,RTNINDIA,77.6,79.65,75.9,76.3,2.642,-2.191,-1.675,2.642,2.191,2.191,23,5,2024,0.01,6.4,-0.02,111.65400000000055,2.981694657455925
2024-05-24,RTNINDIA,76.8,83.9,76.2,81.65,9.245,-0.781,6.315,9.245,0.781,0.781,24,5,2024,0.01,6.4,-0.02,111.63400000000055,2.9810983185244337
2024-05-27,RTNINDIA,82.7,85.0,81.1,81.35,2.781,-1.935,-1.632,2.781,1.935,1.935,27,5,2024,0.01,6.4,-0.02,111.61400000000056,2.980502098860729
2024-05-28,RTNINDIA,81.45,81.85,77.0,78.0,0.491,-5.463,-4.236,5.463,0.491,0.491,28,5,2024,0.01,6.4,-0.02,111.59400000000056,2.979905998440957
2024-05-29,RTNINDIA,78.35,84.2,76.3,77.4,7.466,-2.616,-1.213,7.466,2.616,2.616,29,5,2024,0.01,6.4,-0.02,111.57400000000057,2.9793100172412688
2024-05-30,RTNINDIA,76.85,77.2,73.7,74.1,0.455,-4.099,-3.578,4.099,0.455,0.455,30,5,2024,0.01,6.4,-0.02,111.55400000000057,2.9787141552378205
2024-05-31,RTNINDIA,75.0,75.5,72.25,72.85,0.667,-3.667,-2.867,3.667,0.667,0.667,31,5,2024,0.01,6.4,-0.02,111.53400000000057,2.978118412406773
2024-06-03,RTNINDIA,77.0,77.0,73.5,73.95,0.0,-4.545,-3.961,4.545,0.0,0.0,3,6,2024,0.01,6.4,3.951,115.48500000000057,3.095783870880964
2024-06-04,RTNINDIA,73.95,74.3,59.2,66.0,0.473,-19.946,-10.751,19.946,0.473,0.473,4,6,2024,0.01,6.4,-0.02,115.46500000000057,3.095164714106788
2024-06-05,RTNINDIA,67.9,69.8,64.35,69.05,2.798,-5.228,1.694,5.228,2.798,2.798,5,6,2024,0.01,6.4,-0.02,115.44500000000058,3.0945456811639667
2024-06-06,RTNINDIA,74.0,78.6,71.2,77.9,6.216,-3.784,5.27,6.216,3.784,3.784,6,6,2024,0.01,6.4,-0.02,115.42500000000058,3.093926772027734
2024-06-07,RTNINDIA,78.8,78.9,76.1,76.35,0.127,-3.426,-3.109,3.426,0.127,0.127,7,6,2024,0.01,6.4,-0.02,115.40500000000058,3.0933079866733286
2024-06-10,RTNINDIA,76.87,76.9,74.51,74.85,0.039,-3.07,-2.628,3.07,0.039,0.039,10,6,2024,0.01,6.4,-0.02,115.38500000000059,3.092689325075994
2024-06-11,RTNINDIA,74.8,76.2,73.91,75.06,1.872,-1.19,0.348,1.872,1.19,1.19,11,6,2024,0.01,6.4,-0.02,115.36500000000059,3.092070787210979
2024-06-12,RTNINDIA,75.3,78.34,75.19,76.72,4.037,-0.146,1.886,4.037,0.146,0.146,12,6,2024,0.01,6.4,-0.02,115.3450000000006,3.091452373053537
2024-06-13,RTNINDIA,77.1,77.64,75.96,76.54,0.7,-1.479,-0.726,1.479,0.7,0.7,13,6,2024,0.01,6.4,-0.02,115.3250000000006,3.090834082578926
2024-06-14,RTNINDIA,76.8,77.7,75.75,76.14,1.172,-1.367,-0.859,1.367,1.172,1.172,14,6,2024,0.01,6.4,-0.02,115.3050000000006,3.0902159157624105
2024-06-18,RTNINDIA,76.65,80.75,76.25,78.86,5.349,-0.522,2.883,5.349,0.522,0.522,18,6,2024,0.01,6.4,-0.02,115.28500000000061,3.089597872579258
2024-06-19,RTNINDIA,79.35,82.15,77.0,80.19,3.529,-2.962,1.059,3.529,2.962,2.962,19,6,2024,0.01,6.4,-0.02,115.26500000000061,3.0889799530047424
2024-06-20,RTNINDIA,80.51,84.89,79.48,81.83,5.44,-1.279,1.64,5.44,1.279,1.279,20,6,2024,0.01,6.4,-0.02,115.24500000000062,3.0883621570141413
2024-06-21,RTNINDIA,82.2,83.37,80.16,80.57,1.423,-2.482,-1.983,2.482,1.423,1.423,21,6,2024,0.01,6.4,-0.02,115.22500000000062,3.0877444845827386
2024-06-24,RTNINDIA,80.9,90.0,80.52,84.93,11.248,-0.47,4.981,11.248,0.47,0.47,24,6,2024,0.01,6.4,-0.02,115.20500000000062,3.087126935685822
2024-06-25,RTNINDIA,86.0,87.5,85.12,86.2,1.744,-1.023,0.233,1.744,1.023,1.023,25,6,2024,0.01,6.4,-0.02,115.18500000000063,3.086509510298685
2024-06-26,RTNINDIA,86.2,86.2,82.9,83.06,0.0,-3.828,-3.643,3.828,0.0,0.0,26,6,2024,0.01,6.4,3.633,118.81800000000062,3.1986424008078362
2024-06-27,RTNINDIA,82.98,83.5,79.01,80.49,0.627,-4.784,-3.001,4.784,0.627,0.627,27,6,2024,0.01,6.4,-0.02,118.79800000000063,3.1980026723276747
2024-06-28,RTNINDIA,81.43,85.0,80.66,84.41,4.384,-0.946,3.66,4.384,0.946,0.946,28,6,2024,0.01,6.4,-0.02,118.77800000000063,3.1973630717932093
2024-07-01,RTNINDIA,84.5,84.8,82.27,82.53,0.355,-2.639,-2.331,2.639,0.355,0.355,1,7,2024,0.01,6.4,-0.02,118.75800000000064,3.196723599178851
2024-07-02,RTNINDIA,82.7,83.39,80.6,81.98,0.834,-2.539,-0.871,2.539,0.834,0.834,2,7,2024,0.01,6.4,-0.02,118.73800000000064,3.196084254459015
2024-07-03,RTNINDIA,82.2,83.0,81.3,82.3,0.973,-1.095,0.122,1.095,0.973,0.973,3,7,2024,0.01,6.4,-0.02,118.71800000000064,3.1954450376081236
2024-07-04,RTNINDIA,82.3,82.6,81.0,81.13,0.365,-1.58,-1.422,1.58,0.365,0.365,4,7,2024,0.01,6.4,-0.02,118.69800000000065,3.194805948600602
2024-07-05,RTNINDIA,81.15,83.8,80.79,81.84,3.266,-0.444,0.85,3.266,0.444,0.444,5,7,2024,0.01,6.4,-0.02,118.67800000000065,3.194166987410882
2024-07-08,RTNINDIA,81.83,82.34,79.8,80.14,0.623,-2.481,-2.065,2.481,0.623,0.623,8,7,2024,0.01,6.4,-0.02,118.65800000000065,3.1935281540134
2024-07-09,RTNINDIA,80.21,81.4,79.75,80.19,1.484,-0.573,-0.025,1.484,0.573,0.573,9,7,2024,0.01,6.4,-0.02,118.63800000000066,3.1928894483825974
2024-07-10,RTNINDIA,80.3,80.75,77.52,79.27,0.56,-3.462,-1.283,3.462,0.56,0.56,10,7,2024,0.01,6.4,-0.02,118.61800000000066,3.192250870492921
2024-07-11,RTNINDIA,79.35,80.5,79.17,79.46,1.449,-0.227,0.139,1.449,0.227,0.227,11,7,2024,0.01,6.4,-0.02,118.59800000000067,3.1916124203188225
2024-07-12,RTNINDIA,79.5,80.72,78.6,78.88,1.535,-1.132,-0.78,1.535,1.132,1.132,12,7,2024,0.01,6.4,-0.02,118.57800000000067,3.1909740978347587
2024-07-15,RTNINDIA,79.28,80.2,77.65,79.21,1.16,-2.056,-0.088,2.056,1.16,1.16,15,7,2024,0.01,6.4,-0.02,118.55800000000067,3.1903359030151917
2024-07-16,RTNINDIA,79.12,80.16,78.1,78.45,1.314,-1.289,-0.847,1.314,1.289,1.289,16,7,2024,0.01,6.4,-0.02,118.53800000000068,3.189697835834589
2024-07-18,RTNINDIA,78.39,78.51,75.2,75.7,0.153,-4.069,-3.432,4.069,0.153,0.153,18,7,2024,0.01,6.4,-0.02,118.51800000000068,3.189059896267422
2024-07-19,RTNINDIA,75.94,76.15,73.73,74.09,0.277,-2.91,-2.436,2.91,0.277,0.277,19,7,2024,0.01,6.4,-0.02,118.49800000000069,3.1884220842881685
2024-07-22,RTNINDIA,73.2,75.43,72.09,74.66,3.046,-1.516,1.995,3.046,1.516,1.516,22,7,2024,0.01,6.4,-0.02,118.47800000000069,3.187784399871311
2024-07-23,RTNINDIA,75.05,75.05,71.05,72.98,0.0,-5.33,-2.758,5.33,0.0,0.0,23,7,2024,0.01,6.4,2.748,121.2260000000007,3.2753847151797744
2024-07-24,RTNINDIA,73.5,77.78,72.98,76.08,5.823,-0.707,3.51,5.823,0.707,0.707,24,7,2024,0.01,6.4,-0.02,121.2060000000007,3.2747296382367383
2024-07-25,RTNINDIA,75.0,76.41,74.47,75.31,1.88,-0.707,0.413,1.88,0.707,0.707,25,7,2024,0.01,6.4,-0.02,121.1860000000007,3.274074692309091
2024-07-26,RTNINDIA,76.0,78.48,76.0,76.64,3.263,0.0,0.842,3.263,0.0,0.0,26,7,2024,0.01,6.4,0.832,122.0180000000007,3.301314993749103
2024-07-29,RTNINDIA,77.19,78.29,75.81,76.52,1.425,-1.788,-0.868,1.788,1.425,1.425,29,7,2024,0.01,6.4,-0.02,121.9980000000007,3.3006547307503533
2024-07-30,RTNINDIA,77.95,82.35,76.75,79.93,5.645,-1.539,2.54,5.645,1.539,1.539,30,7,2024,0.01,6.4,-0.02,121.9780000000007,3.2999945998042035
2024-07-31,RTNINDIA,80.5,81.6,79.0,79.62,1.366,-1.863,-1.093,1.863,1.366,1.366,31,7,2024,0.01,6.4,-0.02,121.95800000000071,3.299334600884243
2024-08-01,RTNINDIA,79.99,80.1,77.7,78.07,0.138,-2.863,-2.4,2.863,0.138,0.138,1,8,2024,0.01,6.4,-0.02,121.93800000000071,3.298674733964066
2024-08-02,RTNINDIA,77.2,77.95,75.91,76.92,0.972,-1.671,-0.363,1.671,0.972,0.972,2,8,2024,0.01,6.4,-0.02,121.91800000000072,3.298014999017273
2024-08-05,RTNINDIA,75.0,75.0,71.25,71.95,0.0,-5.0,-4.067,5.0,0.0,0.0,5,8,2024,0.01,6.4,4.057,125.97500000000072,3.4318154675274037
2024-08-06,RTNINDIA,72.7,74.8,71.0,71.54,2.889,-2.338,-1.596,2.889,2.338,2.338,6,8,2024,0.01,6.4,-0.02,125.95500000000072,3.4311291044338983
2024-08-07,RTNINDIA,72.9,74.75,72.29,74.56,2.538,-0.837,2.277,2.538,0.837,0.837,7,8,2024,0.01,6.4,-0.02,125.93500000000073,3.4304428786130114
2024-08-08,RTNINDIA,74.83,78.5,73.85,77.2,4.904,-1.31,3.167,4.904,1.31,1.31,8,8,2024,0.01,6.4,-0.02,125.91500000000073,3.4297567900372887
2024-08-09,RTNINDIA,78.0,81.3,77.63,80.02,4.231,-0.474,2.59,4.231,0.474,0.474,9,8,2024,0.01,6.4,-0.02,125.89500000000073,3.4290708386792814
2024-08-12,RTNINDIA,80.5,85.0,78.52,80.64,5.59,-2.46,0.174,5.59,2.46,2.46,12,8,2024,0.01,6.4,-0.02,125.87500000000074,3.4283850245115457
2024-08-13,RTNINDIA,89.48,92.1,79.1,80.41,2.928,-11.6,-10.136,11.6,2.928,2.928,13,8,2024,0.01,6.4,-0.02,125.85500000000074,3.4276993475066435
2024-08-14,RTNINDIA,82.45,85.4,81.52,83.56,3.578,-1.128,1.346,3.578,1.128,1.128,14,8,2024,0.01,6.4,-0.02,125.83500000000075,3.427013807637142
2024-08-16,RTNINDIA,86.24,86.24,79.5,79.83,0.0,-7.815,-7.433,7.815,0.0,0.0,16,8,2024,0.01,6.4,6.390000000000001,132.22500000000076,3.645999989945156
2024-08-19,RTNINDIA,80.6,83.3,78.36,81.75,3.35,-2.779,1.427,3.35,2.779,2.779,19,8,2024,0.01,6.4,-0.02,132.20500000000075,3.645270789947167
2024-08-20,RTNINDIA,82.0,82.22,79.01,79.92,0.268,-3.646,-2.537,3.646,0.268,0.268,20,8,2024,0.01,6.4,-0.02,132.18500000000074,3.6445417357891774
2024-08-21,RTNINDIA,80.4,82.89,80.0,81.84,3.097,-0.498,1.791,3.097,0.498,0.498,21,8,2024,0.01,6.4,-0.02,132.16500000000073,3.64381282744202
2024-08-22,RTNINDIA,82.45,84.8,81.8,82.62,2.85,-0.788,0.206,2.85,0.788,0.788,22,8,2024,0.01,6.4,-0.02,132.14500000000072,3.6430840648765317
2024-08-23,RTNINDIA,83.0,84.2,81.7,82.3,1.446,-1.566,-0.843,1.566,1.446,1.446,23,8,2024,0.01,6.4,-0.02,132.1250000000007,3.6423554480635563
2024-08-26,RTNINDIA,82.65,84.33,81.18,82.68,2.033,-1.779,0.036,2.033,1.779,1.779,26,8,2024,0.01,6.4,-0.02,132.1050000000007,3.6416269769739436
2024-08-27,RTNINDIA,83.0,83.44,81.5,81.67,0.53,-1.807,-1.602,1.807,0.53,0.53,27,8,2024,0.01,6.4,-0.02,132.0850000000007,3.640898651578549
2024-08-28,RTNINDIA,81.64,82.64,80.6,80.98,1.225,-1.274,-0.808,1.274,1.225,1.225,28,8,2024,0.01,6.4,-0.02,132.06500000000068,3.6401704718482333
2024-08-29,RTNINDIA,80.9,81.4,78.63,79.1,0.618,-2.806,-2.225,2.806,0.618,0.618,29,8,2024,0.01,6.4,-0.02,132.04500000000067,3.6394424377538637
2024-08-30,RTNINDIA,79.25,80.49,78.61,79.83,1.565,-0.808,0.732,1.565,0.808,0.808,30,8,2024,0.01,6.4,-0.02,132.02500000000066,3.638714549266313
2024-09-02,RTNINDIA,79.8,80.15,77.9,78.07,0.439,-2.381,-2.168,2.381,0.439,0.439,2,9,2024,0.01,6.4,-0.02,132.00500000000065,3.63798680635646
2024-09-03,RTNINDIA,78.78,79.45,77.9,78.89,0.85,-1.117,0.14,1.117,0.85,0.85,3,9,2024,0.01,6.4,-0.02,131.98500000000064,3.637259208995189
2024-09-04,RTNINDIA,78.8,83.0,78.01,82.35,5.33,-1.003,4.505,5.33,1.003,1.003,4,9,2024,0.01,6.4,-0.02,131.96500000000063,3.63653175715339
2024-09-05,RTNINDIA,83.0,84.4,79.42,80.02,1.687,-4.313,-3.59,4.313,1.687,1.687,5,9,2024,0.01,6.4,-0.02,131.94500000000062,3.635804450801959
2024-09-06,RTNINDIA,80.06,81.25,77.3,77.9,1.486,-3.447,-2.698,3.447,1.486,1.486,6,9,2024,0.01,6.4,-0.02,131.9250000000006,3.635077289911799
2024-09-09,RTNINDIA,79.0,79.11,76.83,78.26,0.139,-2.747,-0.937,2.747,0.139,0.139,9,9,2024,0.01,6.4,-0.02,131.9050000000006,3.6343502744538165
2024-09-10,RTNINDIA,79.0,79.85,77.82,78.11,1.076,-1.494,-1.127,1.494,1.076,1.076,10,9,2024,0.01,6.4,-0.02,131.8850000000006,3.633623404398926
2024-09-11,RTNINDIA,78.35,78.7,77.15,77.43,0.447,-1.532,-1.174,1.532,0.447,0.447,11,9,2024,0.01,6.4,-0.02,131.86500000000058,3.6328966797180464
2024-09-12,RTNINDIA,77.84,80.5,76.94,79.58,3.417,-1.156,2.235,3.417,1.156,1.156,12,9,2024,0.01,6.4,-0.02,131.84500000000057,3.632170100382103
2024-09-13,RTNINDIA,80.0,81.8,79.7,80.0,2.25,-0.375,0.0,2.25,0.375,0.375,13,9,2024,0.01,6.4,-0.02,131.82500000000056,3.6314436663620264
2024-09-16,RTNINDIA,81.07,83.9,80.51,81.66,3.491,-0.691,0.728,3.491,0.691,0.691,16,9,2024,0.01,6.4,-0.02,131.80500000000055,3.6307173776287542
2024-09-17,RTNINDIA,82.18,83.75,80.87,82.84,1.91,-1.594,0.803,1.91,1.594,1.594,17,9,2024,0.01,6.4,-0.02,131.78500000000054,3.6299912341532288
2024-09-18,RTNINDIA,84.1,84.7,81.4,81.66,0.713,-3.21,-2.901,3.21,0.713,0.713,18,9,2024,0.01,6.4,-0.02,131.76500000000053,3.629265235906398
2024-09-19,RTNINDIA,82.0,82.57,78.28,78.8,0.695,-4.537,-3.902,4.537,0.695,0.695,19,9,2024,0.01,6.4,-0.02,131.74500000000052,3.628539382859217
2024-09-20,RTNINDIA,79.46,80.99,79.16,80.52,1.925,-0.378,1.334,1.925,0.378,0.378,20,9,2024,0.01,6.4,-0.02,131.7250000000005,3.6278136749826455
