Date,Symbol,OpenPrice,HighPrice,LowPrice,ClosePrice,High%,Low%,Close%,target_wrt_h&l%,stoploss_wrt_h&l%,profit_decider,Day,Month,Year
2016-09-20,TATAMOTORS,555.0,556.3,545.5,548.45,0.234,-1.712,-1.18,1.712,0.234,0.234,20,9,2016
2016-09-21,TATAMOTORS,548.6,556.4,544.0,549.9,1.422,-0.838,0.237,1.422,0.838,0.838,21,9,2016
2016-09-22,TATAMOTORS,561.2,562.95,551.35,558.45,0.312,-1.755,-0.49,1.755,0.312,0.312,22,9,2016
2016-09-27,TATAMOTORS,537.7,542.0,530.25,531.95,0.8,-1.386,-1.069,1.386,0.8,0.8,27,9,2016
2016-09-28,TATAMOTORS,533.0,545.4,531.5,540.0,2.326,-0.281,1.313,2.326,0.281,0.281,28,9,2016
2016-09-29,TATAMOTORS,543.0,546.9,516.65,526.3,0.718,-4.853,-3.076,4.853,0.718,0.718,29,9,2016
2016-09-30,TATAMOTORS,525.6,536.55,521.2,534.85,2.083,-0.837,1.76,2.083,0.837,0.837,30,9,2016
2016-10-03,TATAMOTORS,539.4,546.0,539.0,540.8,1.224,-0.074,0.26,1.224,0.074,0.074,3,10,2016
2016-10-04,TATAMOTORS,547.4,552.4,540.65,549.95,0.913,-1.233,0.466,1.233,0.913,0.913,4,10,2016
2016-10-05,TATAMOTORS,555.3,562.4,549.75,559.65,1.279,-0.999,0.783,1.279,0.999,0.999,5,10,2016
2016-10-06,TATAMOTORS,563.1,564.2,549.1,551.45,0.195,-2.486,-2.069,2.486,0.195,0.195,6,10,2016
2016-10-07,TATAMOTORS,554.5,567.3,552.6,565.7,2.308,-0.343,2.02,2.308,0.343,0.343,7,10,2016
2016-10-14,TATAMOTORS,546.0,557.45,545.0,556.1,2.097,-0.183,1.85,2.097,0.183,0.183,14,10,2016
2016-10-19,TATAMOTORS,552.05,554.9,545.05,550.5,0.516,-1.268,-0.281,1.268,0.516,0.516,19,10,2016
2016-10-20,TATAMOTORS,553.05,554.0,546.0,546.85,0.172,-1.275,-1.121,1.275,0.172,0.172,20,10,2016
2016-10-21,TATAMOTORS,549.0,550.0,541.5,544.5,0.182,-1.366,-0.82,1.366,0.182,0.182,21,10,2016
2016-10-24,TATAMOTORS,544.0,564.0,543.55,559.8,3.676,-0.083,2.904,3.676,0.083,0.083,24,10,2016
2016-10-25,TATAMOTORS,549.85,561.0,549.1,553.8,2.028,-0.136,0.718,2.028,0.136,0.136,25,10,2016
2016-10-27,TATAMOTORS,515.6,525.75,510.75,522.0,1.969,-0.941,1.241,1.969,0.941,0.941,27,10,2016
2016-10-28,TATAMOTORS,527.0,539.95,525.1,537.0,2.457,-0.361,1.898,2.457,0.361,0.361,28,10,2016
2016-11-01,TATAMOTORS,534.4,537.9,525.05,530.6,0.655,-1.75,-0.711,1.75,0.655,0.655,1,11,2016
2016-11-02,TATAMOTORS,522.6,526.0,512.35,513.3,0.651,-1.961,-1.78,1.961,0.651,0.651,2,11,2016
2016-11-03,TATAMOTORS,509.8,521.45,505.2,510.2,2.285,-0.902,0.078,2.285,0.902,0.902,3,11,2016
2016-11-04,TATAMOTORS,509.25,516.35,501.6,512.3,1.394,-1.502,0.599,1.502,1.394,1.394,4,11,2016
2016-11-07,TATAMOTORS,513.0,521.3,505.05,506.35,1.618,-1.55,-1.296,1.618,1.55,1.55,7,11,2016
2016-11-08,TATAMOTORS,518.4,543.0,517.0,540.2,4.745,-0.27,4.205,4.745,0.27,0.27,8,11,2016
2016-11-09,TATAMOTORS,501.15,544.0,500.0,533.5,8.55,-0.229,6.455,8.55,0.229,0.229,9,11,2016
2016-11-10,TATAMOTORS,536.0,549.35,531.5,533.7,2.491,-0.84,-0.429,2.491,0.84,0.84,10,11,2016
2016-11-11,TATAMOTORS,526.5,530.0,505.0,507.3,0.665,-4.084,-3.647,4.084,0.665,0.665,11,11,2016
2016-11-16,TATAMOTORS,468.45,471.7,450.0,458.45,0.694,-3.939,-2.135,3.939,0.694,0.694,16,11,2016
2016-11-17,TATAMOTORS,460.0,476.0,459.65,472.85,3.478,-0.076,2.793,3.478,0.076,0.076,17,11,2016
2016-11-18,TATAMOTORS,469.9,473.85,461.85,471.25,0.841,-1.713,0.287,1.713,0.841,0.841,18,11,2016
2016-11-21,TATAMOTORS,468.0,472.8,451.5,456.95,1.026,-3.526,-2.361,3.526,1.026,1.026,21,11,2016
2016-11-22,TATAMOTORS,464.05,471.0,453.3,464.85,1.498,-2.317,0.172,2.317,1.498,1.498,22,11,2016
2016-11-23,TATAMOTORS,467.0,475.3,462.0,471.5,1.777,-1.071,0.964,1.777,1.071,1.071,23,11,2016
2016-11-25,TATAMOTORS,454.1,456.35,443.15,452.35,0.495,-2.411,-0.385,2.411,0.495,0.495,25,11,2016
2016-11-28,TATAMOTORS,451.25,460.0,450.5,454.7,1.939,-0.166,0.765,1.939,0.166,0.166,28,11,2016
2016-11-29,TATAMOTORS,455.0,466.3,451.35,459.85,2.484,-0.802,1.066,2.484,0.802,0.802,29,11,2016
2016-11-30,TATAMOTORS,460.0,463.8,455.1,459.3,0.826,-1.065,-0.152,1.065,0.826,0.826,30,11,2016
2016-12-01,TATAMOTORS,457.0,457.7,446.9,448.2,0.153,-2.21,-1.926,2.21,0.153,0.153,1,12,2016
2016-12-02,TATAMOTORS,445.0,453.5,431.15,432.9,1.91,-3.112,-2.719,3.112,1.91,1.91,2,12,2016
2016-12-05,TATAMOTORS,436.0,441.0,428.3,439.3,1.147,-1.766,0.757,1.766,1.147,1.147,5,12,2016
2016-12-06,TATAMOTORS,441.0,445.9,438.1,441.1,1.111,-0.658,0.023,1.111,0.658,0.658,6,12,2016
2016-12-07,TATAMOTORS,440.0,449.2,439.25,445.35,2.091,-0.17,1.216,2.091,0.17,0.17,7,12,2016
2016-12-09,TATAMOTORS,464.95,468.55,460.6,464.1,0.774,-0.936,-0.183,0.936,0.774,0.774,9,12,2016
2016-12-13,TATAMOTORS,476.8,486.25,462.25,470.65,1.982,-3.052,-1.29,3.052,1.982,1.982,13,12,2016
2016-12-14,TATAMOTORS,470.2,476.8,462.65,472.35,1.404,-1.606,0.457,1.606,1.404,1.404,14,12,2016
2016-12-15,TATAMOTORS,464.0,473.6,462.5,463.2,2.069,-0.323,-0.172,2.069,0.323,0.323,15,12,2016
2016-12-16,TATAMOTORS,465.0,474.9,464.2,473.15,2.129,-0.172,1.753,2.129,0.172,0.172,16,12,2016
2016-12-19,TATAMOTORS,470.9,478.55,465.5,471.8,1.625,-1.147,0.191,1.625,1.147,1.147,19,12,2016
2016-12-20,TATAMOTORS,473.0,475.0,469.1,473.15,0.423,-0.825,0.032,0.825,0.423,0.423,20,12,2016
2016-12-21,TATAMOTORS,473.5,474.5,467.1,468.5,0.211,-1.352,-1.056,1.352,0.211,0.211,21,12,2016
2016-12-22,TATAMOTORS,468.15,472.95,464.8,469.6,1.025,-0.716,0.31,1.025,0.716,0.716,22,12,2016
2016-12-23,TATAMOTORS,464.95,468.3,460.0,465.65,0.721,-1.065,0.151,1.065,0.721,0.721,23,12,2016
2016-12-27,TATAMOTORS,460.0,468.75,457.4,466.95,1.902,-0.565,1.511,1.902,0.565,0.565,27,12,2016
2016-12-28,TATAMOTORS,467.0,468.65,462.0,463.35,0.353,-1.071,-0.782,1.071,0.353,0.353,28,12,2016
2016-12-29,TATAMOTORS,462.75,472.7,459.35,470.9,2.15,-0.735,1.761,2.15,0.735,0.735,29,12,2016
2016-12-30,TATAMOTORS,471.0,475.0,467.5,472.0,0.849,-0.743,0.212,0.849,0.743,0.743,30,12,2016
2017-01-02,TATAMOTORS,472.0,488.7,469.05,487.05,3.538,-0.625,3.189,3.538,0.625,0.625,2,1,2017
2017-01-03,TATAMOTORS,491.0,492.7,479.9,481.1,0.346,-2.261,-2.016,2.261,0.346,0.346,3,1,2017
2017-01-04,TATAMOTORS,484.65,493.7,484.1,486.65,1.867,-0.113,0.413,1.867,0.113,0.113,4,1,2017
2017-01-05,TATAMOTORS,496.0,503.4,495.55,502.15,1.492,-0.091,1.24,1.492,0.091,0.091,5,1,2017
2017-01-06,TATAMOTORS,502.95,507.95,496.25,497.75,0.994,-1.332,-1.034,1.332,0.994,0.994,6,1,2017
2017-01-09,TATAMOTORS,499.4,504.6,492.15,500.15,1.041,-1.452,0.15,1.452,1.041,1.041,9,1,2017
2017-01-10,TATAMOTORS,506.55,518.0,505.95,516.25,2.26,-0.118,1.915,2.26,0.118,0.118,10,1,2017
2017-01-11,TATAMOTORS,520.25,523.95,517.15,519.25,0.711,-0.596,-0.192,0.711,0.596,0.596,11,1,2017
2017-01-12,TATAMOTORS,521.7,524.0,513.2,518.25,0.441,-1.629,-0.661,1.629,0.441,0.441,12,1,2017
2017-01-16,TATAMOTORS,518.65,529.45,517.0,526.4,2.082,-0.318,1.494,2.082,0.318,0.318,16,1,2017
2017-01-17,TATAMOTORS,528.1,530.8,521.0,523.7,0.511,-1.344,-0.833,1.344,0.511,0.511,17,1,2017
2017-01-18,TATAMOTORS,523.05,529.6,521.2,522.45,1.252,-0.354,-0.115,1.252,0.354,0.354,18,1,2017
2017-01-19,TATAMOTORS,523.0,535.6,522.7,531.45,2.409,-0.057,1.616,2.409,0.057,0.057,19,1,2017
2017-01-20,TATAMOTORS,527.4,529.3,521.25,523.2,0.36,-1.166,-0.796,1.166,0.36,0.36,20,1,2017
2017-01-23,TATAMOTORS,523.2,534.95,523.0,532.7,2.246,-0.038,1.816,2.246,0.038,0.038,23,1,2017
2017-01-24,TATAMOTORS,533.0,543.0,532.35,541.55,1.876,-0.122,1.604,1.876,0.122,0.122,24,1,2017
2017-01-25,TATAMOTORS,543.25,551.9,541.55,548.9,1.592,-0.313,1.04,1.592,0.313,0.313,25,1,2017
2017-01-27,TATAMOTORS,549.0,552.0,539.75,541.95,0.546,-1.685,-1.284,1.685,0.546,0.546,27,1,2017
2017-01-30,TATAMOTORS,542.0,543.5,530.8,532.3,0.277,-2.066,-1.79,2.066,0.277,0.277,30,1,2017
2017-01-31,TATAMOTORS,530.2,531.5,518.0,523.55,0.245,-2.301,-1.254,2.301,0.245,0.245,31,1,2017
2017-02-01,TATAMOTORS,527.5,544.5,522.9,542.25,3.223,-0.872,2.796,3.223,0.872,0.872,1,2,2017
2017-02-06,TATAMOTORS,527.9,531.45,523.2,525.85,0.672,-0.89,-0.388,0.89,0.672,0.672,6,2,2017
2017-02-08,TATAMOTORS,512.35,514.95,506.3,513.05,0.507,-1.181,0.137,1.181,0.507,0.507,8,2,2017
2017-02-09,TATAMOTORS,515.4,518.0,505.75,512.85,0.504,-1.872,-0.495,1.872,0.504,0.504,9,2,2017
2017-02-10,TATAMOTORS,513.0,514.8,506.5,509.55,0.351,-1.267,-0.673,1.267,0.351,0.351,10,2,2017
2017-02-14,TATAMOTORS,503.0,506.7,466.55,482.05,0.736,-7.247,-4.165,7.247,0.736,0.736,14,2,2017
2017-02-15,TATAMOTORS,449.05,453.0,434.35,436.45,0.88,-3.274,-2.806,3.274,0.88,0.88,15,2,2017
2017-02-16,TATAMOTORS,442.55,447.6,435.4,446.0,1.141,-1.616,0.78,1.616,1.141,1.141,16,2,2017
2017-02-17,TATAMOTORS,447.9,456.6,442.4,452.95,1.942,-1.228,1.127,1.942,1.228,1.228,17,2,2017
2017-02-20,TATAMOTORS,451.5,458.45,449.0,455.45,1.539,-0.554,0.875,1.539,0.554,0.554,20,2,2017
2017-02-21,TATAMOTORS,456.9,462.8,454.5,458.65,1.291,-0.525,0.383,1.291,0.525,0.525,21,2,2017
2017-02-22,TATAMOTORS,460.25,466.7,455.8,460.05,1.401,-0.967,-0.043,1.401,0.967,0.967,22,2,2017
2017-02-23,TATAMOTORS,464.0,464.7,457.25,462.35,0.151,-1.455,-0.356,1.455,0.151,0.151,23,2,2017
2017-03-02,TATAMOTORS,457.85,467.9,453.2,461.7,2.195,-1.016,0.841,2.195,1.016,1.016,2,3,2017
2017-03-03,TATAMOTORS,463.3,466.85,458.6,459.95,0.766,-1.014,-0.723,1.014,0.766,0.766,3,3,2017
2017-03-06,TATAMOTORS,462.5,472.7,462.1,470.8,2.205,-0.086,1.795,2.205,0.086,0.086,6,3,2017
2017-03-07,TATAMOTORS,469.5,475.9,466.05,467.55,1.363,-0.735,-0.415,1.363,0.735,0.735,7,3,2017
2017-03-08,TATAMOTORS,469.4,469.6,461.15,462.8,0.043,-1.758,-1.406,1.758,0.043,0.043,8,3,2017
2017-03-09,TATAMOTORS,462.45,469.7,462.0,467.6,1.568,-0.097,1.114,1.568,0.097,0.097,9,3,2017
2017-03-10,TATAMOTORS,471.0,471.85,465.1,469.1,0.18,-1.253,-0.403,1.253,0.18,0.18,10,3,2017
2017-03-14,TATAMOTORS,481.0,483.0,468.45,469.75,0.416,-2.609,-2.339,2.609,0.416,0.416,14,3,2017
2017-03-15,TATAMOTORS,475.0,476.55,470.65,473.45,0.326,-0.916,-0.326,0.916,0.326,0.326,15,3,2017
2017-03-16,TATAMOTORS,478.7,482.0,476.15,480.95,0.689,-0.533,0.47,0.689,0.533,0.533,16,3,2017
2017-03-17,TATAMOTORS,481.35,484.2,471.7,476.5,0.592,-2.005,-1.008,2.005,0.592,0.592,17,3,2017
2017-03-20,TATAMOTORS,476.55,478.2,470.75,476.0,0.346,-1.217,-0.115,1.217,0.346,0.346,20,3,2017
2017-03-21,TATAMOTORS,478.0,478.05,470.65,473.75,0.01,-1.538,-0.889,1.538,0.01,0.01,21,3,2017
2017-03-24,TATAMOTORS,470.75,474.8,467.55,470.4,0.86,-0.68,-0.074,0.86,0.68,0.68,24,3,2017
2017-03-27,TATAMOTORS,469.0,469.15,462.1,464.75,0.032,-1.471,-0.906,1.471,0.032,0.032,27,3,2017
2017-03-29,TATAMOTORS,474.9,475.0,463.6,469.05,0.021,-2.379,-1.232,2.379,0.021,0.021,29,3,2017
2017-03-30,TATAMOTORS,463.5,469.8,462.85,468.4,1.359,-0.14,1.057,1.359,0.14,0.14,30,3,2017
2017-03-31,TATAMOTORS,466.5,472.5,464.5,465.85,1.286,-0.429,-0.139,1.286,0.429,0.429,31,3,2017
2017-04-03,TATAMOTORS,468.25,472.3,467.6,470.4,0.865,-0.139,0.459,0.865,0.139,0.139,3,4,2017
2017-04-05,TATAMOTORS,470.4,475.0,467.25,473.5,0.978,-0.67,0.659,0.978,0.67,0.67,5,4,2017
2017-04-06,TATAMOTORS,474.3,478.5,470.6,473.2,0.886,-0.78,-0.232,0.886,0.78,0.78,6,4,2017
2017-04-07,TATAMOTORS,468.45,480.55,466.65,468.3,2.583,-0.384,-0.032,2.583,0.384,0.384,7,4,2017
2017-04-10,TATAMOTORS,471.65,478.3,467.55,474.9,1.41,-0.869,0.689,1.41,0.869,0.869,10,4,2017
2017-04-11,TATAMOTORS,477.9,478.35,471.1,472.25,0.094,-1.423,-1.182,1.423,0.094,0.094,11,4,2017
2017-04-12,TATAMOTORS,468.7,471.55,461.6,464.55,0.608,-1.515,-0.885,1.515,0.608,0.608,12,4,2017
2017-04-13,TATAMOTORS,461.85,463.35,451.2,453.35,0.325,-2.306,-1.84,2.306,0.325,0.325,13,4,2017
2017-04-17,TATAMOTORS,452.0,455.7,447.3,449.2,0.819,-1.04,-0.619,1.04,0.819,0.819,17,4,2017
2017-04-18,TATAMOTORS,452.0,455.75,442.5,443.7,0.83,-2.102,-1.836,2.102,0.83,0.83,18,4,2017
2017-04-19,TATAMOTORS,443.0,449.5,438.3,443.05,1.467,-1.061,0.011,1.467,1.061,1.061,19,4,2017
2017-04-21,TATAMOTORS,446.75,448.45,437.6,440.6,0.381,-2.048,-1.377,2.048,0.381,0.381,21,4,2017
2017-04-24,TATAMOTORS,439.8,449.0,438.75,443.85,2.092,-0.239,0.921,2.092,0.239,0.239,24,4,2017
2017-04-25,TATAMOTORS,445.85,447.75,443.3,445.65,0.426,-0.572,-0.045,0.572,0.426,0.426,25,4,2017
2017-04-26,TATAMOTORS,446.0,454.4,445.5,450.8,1.883,-0.112,1.076,1.883,0.112,0.112,26,4,2017
2017-04-27,TATAMOTORS,455.0,460.9,452.7,455.35,1.297,-0.505,0.077,1.297,0.505,0.505,27,4,2017
2017-04-28,TATAMOTORS,457.1,462.0,454.4,458.9,1.072,-0.591,0.394,1.072,0.591,0.591,28,4,2017
2017-05-02,TATAMOTORS,456.6,457.2,448.55,451.25,0.131,-1.763,-1.172,1.763,0.131,0.131,2,5,2017
2017-05-03,TATAMOTORS,451.35,456.0,444.65,446.6,1.03,-1.484,-1.052,1.484,1.03,1.03,3,5,2017
2017-05-04,TATAMOTORS,446.65,448.1,435.15,436.5,0.325,-2.575,-2.272,2.575,0.325,0.325,4,5,2017
2017-05-08,TATAMOTORS,424.75,428.7,417.25,422.65,0.93,-1.766,-0.494,1.766,0.93,0.93,8,5,2017
2017-05-09,TATAMOTORS,424.75,428.8,422.7,426.8,0.954,-0.483,0.483,0.954,0.483,0.483,9,5,2017
2017-05-10,TATAMOTORS,427.8,433.0,424.0,432.3,1.216,-0.888,1.052,1.216,0.888,0.888,10,5,2017
2017-05-11,TATAMOTORS,434.0,434.5,425.4,427.45,0.115,-1.982,-1.509,1.982,0.115,0.115,11,5,2017
2017-05-12,TATAMOTORS,429.65,433.8,427.45,430.85,0.966,-0.512,0.279,0.966,0.512,0.512,12,5,2017
2017-05-17,TATAMOTORS,436.5,452.5,435.1,449.1,3.666,-0.321,2.887,3.666,0.321,0.321,17,5,2017
2017-05-18,TATAMOTORS,442.0,448.7,436.0,437.95,1.516,-1.357,-0.916,1.516,1.357,1.357,18,5,2017
2017-05-19,TATAMOTORS,439.0,444.95,434.6,443.35,1.355,-1.002,0.991,1.355,1.002,1.002,19,5,2017
2017-05-22,TATAMOTORS,446.0,452.75,442.6,449.65,1.513,-0.762,0.818,1.513,0.762,0.762,22,5,2017
2017-05-23,TATAMOTORS,451.45,456.45,444.3,450.5,1.108,-1.584,-0.21,1.584,1.108,1.108,23,5,2017
2017-05-24,TATAMOTORS,470.0,473.35,458.1,469.55,0.713,-2.532,-0.096,2.532,0.713,0.713,24,5,2017
2017-05-25,TATAMOTORS,470.0,479.0,464.7,476.0,1.915,-1.128,1.277,1.915,1.128,1.128,25,5,2017
2017-05-26,TATAMOTORS,474.1,488.25,473.5,481.1,2.985,-0.127,1.476,2.985,0.127,0.127,26,5,2017
2017-05-29,TATAMOTORS,482.5,485.0,471.8,481.5,0.518,-2.218,-0.207,2.218,0.518,0.518,29,5,2017
2017-05-30,TATAMOTORS,482.7,487.0,480.0,481.3,0.891,-0.559,-0.29,0.891,0.559,0.559,30,5,2017
2017-05-31,TATAMOTORS,482.3,483.0,474.8,476.15,0.145,-1.555,-1.275,1.555,0.145,0.145,31,5,2017
2017-06-01,TATAMOTORS,476.95,479.7,473.55,476.65,0.577,-0.713,-0.063,0.713,0.577,0.577,1,6,2017
2017-06-02,TATAMOTORS,480.0,485.95,477.7,478.75,1.24,-0.479,-0.26,1.24,0.479,0.479,2,6,2017
2017-06-05,TATAMOTORS,478.3,481.9,475.2,478.15,0.753,-0.648,-0.031,0.753,0.648,0.648,5,6,2017
2017-06-06,TATAMOTORS,482.9,484.35,457.6,461.0,0.3,-5.239,-4.535,5.239,0.3,0.3,6,6,2017
2017-06-07,TATAMOTORS,462.55,463.65,453.5,458.0,0.238,-1.957,-0.984,1.957,0.238,0.238,7,6,2017
2017-06-08,TATAMOTORS,459.5,463.45,457.35,460.8,0.86,-0.468,0.283,0.86,0.468,0.468,8,6,2017
2017-06-09,TATAMOTORS,459.95,468.0,455.0,467.1,1.75,-1.076,1.555,1.75,1.076,1.076,9,6,2017
2017-06-12,TATAMOTORS,463.75,465.25,455.2,456.25,0.323,-1.844,-1.617,1.844,0.323,0.323,12,6,2017
2017-06-13,TATAMOTORS,457.15,458.75,448.0,449.55,0.35,-2.002,-1.662,2.002,0.35,0.35,13,6,2017
2017-06-14,TATAMOTORS,450.8,453.4,447.05,451.95,0.577,-0.832,0.255,0.832,0.577,0.577,14,6,2017
2017-06-15,TATAMOTORS,452.0,457.85,446.95,448.3,1.294,-1.117,-0.819,1.294,1.117,1.117,15,6,2017
2017-06-16,TATAMOTORS,454.7,458.4,452.0,455.75,0.814,-0.594,0.231,0.814,0.594,0.594,16,6,2017
2017-06-19,TATAMOTORS,453.8,456.4,450.5,452.35,0.573,-0.727,-0.32,0.727,0.573,0.573,19,6,2017
2017-06-20,TATAMOTORS,457.0,470.75,456.0,467.4,3.009,-0.219,2.276,3.009,0.219,0.219,20,6,2017
2017-06-22,TATAMOTORS,458.85,463.0,451.6,452.7,0.904,-1.58,-1.34,1.58,0.904,0.904,22,6,2017
2017-06-23,TATAMOTORS,454.0,456.5,442.4,443.15,0.551,-2.555,-2.39,2.555,0.551,0.551,23,6,2017
2017-06-27,TATAMOTORS,443.8,444.5,434.4,442.3,0.158,-2.118,-0.338,2.118,0.158,0.158,27,6,2017
2017-06-28,TATAMOTORS,443.9,446.8,440.15,442.5,0.653,-0.845,-0.315,0.845,0.653,0.653,28,6,2017
2017-06-29,TATAMOTORS,444.5,446.25,434.0,435.6,0.394,-2.362,-2.002,2.362,0.394,0.394,29,6,2017
2017-06-30,TATAMOTORS,433.9,435.6,428.05,432.55,0.392,-1.348,-0.311,1.348,0.392,0.392,30,6,2017
2017-07-03,TATAMOTORS,431.5,434.7,426.25,430.25,0.742,-1.217,-0.29,1.217,0.742,0.742,3,7,2017
2017-07-04,TATAMOTORS,434.2,436.4,426.0,426.9,0.507,-1.889,-1.681,1.889,0.507,0.507,4,7,2017
2017-07-05,TATAMOTORS,428.9,433.95,427.4,431.75,1.177,-0.35,0.664,1.177,0.35,0.35,5,7,2017
2017-07-06,TATAMOTORS,435.4,438.8,433.8,437.1,0.781,-0.367,0.39,0.781,0.367,0.367,6,7,2017
2017-07-07,TATAMOTORS,434.45,441.45,432.25,436.85,1.611,-0.506,0.552,1.611,0.506,0.506,7,7,2017
2017-07-11,TATAMOTORS,452.0,462.3,451.0,456.95,2.279,-0.221,1.095,2.279,0.221,0.221,11,7,2017
2017-07-12,TATAMOTORS,461.0,463.8,456.6,461.0,0.607,-0.954,0.0,0.954,0.607,0.607,12,7,2017
2017-07-17,TATAMOTORS,455.0,458.35,453.25,454.15,0.736,-0.385,-0.187,0.736,0.385,0.385,17,7,2017
2017-07-20,TATAMOTORS,463.5,464.35,457.35,460.15,0.183,-1.327,-0.723,1.327,0.183,0.183,20,7,2017
2017-07-21,TATAMOTORS,460.0,465.9,457.6,464.6,1.283,-0.522,1.0,1.283,0.522,0.522,21,7,2017
2017-07-24,TATAMOTORS,464.95,468.35,461.0,464.0,0.731,-0.85,-0.204,0.85,0.731,0.731,24,7,2017
2017-07-25,TATAMOTORS,462.15,464.7,454.7,456.1,0.552,-1.612,-1.309,1.612,0.552,0.552,25,7,2017
2017-07-26,TATAMOTORS,457.2,458.7,455.0,457.3,0.328,-0.481,0.022,0.481,0.328,0.328,26,7,2017
2017-07-27,TATAMOTORS,459.0,460.95,440.3,445.4,0.425,-4.074,-2.963,4.074,0.425,0.425,27,7,2017
2017-07-28,TATAMOTORS,444.6,447.45,442.45,445.85,0.641,-0.484,0.281,0.641,0.484,0.484,28,7,2017
2017-07-31,TATAMOTORS,446.25,449.7,443.7,444.6,0.773,-0.571,-0.37,0.773,0.571,0.571,31,7,2017
2017-08-01,TATAMOTORS,446.55,452.35,445.7,446.9,1.299,-0.19,0.078,1.299,0.19,0.19,1,8,2017
2017-08-02,TATAMOTORS,449.5,449.95,438.15,440.35,0.1,-2.525,-2.036,2.525,0.1,0.1,2,8,2017
2017-08-03,TATAMOTORS,441.0,441.5,429.6,431.45,0.113,-2.585,-2.166,2.585,0.113,0.113,3,8,2017
2017-08-04,TATAMOTORS,435.1,438.75,433.45,435.6,0.839,-0.379,0.115,0.839,0.379,0.379,4,8,2017
2017-08-07,TATAMOTORS,438.6,439.8,425.3,430.0,0.274,-3.032,-1.961,3.032,0.274,0.274,7,8,2017
2017-08-08,TATAMOTORS,432.0,435.5,426.0,430.0,0.81,-1.389,-0.463,1.389,0.81,0.81,8,8,2017
2017-08-09,TATAMOTORS,428.8,429.9,415.0,416.05,0.257,-3.218,-2.973,3.218,0.257,0.257,9,8,2017
2017-08-10,TATAMOTORS,401.0,403.6,375.25,380.2,0.648,-6.421,-5.187,6.421,0.648,0.648,10,8,2017
2017-08-11,TATAMOTORS,376.0,379.1,358.5,374.5,0.824,-4.654,-0.399,4.654,0.824,0.824,11,8,2017
2017-08-14,TATAMOTORS,380.0,381.8,372.6,375.4,0.474,-1.947,-1.211,1.947,0.474,0.474,14,8,2017
2017-08-16,TATAMOTORS,379.45,390.7,375.5,389.25,2.965,-1.041,2.583,2.965,1.041,1.041,16,8,2017
2017-08-18,TATAMOTORS,381.75,383.0,377.0,380.4,0.327,-1.244,-0.354,1.244,0.327,0.327,18,8,2017
2017-08-21,TATAMOTORS,382.0,382.55,371.3,374.35,0.144,-2.801,-2.003,2.801,0.144,0.144,21,8,2017
2017-08-22,TATAMOTORS,378.8,379.95,372.25,373.6,0.304,-1.729,-1.373,1.729,0.304,0.304,22,8,2017
2017-08-23,TATAMOTORS,376.0,381.15,373.35,379.95,1.37,-0.705,1.051,1.37,0.705,0.705,23,8,2017
2017-08-28,TATAMOTORS,385.85,387.4,378.3,379.3,0.402,-1.957,-1.698,1.957,0.402,0.402,28,8,2017
2017-08-29,TATAMOTORS,379.0,382.35,374.45,376.1,0.884,-1.201,-0.765,1.201,0.884,0.884,29,8,2017
2017-08-30,TATAMOTORS,380.85,382.75,377.45,378.5,0.499,-0.893,-0.617,0.893,0.499,0.499,30,8,2017
2017-08-31,TATAMOTORS,380.05,380.45,375.8,376.55,0.105,-1.118,-0.921,1.118,0.105,0.105,31,8,2017
2017-09-01,TATAMOTORS,379.35,392.85,378.65,390.85,3.559,-0.185,3.032,3.559,0.185,0.185,1,9,2017
2017-09-04,TATAMOTORS,393.0,396.05,380.5,383.4,0.776,-3.181,-2.443,3.181,0.776,0.776,4,9,2017
2017-09-05,TATAMOTORS,385.7,389.5,383.4,388.15,0.985,-0.596,0.635,0.985,0.596,0.596,5,9,2017
2017-09-06,TATAMOTORS,385.0,386.7,381.85,382.7,0.442,-0.818,-0.597,0.818,0.442,0.442,6,9,2017
2017-09-07,TATAMOTORS,383.7,384.4,376.0,378.15,0.182,-2.007,-1.446,2.007,0.182,0.182,7,9,2017
2017-09-08,TATAMOTORS,381.0,381.8,374.05,375.05,0.21,-1.824,-1.562,1.824,0.21,0.21,8,9,2017
2017-09-12,TATAMOTORS,378.7,390.0,375.5,388.25,2.984,-0.845,2.522,2.984,0.845,0.845,12,9,2017
2017-09-13,TATAMOTORS,391.0,393.95,387.2,389.65,0.754,-0.972,-0.345,0.972,0.754,0.754,13,9,2017
2017-09-14,TATAMOTORS,390.75,406.6,390.25,404.4,4.056,-0.128,3.493,4.056,0.128,0.128,14,9,2017
2017-09-15,TATAMOTORS,402.85,406.75,400.0,401.75,0.968,-0.707,-0.273,0.968,0.707,0.707,15,9,2017
2017-09-18,TATAMOTORS,411.85,413.0,403.2,404.95,0.279,-2.1,-1.675,2.1,0.279,0.279,18,9,2017
2017-09-19,TATAMOTORS,415.0,427.7,414.0,423.65,3.06,-0.241,2.084,3.06,0.241,0.241,19,9,2017
2017-09-21,TATAMOTORS,415.4,418.45,408.8,413.65,0.734,-1.589,-0.421,1.589,0.734,0.734,21,9,2017
2017-09-22,TATAMOTORS,414.0,422.15,408.85,411.8,1.969,-1.244,-0.531,1.969,1.244,1.244,22,9,2017
2017-09-25,TATAMOTORS,413.65,415.3,404.6,408.2,0.399,-2.188,-1.318,2.188,0.399,0.399,25,9,2017
2017-09-26,TATAMOTORS,409.4,413.9,403.3,411.25,1.099,-1.49,0.452,1.49,1.099,1.099,26,9,2017
2017-09-27,TATAMOTORS,413.5,414.25,402.0,404.9,0.181,-2.781,-2.08,2.781,0.181,0.181,27,9,2017
2017-09-29,TATAMOTORS,401.4,405.0,397.4,401.5,0.897,-0.997,0.025,0.997,0.897,0.897,29,9,2017
2017-10-04,TATAMOTORS,417.55,426.0,412.7,423.55,2.024,-1.162,1.437,2.024,1.162,1.162,4,10,2017
2017-10-05,TATAMOTORS,423.0,425.8,420.1,423.3,0.662,-0.686,0.071,0.686,0.662,0.662,5,10,2017
2017-10-06,TATAMOTORS,422.0,426.0,416.2,424.85,0.948,-1.374,0.675,1.374,0.948,0.948,6,10,2017
2017-10-09,TATAMOTORS,424.0,432.1,423.05,425.6,1.91,-0.224,0.377,1.91,0.224,0.224,9,10,2017
2017-10-10,TATAMOTORS,425.6,428.9,421.4,423.6,0.775,-0.987,-0.47,0.987,0.775,0.775,10,10,2017
2017-10-12,TATAMOTORS,415.5,421.8,409.35,420.15,1.516,-1.48,1.119,1.516,1.48,1.48,12,10,2017
2017-10-13,TATAMOTORS,421.0,429.3,418.9,424.8,1.971,-0.499,0.903,1.971,0.499,0.499,13,10,2017
2017-10-16,TATAMOTORS,426.3,438.0,425.85,437.05,2.745,-0.106,2.522,2.745,0.106,0.106,16,10,2017
2017-10-18,TATAMOTORS,432.25,437.3,426.6,433.2,1.168,-1.307,0.22,1.307,1.168,1.168,18,10,2017
2017-10-19,TATAMOTORS,433.0,433.1,424.25,426.95,0.023,-2.021,-1.397,2.021,0.023,0.023,19,10,2017
2017-10-23,TATAMOTORS,429.1,430.85,421.0,422.75,0.408,-1.888,-1.48,1.888,0.408,0.408,23,10,2017
2017-10-24,TATAMOTORS,422.75,423.8,415.05,416.05,0.248,-1.821,-1.585,1.821,0.248,0.248,24,10,2017
2017-10-25,TATAMOTORS,421.0,424.4,415.1,421.95,0.808,-1.401,0.226,1.401,0.808,0.808,25,10,2017
2017-10-26,TATAMOTORS,421.7,422.4,417.0,419.4,0.166,-1.115,-0.545,1.115,0.166,0.166,26,10,2017
2017-11-01,TATAMOTORS,430.95,439.95,428.45,437.75,2.088,-0.58,1.578,2.088,0.58,0.58,1,11,2017
2017-11-02,TATAMOTORS,435.7,440.4,429.9,434.9,1.079,-1.331,-0.184,1.331,1.079,1.079,2,11,2017
2017-11-03,TATAMOTORS,434.0,449.35,432.65,447.7,3.537,-0.311,3.157,3.537,0.311,0.311,3,11,2017
2017-11-06,TATAMOTORS,445.75,468.0,443.55,462.9,4.992,-0.494,3.847,4.992,0.494,0.494,6,11,2017
2017-11-07,TATAMOTORS,458.2,465.9,450.05,451.85,1.68,-1.779,-1.386,1.779,1.68,1.68,7,11,2017
2017-11-08,TATAMOTORS,448.0,455.0,431.3,438.2,1.562,-3.728,-2.188,3.728,1.562,1.562,8,11,2017
2017-11-09,TATAMOTORS,442.1,450.9,425.65,440.15,1.99,-3.721,-0.441,3.721,1.99,1.99,9,11,2017
2017-11-13,TATAMOTORS,423.0,427.5,416.1,418.1,1.064,-1.631,-1.158,1.631,1.064,1.064,13,11,2017
2017-11-14,TATAMOTORS,418.55,421.85,410.65,414.3,0.788,-1.887,-1.015,1.887,0.788,0.788,14,11,2017
2017-11-15,TATAMOTORS,414.3,417.55,407.0,408.65,0.784,-1.762,-1.364,1.762,0.784,0.784,15,11,2017
2017-11-17,TATAMOTORS,419.45,423.45,417.0,421.8,0.954,-0.584,0.56,0.954,0.584,0.584,17,11,2017
2017-11-20,TATAMOTORS,421.0,425.7,420.1,423.0,1.116,-0.214,0.475,1.116,0.214,0.214,20,11,2017
2017-11-21,TATAMOTORS,424.45,430.0,422.5,424.25,1.308,-0.459,-0.047,1.308,0.459,0.459,21,11,2017
2017-11-22,TATAMOTORS,425.45,433.0,424.5,428.6,1.775,-0.223,0.74,1.775,0.223,0.223,22,11,2017
2017-11-23,TATAMOTORS,428.6,431.05,422.45,426.25,0.572,-1.435,-0.548,1.435,0.572,0.572,23,11,2017
2017-11-24,TATAMOTORS,427.0,429.95,424.25,425.5,0.691,-0.644,-0.351,0.691,0.644,0.644,24,11,2017
2017-11-27,TATAMOTORS,423.0,424.75,417.8,421.4,0.414,-1.229,-0.378,1.229,0.414,0.414,27,11,2017
2017-11-28,TATAMOTORS,419.8,422.25,414.5,415.95,0.584,-1.263,-0.917,1.263,0.584,0.584,28,11,2017
2017-11-29,TATAMOTORS,415.9,419.45,412.05,413.95,0.854,-0.926,-0.469,0.926,0.854,0.854,29,11,2017
2017-11-30,TATAMOTORS,410.4,412.25,402.25,404.15,0.451,-1.986,-1.523,1.986,0.451,0.451,30,11,2017
2017-12-01,TATAMOTORS,407.9,410.25,396.5,398.9,0.576,-2.795,-2.206,2.795,0.576,0.576,1,12,2017
2017-12-04,TATAMOTORS,405.8,411.25,401.7,403.65,1.343,-1.01,-0.53,1.343,1.01,1.01,4,12,2017
2017-12-05,TATAMOTORS,404.55,405.5,396.55,402.25,0.235,-1.978,-0.569,1.978,0.235,0.235,5,12,2017
2017-12-06,TATAMOTORS,400.2,404.0,395.0,397.05,0.95,-1.299,-0.787,1.299,0.95,0.95,6,12,2017
2017-12-07,TATAMOTORS,398.0,405.3,397.15,402.0,1.834,-0.214,1.005,1.834,0.214,0.214,7,12,2017
2017-12-11,TATAMOTORS,412.0,415.2,409.05,410.15,0.777,-0.716,-0.449,0.777,0.716,0.716,11,12,2017
2017-12-12,TATAMOTORS,411.55,415.5,405.95,406.85,0.96,-1.361,-1.142,1.361,0.96,0.96,12,12,2017
2017-12-13,TATAMOTORS,407.0,409.85,400.0,401.95,0.7,-1.72,-1.241,1.72,0.7,0.7,13,12,2017
2017-12-14,TATAMOTORS,404.0,404.55,398.2,402.4,0.136,-1.436,-0.396,1.436,0.136,0.136,14,12,2017
2017-12-15,TATAMOTORS,406.5,409.0,404.2,405.1,0.615,-0.566,-0.344,0.615,0.566,0.566,15,12,2017
2017-12-18,TATAMOTORS,399.0,409.9,389.3,405.8,2.732,-2.431,1.704,2.732,2.431,2.431,18,12,2017
2017-12-20,TATAMOTORS,421.95,427.75,419.25,422.6,1.375,-0.64,0.154,1.375,0.64,0.64,20,12,2017
2017-12-21,TATAMOTORS,424.0,426.05,419.55,420.8,0.483,-1.05,-0.755,1.05,0.483,0.483,21,12,2017
2017-12-22,TATAMOTORS,422.05,426.4,420.9,422.0,1.031,-0.272,-0.012,1.031,0.272,0.272,22,12,2017
2017-12-26,TATAMOTORS,422.0,425.15,421.15,424.2,0.746,-0.201,0.521,0.746,0.201,0.201,26,12,2017
2017-12-27,TATAMOTORS,423.5,428.45,420.3,422.45,1.169,-0.756,-0.248,1.169,0.756,0.756,27,12,2017
2017-12-28,TATAMOTORS,423.5,423.7,416.0,418.6,0.047,-1.771,-1.157,1.771,0.047,0.047,28,12,2017
2017-12-29,TATAMOTORS,418.0,433.45,417.15,431.85,3.696,-0.203,3.313,3.696,0.203,0.203,29,12,2017
2018-01-01,TATAMOTORS,430.95,436.4,422.25,424.45,1.265,-2.019,-1.508,2.019,1.265,1.265,1,1,2018
2018-01-02,TATAMOTORS,428.85,440.85,422.0,439.3,2.798,-1.597,2.437,2.798,1.597,1.597,2,1,2018
2018-01-03,TATAMOTORS,440.4,441.4,431.95,433.9,0.227,-1.919,-1.476,1.919,0.227,0.227,3,1,2018
2018-01-04,TATAMOTORS,430.0,433.3,425.75,429.95,0.767,-0.988,-0.012,0.988,0.767,0.767,4,1,2018
2018-01-05,TATAMOTORS,431.25,436.35,429.8,431.6,1.183,-0.336,0.081,1.183,0.336,0.336,5,1,2018
2018-01-08,TATAMOTORS,432.0,436.2,431.65,433.55,0.972,-0.081,0.359,0.972,0.081,0.081,8,1,2018
2018-01-09,TATAMOTORS,434.25,443.5,433.0,437.55,2.13,-0.288,0.76,2.13,0.288,0.288,9,1,2018
2018-01-10,TATAMOTORS,438.0,439.3,431.3,433.3,0.297,-1.53,-1.073,1.53,0.297,0.297,10,1,2018
2018-01-11,TATAMOTORS,433.5,437.6,432.9,434.75,0.946,-0.138,0.288,0.946,0.138,0.138,11,1,2018
2018-01-12,TATAMOTORS,437.0,441.45,432.1,437.1,1.018,-1.121,0.023,1.121,1.018,1.018,12,1,2018
2018-01-15,TATAMOTORS,438.05,440.05,431.05,432.35,0.457,-1.598,-1.301,1.598,0.457,0.457,15,1,2018
2018-01-16,TATAMOTORS,433.0,435.2,419.5,421.9,0.508,-3.118,-2.564,3.118,0.508,0.508,16,1,2018
2018-01-17,TATAMOTORS,422.05,424.5,410.1,422.95,0.58,-2.831,0.213,2.831,0.58,0.58,17,1,2018
2018-01-18,TATAMOTORS,424.0,428.3,414.45,418.95,1.014,-2.252,-1.191,2.252,1.014,1.014,18,1,2018
2018-01-19,TATAMOTORS,415.2,421.95,415.05,418.05,1.626,-0.036,0.686,1.626,0.036,0.036,19,1,2018
2018-01-22,TATAMOTORS,419.05,424.4,418.45,421.9,1.277,-0.143,0.68,1.277,0.143,0.143,22,1,2018
2018-01-24,TATAMOTORS,416.0,416.25,402.65,403.6,0.06,-3.209,-2.981,3.209,0.06,0.06,24,1,2018
2018-01-25,TATAMOTORS,403.45,407.65,398.0,400.3,1.041,-1.351,-0.781,1.351,1.041,1.041,25,1,2018
2018-01-29,TATAMOTORS,402.5,405.9,398.1,399.25,0.845,-1.093,-0.807,1.093,0.845,0.845,29,1,2018
2018-01-30,TATAMOTORS,400.0,402.3,395.0,395.85,0.575,-1.25,-1.037,1.25,0.575,0.575,30,1,2018
2018-01-31,TATAMOTORS,395.5,400.95,395.25,399.5,1.378,-0.063,1.011,1.378,0.063,0.063,31,1,2018
2018-02-01,TATAMOTORS,399.9,403.8,390.55,393.65,0.975,-2.338,-1.563,2.338,0.975,0.975,1,2,2018
2018-02-02,TATAMOTORS,392.0,397.4,381.3,383.75,1.378,-2.73,-2.105,2.73,1.378,1.378,2,2,2018
2018-02-05,TATAMOTORS,381.0,398.0,380.0,395.8,4.462,-0.262,3.885,4.462,0.262,0.262,5,2,2018
2018-02-06,TATAMOTORS,363.0,379.85,356.5,375.45,4.642,-1.791,3.43,4.642,1.791,1.791,6,2,2018
2018-02-07,TATAMOTORS,380.4,385.4,375.2,377.8,1.314,-1.367,-0.683,1.367,1.314,1.314,7,2,2018
2018-02-08,TATAMOTORS,379.9,380.0,372.2,374.85,0.026,-2.027,-1.329,2.027,0.026,0.026,8,2,2018
2018-02-09,TATAMOTORS,369.9,373.2,368.0,368.75,0.892,-0.514,-0.311,0.892,0.514,0.514,9,2,2018
2018-02-12,TATAMOTORS,373.4,376.2,370.2,371.8,0.75,-0.857,-0.428,0.857,0.75,0.75,12,2,2018
2018-02-14,TATAMOTORS,372.9,382.3,370.6,376.85,2.521,-0.617,1.059,2.521,0.617,0.617,14,2,2018
2018-02-15,TATAMOTORS,379.8,382.2,373.1,375.8,0.632,-1.764,-1.053,1.764,0.632,0.632,15,2,2018
2018-02-16,TATAMOTORS,378.0,379.4,367.6,370.75,0.37,-2.751,-1.918,2.751,0.37,0.37,16,2,2018
2018-02-19,TATAMOTORS,373.7,374.7,362.8,368.75,0.268,-2.917,-1.325,2.917,0.268,0.268,19,2,2018
2018-02-20,TATAMOTORS,370.35,370.9,366.5,369.3,0.149,-1.04,-0.284,1.04,0.149,0.149,20,2,2018
2018-02-23,TATAMOTORS,360.1,364.6,358.75,360.2,1.25,-0.375,0.028,1.25,0.375,0.375,23,2,2018
2018-02-27,TATAMOTORS,375.0,376.6,370.35,372.55,0.427,-1.24,-0.653,1.24,0.427,0.427,27,2,2018
2018-02-28,TATAMOTORS,370.0,373.65,367.15,369.9,0.986,-0.77,-0.027,0.986,0.77,0.77,28,2,2018
2018-03-01,TATAMOTORS,369.75,376.3,369.05,370.75,1.771,-0.189,0.27,1.771,0.189,0.189,1,3,2018
2018-03-06,TATAMOTORS,355.15,357.95,345.0,346.5,0.788,-2.858,-2.436,2.858,0.788,0.788,6,3,2018
2018-03-07,TATAMOTORS,345.0,355.3,343.25,347.8,2.986,-0.507,0.812,2.986,0.507,0.507,7,3,2018
2018-03-08,TATAMOTORS,350.8,351.9,341.05,345.15,0.314,-2.779,-1.611,2.779,0.314,0.314,8,3,2018
2018-03-09,TATAMOTORS,345.55,348.7,340.15,341.5,0.912,-1.563,-1.172,1.563,0.912,0.912,9,3,2018
2018-03-12,TATAMOTORS,345.0,353.8,340.35,352.6,2.551,-1.348,2.203,2.551,1.348,1.348,12,3,2018
2018-03-13,TATAMOTORS,352.6,356.45,350.0,353.15,1.092,-0.737,0.156,1.092,0.737,0.737,13,3,2018
2018-03-14,TATAMOTORS,351.0,354.9,349.6,354.05,1.111,-0.399,0.869,1.111,0.399,0.399,14,3,2018
2018-03-15,TATAMOTORS,354.05,358.4,351.1,353.1,1.229,-0.833,-0.268,1.229,0.833,0.833,15,3,2018
2018-03-16,TATAMOTORS,352.05,352.6,338.4,339.75,0.156,-3.877,-3.494,3.877,0.156,0.156,16,3,2018
2018-03-19,TATAMOTORS,341.2,342.1,332.55,335.7,0.264,-2.535,-1.612,2.535,0.264,0.264,19,3,2018
2018-03-20,TATAMOTORS,335.5,340.4,333.55,338.8,1.461,-0.581,0.984,1.461,0.581,0.581,20,3,2018
2018-03-21,TATAMOTORS,339.9,342.25,332.25,333.85,0.691,-2.251,-1.78,2.251,0.691,0.691,21,3,2018
2018-03-22,TATAMOTORS,338.5,340.25,334.8,338.2,0.517,-1.093,-0.089,1.093,0.517,0.517,22,3,2018
2018-03-23,TATAMOTORS,330.0,334.8,329.6,330.85,1.455,-0.121,0.258,1.455,0.121,0.121,23,3,2018
2018-03-26,TATAMOTORS,328.8,333.9,324.3,332.35,1.551,-1.369,1.08,1.551,1.369,1.369,26,3,2018
2018-03-27,TATAMOTORS,333.95,335.8,330.1,331.15,0.554,-1.153,-0.838,1.153,0.554,0.554,27,3,2018
2018-03-28,TATAMOTORS,331.5,333.65,325.2,326.85,0.649,-1.9,-1.403,1.9,0.649,0.649,28,3,2018
2018-04-02,TATAMOTORS,335.0,340.8,332.7,339.15,1.731,-0.687,1.239,1.731,0.687,0.687,2,4,2018
2018-04-03,TATAMOTORS,338.4,344.5,337.15,343.1,1.803,-0.369,1.389,1.803,0.369,0.369,3,4,2018
2018-04-04,TATAMOTORS,346.8,363.7,346.25,355.6,4.873,-0.159,2.537,4.873,0.159,0.159,4,4,2018
2018-04-05,TATAMOTORS,362.6,372.35,359.8,362.2,2.689,-0.772,-0.11,2.689,0.772,0.772,5,4,2018
2018-04-06,TATAMOTORS,362.0,368.35,356.45,364.1,1.754,-1.533,0.58,1.754,1.533,1.533,6,4,2018
2018-04-09,TATAMOTORS,361.9,368.6,357.0,358.3,1.851,-1.354,-0.995,1.851,1.354,1.354,9,4,2018
2018-04-10,TATAMOTORS,360.5,362.35,351.5,353.25,0.513,-2.497,-2.011,2.497,0.513,0.513,10,4,2018
2018-04-11,TATAMOTORS,355.0,357.15,350.5,355.8,0.606,-1.268,0.225,1.268,0.606,0.606,11,4,2018
2018-04-12,TATAMOTORS,358.0,364.4,357.0,358.4,1.788,-0.279,0.112,1.788,0.279,0.279,12,4,2018
2018-04-13,TATAMOTORS,357.9,361.0,354.4,357.05,0.866,-0.978,-0.237,0.978,0.866,0.866,13,4,2018
2018-04-16,TATAMOTORS,350.8,352.8,337.55,339.15,0.57,-3.777,-3.321,3.777,0.57,0.57,16,4,2018
2018-04-17,TATAMOTORS,342.3,344.2,332.6,336.45,0.555,-2.834,-1.709,2.834,0.555,0.555,17,4,2018
2018-04-18,TATAMOTORS,338.2,339.75,333.4,334.8,0.458,-1.419,-1.005,1.419,0.458,0.458,18,4,2018
2018-04-19,TATAMOTORS,336.5,337.0,332.5,334.25,0.149,-1.189,-0.669,1.189,0.149,0.149,19,4,2018
2018-04-20,TATAMOTORS,335.95,343.25,334.6,336.0,2.173,-0.402,0.015,2.173,0.402,0.402,20,4,2018
2018-04-23,TATAMOTORS,335.95,339.5,333.0,334.05,1.057,-0.878,-0.566,1.057,0.878,0.878,23,4,2018
2018-04-24,TATAMOTORS,334.8,335.0,330.6,331.55,0.06,-1.254,-0.971,1.254,0.06,0.06,24,4,2018
2018-04-25,TATAMOTORS,330.8,334.0,327.75,328.6,0.967,-0.922,-0.665,0.967,0.922,0.922,25,4,2018
2018-04-26,TATAMOTORS,329.9,335.95,326.0,330.25,1.834,-1.182,0.106,1.834,1.182,1.182,26,4,2018
2018-04-27,TATAMOTORS,333.0,337.65,331.05,336.9,1.396,-0.586,1.171,1.396,0.586,0.586,27,4,2018
2018-04-30,TATAMOTORS,338.5,342.75,337.25,340.4,1.256,-0.369,0.561,1.256,0.369,0.369,30,4,2018
2018-05-02,TATAMOTORS,349.2,351.65,335.0,336.05,0.702,-4.066,-3.766,4.066,0.702,0.702,2,5,2018
2018-05-03,TATAMOTORS,335.5,335.9,329.15,333.5,0.119,-1.893,-0.596,1.893,0.119,0.119,3,5,2018
2018-05-04,TATAMOTORS,333.75,337.3,329.5,334.4,1.064,-1.273,0.195,1.273,1.064,1.064,4,5,2018
2018-05-08,TATAMOTORS,336.3,336.6,330.25,332.15,0.089,-1.799,-1.234,1.799,0.089,0.089,8,5,2018
2018-05-15,TATAMOTORS,324.0,324.05,305.7,310.1,0.015,-5.648,-4.29,5.648,0.015,0.015,15,5,2018
2018-05-16,TATAMOTORS,309.95,315.75,306.7,310.25,1.871,-1.049,0.097,1.871,1.049,1.049,16,5,2018
2018-05-17,TATAMOTORS,313.1,319.5,309.3,314.9,2.044,-1.214,0.575,2.044,1.214,1.214,17,5,2018
2018-05-18,TATAMOTORS,314.75,315.0,303.5,304.6,0.079,-3.574,-3.225,3.574,0.079,0.079,18,5,2018
2018-05-21,TATAMOTORS,304.75,307.2,294.7,295.9,0.804,-3.298,-2.904,3.298,0.804,0.804,21,5,2018
2018-05-23,TATAMOTORS,311.1,317.25,305.4,309.45,1.977,-1.832,-0.53,1.977,1.832,1.832,23,5,2018
2018-05-24,TATAMOTORS,300.0,307.65,284.1,288.65,2.55,-5.3,-3.783,5.3,2.55,2.55,24,5,2018
2018-05-25,TATAMOTORS,290.4,297.45,286.25,294.15,2.428,-1.429,1.291,2.428,1.429,1.429,25,5,2018
2018-05-28,TATAMOTORS,293.75,299.9,290.3,296.3,2.094,-1.174,0.868,2.094,1.174,1.174,28,5,2018
2018-05-29,TATAMOTORS,296.8,300.0,293.0,294.65,1.078,-1.28,-0.724,1.28,1.078,1.078,29,5,2018
2018-05-30,TATAMOTORS,289.95,292.25,286.15,288.9,0.793,-1.311,-0.362,1.311,0.793,0.793,30,5,2018
2018-05-31,TATAMOTORS,289.95,290.85,281.6,282.5,0.31,-2.88,-2.569,2.88,0.31,0.31,31,5,2018
2018-06-01,TATAMOTORS,284.5,290.35,283.05,287.2,2.056,-0.51,0.949,2.056,0.51,0.51,1,6,2018
2018-06-04,TATAMOTORS,292.5,293.85,286.0,286.65,0.462,-2.222,-2.0,2.222,0.462,0.462,4,6,2018
2018-06-05,TATAMOTORS,286.65,288.25,283.6,284.95,0.558,-1.064,-0.593,1.064,0.558,0.558,5,6,2018
2018-06-06,TATAMOTORS,286.85,296.9,285.25,295.65,3.504,-0.558,3.068,3.504,0.558,0.558,6,6,2018
2018-06-07,TATAMOTORS,296.3,306.9,295.25,305.4,3.577,-0.354,3.071,3.577,0.354,0.354,7,6,2018
2018-06-08,TATAMOTORS,305.7,315.55,302.4,309.95,3.222,-1.079,1.39,3.222,1.079,1.079,8,6,2018
2018-06-11,TATAMOTORS,310.9,313.9,306.65,309.75,0.965,-1.367,-0.37,1.367,0.965,0.965,11,6,2018
2018-06-12,TATAMOTORS,310.95,313.65,307.2,307.8,0.868,-1.206,-1.013,1.206,0.868,0.868,12,6,2018
2018-06-13,TATAMOTORS,309.2,311.25,307.0,308.4,0.663,-0.712,-0.259,0.712,0.663,0.663,13,6,2018
2018-06-14,TATAMOTORS,308.5,309.6,303.8,305.9,0.357,-1.524,-0.843,1.524,0.357,0.357,14,6,2018
2018-06-15,TATAMOTORS,305.75,307.65,300.55,302.95,0.621,-1.701,-0.916,1.701,0.621,0.621,15,6,2018
2018-06-18,TATAMOTORS,302.9,311.0,302.1,308.8,2.674,-0.264,1.948,2.674,0.264,0.264,18,6,2018
2018-06-19,TATAMOTORS,309.6,312.8,303.3,305.05,1.034,-2.035,-1.47,2.035,1.034,1.034,19,6,2018
2018-06-20,TATAMOTORS,304.9,308.25,304.05,305.6,1.099,-0.279,0.23,1.099,0.279,0.279,20,6,2018
2018-06-21,TATAMOTORS,307.9,308.5,305.5,307.0,0.195,-0.779,-0.292,0.779,0.195,0.195,21,6,2018
2018-06-22,TATAMOTORS,306.85,308.9,303.2,308.0,0.668,-1.19,0.375,1.19,0.668,0.668,22,6,2018
2018-06-27,TATAMOTORS,278.5,279.5,270.0,271.05,0.359,-3.052,-2.675,3.052,0.359,0.359,27,6,2018
2018-06-28,TATAMOTORS,272.0,272.65,261.85,263.35,0.239,-3.732,-3.18,3.732,0.239,0.239,28,6,2018
2018-06-29,TATAMOTORS,265.45,270.5,262.65,269.3,1.902,-1.055,1.45,1.902,1.055,1.055,29,6,2018
2018-07-02,TATAMOTORS,276.0,276.05,265.6,266.7,0.018,-3.768,-3.37,3.768,0.018,0.018,2,7,2018
2018-07-03,TATAMOTORS,269.5,271.5,267.2,269.45,0.742,-0.853,-0.019,0.853,0.742,0.742,3,7,2018
2018-07-04,TATAMOTORS,270.0,271.5,265.65,267.05,0.556,-1.611,-1.093,1.611,0.556,0.556,4,7,2018
2018-07-05,TATAMOTORS,263.5,263.75,252.55,261.55,0.095,-4.156,-0.74,4.156,0.095,0.095,5,7,2018
2018-07-06,TATAMOTORS,262.0,272.5,261.85,270.85,4.008,-0.057,3.378,4.008,0.057,0.057,6,7,2018
2018-07-09,TATAMOTORS,274.6,277.0,272.05,273.5,0.874,-0.929,-0.401,0.929,0.874,0.874,9,7,2018
2018-07-10,TATAMOTORS,274.9,276.9,272.9,275.45,0.728,-0.728,0.2,0.728,0.728,0.728,10,7,2018
2018-07-12,TATAMOTORS,269.6,272.0,265.5,266.1,0.89,-1.521,-1.298,1.521,0.89,0.89,12,7,2018
2018-07-13,TATAMOTORS,267.3,269.4,262.7,263.6,0.786,-1.721,-1.384,1.721,0.786,0.786,13,7,2018
2018-07-16,TATAMOTORS,260.5,260.8,250.5,252.1,0.115,-3.839,-3.225,3.839,0.115,0.115,16,7,2018
2018-07-17,TATAMOTORS,253.0,259.0,252.3,257.95,2.372,-0.277,1.957,2.372,0.277,0.277,17,7,2018
2018-07-19,TATAMOTORS,254.0,257.85,251.2,252.5,1.516,-1.102,-0.591,1.516,1.102,1.102,19,7,2018
2018-07-20,TATAMOTORS,252.7,254.0,251.0,253.4,0.514,-0.673,0.277,0.673,0.514,0.514,20,7,2018
2018-07-23,TATAMOTORS,254.95,259.5,251.1,258.75,1.785,-1.51,1.49,1.785,1.51,1.51,23,7,2018
2018-07-24,TATAMOTORS,258.75,263.75,257.1,258.8,1.932,-0.638,0.019,1.932,0.638,0.638,24,7,2018
2018-07-25,TATAMOTORS,260.0,261.7,256.1,257.85,0.654,-1.5,-0.827,1.5,0.654,0.654,25,7,2018
2018-07-26,TATAMOTORS,260.1,263.0,257.5,258.25,1.115,-1.0,-0.711,1.115,1.0,1.0,26,7,2018
2018-07-27,TATAMOTORS,259.1,269.7,258.55,268.15,4.091,-0.212,3.493,4.091,0.212,0.212,27,7,2018
2018-07-30,TATAMOTORS,267.75,271.65,266.2,267.5,1.457,-0.579,-0.093,1.457,0.579,0.579,30,7,2018
2018-07-31,TATAMOTORS,268.95,270.45,262.2,264.1,0.558,-2.51,-1.803,2.51,0.558,0.558,31,7,2018
2018-08-02,TATAMOTORS,263.45,266.45,258.7,260.85,1.139,-1.803,-0.987,1.803,1.139,1.139,2,8,2018
2018-08-03,TATAMOTORS,262.15,263.85,257.6,258.45,0.648,-1.736,-1.411,1.736,0.648,0.648,3,8,2018
2018-08-06,TATAMOTORS,259.95,261.8,252.5,254.05,0.712,-2.866,-2.27,2.866,0.712,0.712,6,8,2018
2018-08-07,TATAMOTORS,255.2,256.0,250.55,251.6,0.313,-1.822,-1.411,1.822,0.313,0.313,7,8,2018
2018-08-08,TATAMOTORS,253.5,258.25,251.85,255.15,1.874,-0.651,0.651,1.874,0.651,0.651,8,8,2018
2018-08-09,TATAMOTORS,256.65,260.4,255.5,257.85,1.461,-0.448,0.468,1.461,0.448,0.448,9,8,2018
2018-08-10,TATAMOTORS,257.25,258.65,249.55,250.1,0.544,-2.993,-2.779,2.993,0.544,0.544,10,8,2018
2018-08-13,TATAMOTORS,249.25,249.7,243.1,248.7,0.181,-2.467,-0.221,2.467,0.181,0.181,13,8,2018
2018-08-14,TATAMOTORS,248.6,249.85,247.2,248.8,0.503,-0.563,0.08,0.563,0.503,0.503,14,8,2018
2018-08-16,TATAMOTORS,245.8,252.8,245.25,251.3,2.848,-0.224,2.238,2.848,0.224,0.224,16,8,2018
2018-08-17,TATAMOTORS,253.7,260.1,253.0,258.25,2.523,-0.276,1.793,2.523,0.276,0.276,17,8,2018
2018-08-20,TATAMOTORS,261.85,271.85,259.2,270.1,3.819,-1.012,3.151,3.819,1.012,1.012,20,8,2018
2018-08-21,TATAMOTORS,271.85,274.7,266.7,268.8,1.048,-1.894,-1.122,1.894,1.048,1.048,21,8,2018
2018-08-24,TATAMOTORS,257.0,258.65,255.0,255.5,0.642,-0.778,-0.584,0.778,0.642,0.642,24,8,2018
2018-08-27,TATAMOTORS,257.0,259.5,256.5,258.8,0.973,-0.195,0.7,0.973,0.195,0.195,27,8,2018
2018-08-28,TATAMOTORS,261.7,263.25,259.05,260.0,0.592,-1.013,-0.65,1.013,0.592,0.592,28,8,2018
2018-08-29,TATAMOTORS,261.05,263.5,261.0,261.7,0.939,-0.019,0.249,0.939,0.019,0.019,29,8,2018
2018-08-30,TATAMOTORS,262.3,263.0,259.0,259.35,0.267,-1.258,-1.125,1.258,0.267,0.267,30,8,2018
2018-08-31,TATAMOTORS,259.1,268.25,258.1,267.5,3.531,-0.386,3.242,3.531,0.386,0.386,31,8,2018
2018-09-03,TATAMOTORS,271.4,273.0,265.25,266.6,0.59,-2.266,-1.769,2.266,0.59,0.59,3,9,2018
2018-09-04,TATAMOTORS,270.5,270.8,260.35,261.95,0.111,-3.752,-3.161,3.752,0.111,0.111,4,9,2018
2018-09-05,TATAMOTORS,261.0,271.0,255.4,266.5,3.831,-2.146,2.107,3.831,2.146,2.146,5,9,2018
2018-09-06,TATAMOTORS,269.7,272.0,263.85,269.95,0.853,-2.169,0.093,2.169,0.853,0.853,6,9,2018
2018-09-07,TATAMOTORS,269.55,279.9,269.25,277.4,3.84,-0.111,2.912,3.84,0.111,0.111,7,9,2018
2018-09-10,TATAMOTORS,276.0,282.0,271.75,275.7,2.174,-1.54,-0.109,2.174,1.54,1.54,10,9,2018
2018-09-11,TATAMOTORS,277.25,278.85,265.7,267.3,0.577,-4.166,-3.589,4.166,0.577,0.577,11,9,2018
2018-09-14,TATAMOTORS,265.0,269.6,263.4,266.6,1.736,-0.604,0.604,1.736,0.604,0.604,14,9,2018
2018-09-17,TATAMOTORS,263.35,264.1,259.65,260.25,0.285,-1.405,-1.177,1.405,0.285,0.285,17,9,2018
2018-09-18,TATAMOTORS,257.75,259.8,250.6,251.5,0.795,-2.774,-2.425,2.774,0.795,0.795,18,9,2018
2018-09-19,TATAMOTORS,253.55,255.0,251.0,252.6,0.572,-1.006,-0.375,1.006,0.572,0.572,19,9,2018
